"id","pmid","nam","des","syn","mol","form","iup","smi","pdb","kegg","hmdb","mp","ws","db","rec","ref"
"20001","123917","2;3-bis(3'-hydroxybenzyl)butyrolactone","lignand isolated from urine of humans and other mammals; RN given  refers to cpd without isomeric designation; structure given in second  source","Enterolactone  BHMDF  HPMF  2;3-Bhbb  trans-2;3-Bis(3-hydroxybenzyl)-gamma-butyrolactone  3;4-Bis((3-hydroxyphenyl)methyl)dihydro-2-(3H)-furanone  2;3-bis(3'-hydroxybenzyl)butyrolactone","298.33","C18H18O4","3;4-bis[(3-hydroxyphenyl)methyl]oxolan-2-one","C1C(C(C(=O)O1)CC2=CC(=CC=C2)O)CC3=CC(=CC=C3)O","NA","NA","NA","NA","NA","NA","Q9YHT3; P49884; P06212; Q91424; P57717; Q53AD2; Q9TV98; P03372; Q9YHZ7; P49886; Q9QZJ5; P57753; P19785; P16058; P50240; Q9YH33; P50241; O42132; Q29040","Pubchem"
"20002","5282280","2-arachidonylglycerol","binds to cannabinoid receptors; structure in first source","2-Arachidonylglycerol  2-Ara-Gl  2-AG","378.55","C23H38O4","1;3-dihydroxypropan-2-yl (5Z;8Z;11Z;14Z)-icosa-5;8;11;14-tetraenoate","CCCCCC=CCC=CCC=CCC=CCCCC(=O)OC(CO)CO","NA","C13856","HMDB0004666","NA","NA","NA","P47936","Pubchem"
"20003","92810","5-alpha-Dihydroprogesterone","A biologically active 5-alpha-reduced metabolite of plasma  PROGESTERONE. It is the immediate precursor of  5-alpha-pregnan-3-alpha-ol-20-one (ALLOPREGNANOLONE); a neuroactive  steroid that binds with GABA(A) RECEPTOR.","3;20-Allopregnanedione  5-alpha-Dihydroprogesterone  3;20-Dioxo-5alpha-pregnane  5alpha-Pregnane-3;20-dione  Allopregnane-3;20-dione  5beta-Pregnane-3;20-dione","316.48","C21H32O2","(5S;8R;9S;10S;13S;14S;17S)-17-acetyl-10;13-dimethyl-1;2;4;5;6;7;8;9;11;12;14;15;16;17-tetradecahydrocyclopenta[a]phenanthren-3-one","CC(=O)C1CCC2C1(CCC3C2CCC4C3(CCC(=O)C4)C)C","NA","C03681","HMDB0003759","200","NA","NA","Q9GLW0; P07812; P06401; P79373; Q00175; P06186; Q8AYI2; Q63449; Q28590; Q6Q6S5; Q8NG42; Q8NG43; Q8NG44; Q8TDS3; Q8UVY3","Pubchem; HMDB"
"20004","6238","17-alpha-Hydroxyprogesterone","A metabolite of PROGESTERONE with a hydroxyl group at the 17-alpha  position. It serves as an intermediate in the biosynthesis of  HYDROCORTISONE and GONADAL STEROID HORMONES.","Prodix  Prodox  Gestageno gador  hydroxyprogesterone  Proluton  Setaderm  Oxiprogesteronum  17-Hydroxyprogesterone  17-alpha-Hydroxyprogesterone  Idrossiprogesterone","330.46","C21H30O3","(8R;9S;10R;13S;14S;17R)-17-acetyl-17-hydroxy-10;13-dimethyl-2;6;7;8;9;11;12;14;15;16-decahydro-1H-cyclopenta[a]phenanthren-3-one","CC(=O)C1(CCC2C1(CCC3C2CCC4=CC(=O)CCC34C)C)O","NA","C01176","HMDB0000374","","6.48mg/ml at 27C","NA","P06401; Q8NG42; Q8NG43; Q8NG44; Q8TDS3","Pubchem; HMDB"
"20005","169870","17-alpha-hydroxy-progesterone caproate","NA","Delalutin 17-alpha-hydroxy-progesterone caproate  Primolut Depot  Estralutin  Hormofort  Hyproval  Kaprogest  Syngynon  Hylutin  Relutin  Lutate","428.6","C27H40O4","[(8R;9S;10R;13S;14S;17R)-17-acetyl-10;13-dimethyl-3-oxo-2;6;7;8;9;11;12;14;15;16-decahydro-1H-cyclopenta[a]phenanthren-17-yl] hexanoate","CCCCCC(=O)OC1(CCC2C1(CCC3C2CCC4=CC(=O)CCC34C)C)C(=O)C","NA","C08148; D00949","NA","NA","NA","NA","P06401; P06186; P59667","Pubchem"
"20006","440573","17-Hydroxypregnenolone","A 21-carbon steroid that is converted from PREGNENOLONE by STEROID  17-ALPHA-HYDROXYLASE. It is an intermediate in the delta-5 pathway of  biosynthesis of GONADAL STEROID HORMONES and the adrenal  CORTICOSTEROIDS.","17alpha-Hydroxypregnenolone","332.48","C21H32O3","1-[(3S;8R;9S;10R;13S;17R)-3;17-dihydroxy-10;13-dimethyl-1;2;3;4;7;8;9;11;12;14;15;16-dodecahydrocyclopenta[a]phenanthren-17-yl]ethanone","CC(=O)C1(CCC2C1(CCC3C2CC=C4C3(CCC(C4)O)C)C)O","NA","C05138","HMDB0000363","NA","NA","NA","Q8SQ01; O54915; Q9R1A7; Q8JIZ9; Q8QGH6; Q8SQ00; Q8SQ02","Pubchem; HMDB"
"20007","11222","18-hydroxycorticosterone","11 beta;18;21-Trihydroxypregn-4-ene-3;20-dione.","18-HYDROXYCORTICOSTERONE  11beta;18;21-Trihydroxypregn-4-ene-3;20-dione","362.46","C21H30O5","(8S;9S;10R;11S;13R;14S;17S)-11-hydroxy-17-(2-hydroxyacetyl)-13-(hydroxymethyl)-10-methyl-1;2;6;7;8;9;11;12;14;15;16;17-dodecahydrocyclopenta[a]phenanthren-3-one","CC12CCC(=O)C=C1CCC3C2C(CC4(C3CCC4C(=O)CO)CO)O","NA","C01124","HMDB0000319","NA","NA","NA","NA","Pubchem"
"20008","8956","20-alpha-Dihydroprogesterone","A biologically active 20-alpha-reduced metabolite of PROGESTERONE. It  is converted from progesterone to 20-alpha-hydroxypregn-4-en-3-one by  the 20-ALPHA-HYDROXYSTEROID DEHYDROGENASE in the CORPUS LUTEUM and the  PLACENTA.","Dihydrogesterone  20alpha-Progerol  Progesterol-20-alpha  20-alpha-Dihydroprogesterone  20(S)-Hydroxyprogesterone  20alpha-Dihydroprognenolone  20-alpha-Hydroxyprogesterone","316.48","C21H32O2","(8S;9S;10R;13S;14S;17S)-17-(1-hydroxyethyl)-10;13-dimethyl-1;2;6;7;8;9;11;12;14;15;16;17-dodecahydrocyclopenta[a]phenanthren-3-one","CC(C1CCC2C1(CCC3C2CCC4=CC(=O)CCC34C)C)O","1MRQ","C04042","HMDB0003069","NA","NA","NA","NA","Pubchem; HMDB"
"20009","636374","Alclometasone dipropionate","NA","Aclovate alclometasone dipropionate  alclometasone  Aclosone  Legederm  Modrasone Delonal Almeta  Vaderm","521.04","C28H37ClO7","[(7R;8S;9S;10R;11S;13S;14S;16R;17R)-7-chloro-11-hydroxy-10;13;16-trimethyl-3-oxo-17-(2-propanoyloxyacetyl)-7;8;9;11;12;14;15;16-octahydro-6H-cyclopenta[a]phenanthren-17-yl] propanoate","CCC(=O)OCC(=O)C1(C(CC2C1(CC(C3C2C(CC4=CC(=O)C=CC34C)Cl)O)C)C)OC(=O)CC","NA","D01820","NA","NA","NA","DB00240","NA","Pubchem"
"20010","5839","Aldosterone","A hormone secreted by the ADRENAL CORTEX that regulates electrolyte  and water balance by increasing the renal retention of sodium and the  excretion of potassium.","ALDOSTERONE Electrocortin  Aldocortin  Elektrocortin  Aldocorten  Aldocortene  d-Aldosterone  Reichstein X  (+)-Aldosterone  18-Oxocorticosterone","360.44","C21H28O5","(8S;9S;10R;11S;13R;14S;17S)-11-hydroxy-17-(2-hydroxyacetyl)-10-methyl-3-oxo-1;2;6;7;8;9;11;12;14;15;16;17-dodecahydrocyclopenta[a]phenanthrene-13-carbaldehyde","CC12CCC(=O)C=C1CCC3C2C(CC4(C3CCC4C(=O)CO)C=O)O","NA","C01780","HMDB0000037","166.5","51.2mg/ml at 37C","DB04630","P08235","Pubchem; HMDB"
"20011","11687","Algestone","A synthetic progestational dihydroxy derivative of PROGESTERONE. Its  acetonide possesses anti-inflammatory properties.","Alphasone Algestone  Dihydroxyprogesterone Algestonum  Algestona  16alpha;17-Dihydroxypregn-4-ene-3;20-dione","346.46","C21H30O4","(8R;9S;10R;13S;14S;16R;17S)-17-acetyl-16;17-dihydroxy-10;13-dimethyl-2;6;7;8;9;11;12;14;15;16-decahydro-1H-cyclopenta[a]phenanthren-3-one","CC(=O)C1(C(CC2C1(CCC3C2CCC4=CC(=O)CCC34C)C)O)O","NA","C06391","NA","225","NA","NA","NA","Pubchem"
"20012","32327","Algestone Acetophenide","A progesterone that has been used in ESTRUS SYNCHRONIZATION and has  been evaluated as an injectable contraceptive in combination with  estradiol enanthate. It is also used therapeutically as a topical  anti-inflammatory and is applied topically in the treatment of  ACNE.","Deladroxone  Bovitrol  Neolutin  Droxone  Algeston acetofenid  P-Dhp  Alphasone acetophenide","448.59","C29H36O4","NA","CC(=O)C12C(CC3C1(CCC4C3CCC5=CC(=O)CCC45C)C)OC(O2)(C)C6=CC=CC=C6","NA","NA","NA","150.5","NA","NA","NA","Pubchem"
"20013","235905","Allylestrenol","A synthetic steroid with progestational activity.","allylestrenol Gestanin Gestanol  Gestanon Gestanyn  Orageston  Organon  Turinal Gestormone","300.48","C21H32O","(8R;9S;10R;13S;14S;17R)-13-methyl-17-prop-2-enyl-2;3;6;7;8;9;10;11;12;14;15;16-dodecahydro-1H-cyclopenta[a]phenanthren-17-ol","CC12CCC3C(C1CCC2(CC=C)O)CCC4=CCCCC34","NA","C12811; D01374","NA","NA","NA","DB01431","NA","Pubchem"
"20014","441301","Androstane-3;17-diol","The unspecified form of the steroid; normally a major metabolite of  TESTOSTERONE with androgenic activity. It has been implicated as a  regulator of gonadotropin secretion.","Androstanediol  ANDROSTANE-3;17-DIOL","292.46","C19H32O2","(3R;5S;8R;9S;10S;13S;14S)-10;13-dimethyl-2;3;4;5;6;7;8;9;11;12;14;15;16;17-tetradecahydro-1H-cyclopenta[a]phenanthrene-3;17-diol","CC12CCC(CC1CCC3C2CCC4(C3CCC4O)C)O","NA","C07632","HMDB0000495","NA","NA","NA","NA","Pubchem; HMDB"
"20015","10635","Dihydrotestosterone","A potent androgenic metabolite of TESTOSTERONE. Dihydrotestosterone  (DHT) is generated by a 5-alpha reduction of testosterone. Unlike  testosterone; DHT cannot be aromatized to ESTRADIOL therefore DHT is  considered a pure androgenic steroid.","Androstanolone Dihydrotestosterone  Andractim Anaboleen  Androlone  Stanaprol  Anabolex Proteina Protona STANOLONE","290.44","C19H30O2","(5S;8R;9S;10S;13S;14S;17S)-17-hydroxy-10;13-dimethyl-1;2;4;5;6;7;8;9;11;12;14;15;16;17-tetradecahydrocyclopenta[a]phenanthren-3-one","CC12CCC(=O)CC1CCC3C2CCC4(C3CCC4O)C","1D2S;1F5F;1KDK;1KDM;1T73;1T74;1T76;1T79;1T7F;1T7M;1T7R;1T7T;1T5Z;1T63;1T65;1XJ7;2AMA;2PIO;2PIP;2PIQ;","C03917; D07456","HMDB0002961","181","5.25E+05mg/ml at 25C","DB02901","P10275; P15207","Pubchem; HMDB"
"20016","10634","Androstenediol","An intermediate in TESTOSTERONE biosynthesis; found in the TESTIS or  the ADRENAL GLANDS. Androstenediol; derived from  DEHYDROEPIANDROSTERONE by the reduction of the 17-keto group  (17-HYDROXYSTEROID DEHYDROGENASES); is converted to TESTOSTERONE by  the oxidation of the 3-beta hydroxyl group to a 3","Androstenediol Hermaphrodiol Androst-5-enediol Tetrabol Neumune Tetrabol (TN) Delta 5-Androstenediol Androst-5-ene-3beta;17beta-diol","290.44","C19H30O2","(3S;8R;9S;10R;13S;14S;17S)-10;13-dimethyl-2;3;4;7;8;9;11;12;14;15;16;17-dodecahydro-1H-cyclopenta[a]phenanthrene-3;17-diol","CC12CCC3C(C1CCC2O)CC=C4C3(CCC(C4)O)C","NA","C04295; D00179","HMDB0003818","NA","NA","NA","Q9TT90; Q8MIK0; O97776; P10275; O97952; Q6QT55; P19091; O97775; O97960; Q9GKL7; P49699; Q7T1K4; P15207; O18925; O18928; O55065; O55066; O93244; O93245","Pubchem; HMDB"
"20017","6128","Androstenedione","A delta-4 C19 steroid that is produced not only in the TESTIS; but  also in the OVARY and the ADRENAL CORTEX. Depending on the tissue  type; androstenedione can serve as a precursor to TESTOSTERONE as well  as ESTRONE and ESTRADIOL.","androstenedione Androtex Andro 4-Androstenedione 4-Androstene-3;17-dione Androst-4-ene-3;17-dione Fecundin delta-4-Androstenedione 17-Ketotestosterone 3;17-Dioxoandrost-4-ene","286.41","C19H26O2","(8R;9S;10R;13S;14S)-10;13-dimethyl-2;6;7;8;9;11;12;14;15;16-decahydro-1H-cyclopenta[a]phenanthrene-3;17-dione","CC12CCC(=O)C=C1CCC3C2CCC4(C3CCC4=O)C","1QYX","C00280; D00051","HMDB0000053","158","57.8mg/ml at 25C","DB01536","Q9TT90; Q8MIK0; O97776; P10275; O97952; Q6QT55; P19091; O97775; O97960; Q9GKL7; P49699; Q7T1K4; P15207; O18925; O18928; O55065; O55066; O93244; O93245","Pubchem; HMDB"
"20018","5879","Androsterone","A metabolite of TESTOSTERONE or ANDROSTENEDIONE with a  3-alpha-hydroxyl group and without the double bond. The 3-beta  hydroxyl isomer is epiandrosterone.","androsterone Androkinine Androtine Atromide ICI 5alpha-Androsterone Aetiocholanolone cis-Androsterone","290.44","C19H30O2","(3R;5S;8R;9S;10S;13S;14S)-3-hydroxy-10;13-dimethyl-1;2;3;4;5;6;7;8;9;11;12;14;15;16-tetradecahydrocyclopenta[a]phenanthren-17-one","CC12CCC(CC1CCC3C2CCC4(C3CCC4=O)C)O","1YB1;1X8J","C00523","HMDB0000031","185","12mg/ml at 23C","NA","Q3SZL0; Q96RI1; Q60641; Q62735; Q811W9; Q811X0; Q811X1; Q811X2; Q8JHU2","Pubchem; HMDB"
"20019","20469","Beclomethasone","An anti-inflammatory; synthetic glucocorticoid. It is used topically  as an anti-inflammatory agent and in aerosol form for the treatment of  ASTHMA.","beclomethasone Becotide Beclometason Beclocort","408.92","C22H29ClO5","(8S;9R;10S;11S;13S;14S;16S;17R)-9-chloro-11;17-dihydroxy-17-(2-hydroxyacetyl)-10;13;16-trimethyl-6;7;8;11;12;14;15;16-octahydrocyclopenta[a]phenanthren-3-one","CC1CC2C3CCC4=CC(=O)C=CC4(C3(C(CC2(C1(C(=O)CO)O)C)O)Cl)C","NA","C06842; D07495","NA","NA","NA","DB00394","P79686; Q6XLJ0; P49115; P04150; P06537; P49843; O73673; Q9N1U3; Q5R9P5; P59667; P06536; P79269; O13186; O46567; P35547; Q95267; P49844; Q3MSN1; Q3MSN4","Pubchem"
"20020","21700","Beclomethasone dipropionate","An anti-inflammatory; synthetic glucocorticoid. It is used topically  as an anti-inflammatory agent and in aerosol form for the treatment of  ASTHMA.","Beclovent Beclomethasone Vanceril Becloturmant Becloforte Beclorhinol Sanasthmax Sanasthmyl Aldecina Aldecine Beclacin","521.04","C28H37ClO7","[(8S;9R;10S;11S;13S;14S;16S;17R)-9-chloro-11-hydroxy-10;13;16-trimethyl-3-oxo-17-(2-propanoyloxyacetyl)-6;7;8;11;12;14;15;16-octahydrocyclopenta[a]phenanthren-17-yl] propanoate","CCC(=O)OCC(=O)C1(C(CC2C1(CC(C3(C2CCC4=CC(=O)C=CC43C)Cl)O)C)C)OC(=O)CC","NA","C07813; D00689","NA","NA","NA","DB00394","P79686; Q6XLJ0; P49115; P04150; P06537; P49843; O73673; Q9N1U3; Q5R9P5; P59667; P06536; P79269; O13186; O46567; P35547; Q95267; P49844; Q3MSN1; Q3MSN4","Pubchem"
"20021","9782","Betamethasone","A glucocorticoid given orally; parenterally; by local injection; by  inhalation; or applied topically in the management of various  disorders in which corticosteroids are indicated. Its lack of  mineralocorticoid properties makes betamethasone particularly suitable  for treating cerebral edema and c","betamethasone Rinderon Celestone Betadexamethasone Betafluorene Betamamallet Betamethazone Flubenisolone Betacorlan Betacortril","392.46","C22H29FO5","(8S;9R;10S;11S;13S;14S;16S;17R)-9-fluoro-11;17-dihydroxy-17-(2-hydroxyacetyl)-10;13;16-trimethyl-6;7;8;11;12;14;15;16-octahydrocyclopenta[a]phenanthren-3-one","CC1CC2C3CCC4=CC(=O)C=CC4(C3(C(CC2(C1(C(=O)CO)O)C)O)F)C","NA","D00244","NA","232","66.5mg/ml at 25C","DB00443","P04150","Pubchem"
"20022","16533","Betamethasone 17-Valerate","The 17-valerate derivative of BETAMETHASONE. It has substantial  topical anti-inflammatory activity and relatively low systemic  anti-inflammatory activity.","beta-Val Betnovateat Celestoderm Betatrex Betnovate Betamethasone 17-Valerate Valisone Luxiq Betaderm Dermabet Valnac","476.58","C27H37FO6","[(8S;9R;10S;11S;13S;14S;16S;17R)-9-fluoro-11-hydroxy-17-(2-hydroxyacetyl)-10;13;16-trimethyl-3-oxo-6;7;8;11;12;14;15;16-octahydrocyclopenta[a]phenanthren-17-yl] pentanoate","CCCCC(=O)OC1(C(CC2C1(CC(C3(C2CCC4=CC(=O)C=CC43C)F)O)C)C)C(=O)CO","NA","D01357","NA","222","9.29mg/ml at 25C","DB00443","P04150","Pubchem"
"20023","65478","betamethasone sodium phosphate","phosphate ester of betamethasone; RN given refers to the di-Na salt  (11beta;16beta)-isomer; structure in Negwer;5th ed; 4975","Bentelan betamethasone sodium phosphate Betnesol Celestone Linolosal Linosal Celestone Soluspan Celestone Phosphate Betasone (Veterinary) beta-Methasone phosphate","516.4","C22H28FNa2O8P","disodium[2-[(8S;9R;10S;11S;13S;14S;16S;17R)-9-fluoro-11;17-dihydroxy-10;13;16-trimethyl-3-oxo-6;7;8;11;12;14;15;16-octahydrocyclopenta[a]phenanthren-17-yl]-2-oxoethyl] phosphate","CC1CC2C3CCC4=CC(=O)C=CC4(C3(C(CC2(C1(C(=O)COP(=O)([O-])[O-])O)C)O)F)C.[Na+].[Na+]","NA","D00972","NA","NA","NA","DB00443","P04150","Pubchem"
"20024","5280373","biochanin A","phytoestrogen; RN given refers to unlabeled cpd; structure","biochanin A Biochanin 4'-Methylgenistein olmelin Biochanine A Genistein 4-methyl ether 5;7-Dihydroxy-4'-methoxyisoflavone","284.26","C16H12O5","5;7-dihydroxy-3-(4-methoxyphenyl)chromen-4-one","COC1=CC=C(C=C1)C2=COC3=CC(=CC(=C3C2=O)O)O","NA","C00814","HMDB0002338","NA","NA","NA","Q9YHT3; P49884; P06212; Q91424; P57717; Q53AD2; Q9TV98; P03372; Q9YHZ7; P49886; Q9QZJ5; P57753; P19785; P16058; P50240; Q9YH33; P50241; O42132; Q29040","Pubchem"
"20025","6623","bisphenol A","xenoestrogen; RN given refers to parent cpd; structure","Bisphenol A Diphenylolpropane Diano Rikabanol Parabis A 4;4'-Bisphenol A Polycarbonate","228.29","C15H16O2","4-[2-(4-hydroxyphenyl)propan-2-yl]phenol","CC(C)(C1=CC=C(C=C1)O)C2=CC=C(C=C2)O","NA","C13624","NA","153","120mg/ml at 25C","NA","Q9YHT3; P49884; P06212; Q91424; P57717; Q53AD2; Q9TV98; P03372; Q9YHZ7; P49886; Q9QZJ5; P57753; P19785; P16058; P50240; Q9YH33; P50241; O42132; Q29040","Pubchem"
"20026","3033890","Budesonide","A glucocorticoid used in the management of ASTHMA; the treatment of  various skin disorders; and allergic RHINITIS.","budesonide Cortivent Entocort Micronyl Preferid Pulmicort Respules Rhinocort Spirocort Budeson","430.53","C25H34O6","NA","CCCC1OC2CC3C4CCC5=CC(=O)C=CC5(C4C(CC3(C2(O1)C(=O)CO)C)O)C","NA","NA","NA","226","NA","DB01222","P04150","Pubchem"
"20027","11289","Chlorotrianisene","A powerful synthetic; non-steroidal estrogen.","Chlorotrianizen Chlorestrolo Chlortrianisen Chlortrianisestrol Chlortrianisene Khlortrianizen Chloortrianisestrol","380.86","C23H21ClO3","1-[2-chloro-1;2-bis(4-methoxyphenyl)ethenyl]-4-methoxybenzene","COC1=CC=C(C=C1)C(=C(C2=CC=C(C=C2)OC)Cl)C3=CC=C(C=C3)OC","NA","D00269","NA","115","NA","DB00269","P03372","Pubchem"
"20028","5311051","Clobetasol","A derivative of PREDNISOLONE with high glucocorticoid activity and low  mineralocorticoid activity. Absorbed through the skin faster than  FLUOCINONIDE; it is used topically in treatment of PSORIASIS but may  cause marked adrenocortical suppression.","clobetasol Clobecort Amex","410.91","C22H28ClFO4","(8S;9R;10S;11S;13S;14S;16S;17R)-17-(2-chloroacetyl)-9-fluoro-11;17-dihydroxy-10;13;16-trimethyl-6;7;8;11;12;14;15;16-octahydrocyclopenta[a]phenanthren-3-one","CC1CC2C3CCC4=CC(=O)C=CC4(C3(C(CC2(C1(C(=O)CCl)O)C)O)F)C","NA","D07715","NA","NA","NA","NA","P79686; Q6XLJ0; P49115; P04150; P06537; P49843; O73673; Q9N1U3; Q5R9P5; P59667; P06536; P79269; O13186; O46567; P35547; Q95267; P49844; Q3MSN1; Q3MSN4","Pubchem"
"20029","32798","Clobetasol propionate","A derivative of PREDNISOLONE with high glucocorticoid activity and low  mineralocorticoid activity. Absorbed through the skin faster than  FLUOCINONIDE; it is used topically in treatment of PSORIASIS but may  cause marked adrenocortical suppression.","Clobex Clobetasol  Clobesol  Dermovate Temovate  Cormax  Luxiq  Temovate E  Embeline Olux","466.97","C25H32ClFO5","[(8S;9R;10S;11S;13S;14S;16S;17R)-17-(2-chloroacetyl)-9-fluoro-11-hydroxy-10;13;16-trimethyl-3-oxo-6;7;8;11;12;14;15;16-octahydrocyclopenta[a]phenanthren-17-yl] propanoate","CCC(=O)OC1(C(CC2C1(CC(C3(C2CCC4=CC(=O)C=CC43C)F)O)C)C)C(=O)CCl","NA","D01272","NA","222.5","3.86mg/ml at 25C","DB01013","P79686; Q6XLJ0; P49115; P04150; P06537; P49843; O73673; Q9N1U3; Q5R9P5; P59667; P06536; P79269; O13186; O46567; P35547; Q95267; P49844; Q3MSN1; Q3MSN4","Pubchem"
"20030","71386","Clobetasone butyrate","NA","Eumovate Molivate  Kindavate  Trimovate Emovate Kindavate (TN)  Clobetasone 17-butyrate clobetasone butyrate","478.98","C26H32ClFO5","[(8S;9R;10S;13S;14S;16S;17R)-17-(2-chloroacetyl)-9-fluoro-10;13;16-trimethyl-3;11-dioxo-7;8;12;14;15;16-hexahydro-6H-cyclopenta[a]phenanthren-17-yl] butanoate","CCCC(=O)OC1(C(CC2C1(CC(=O)C3(C2CCC4=CC(=O)C=CC43C)F)C)C)C(=O)CCl","NA","D01273","NA","95","0.6mg/ml at 25C","NA","NA","Pubchem"
"20031","440707","Cortodoxone","17;21-Dihydroxypregn-4-ene-3;20-dione. A 17-hydroxycorticosteroid with  glucocorticoid and anti-inflammatory activities.","Cortexolone 11-Deoxycortisol Reichstein S  Substance S  11 Deoxycortisol 11-Dioxycortisol  CORTODOXONE 11-Deoxyhydrocortisone","346.46","C21H30O4","(8R;9S;10R;13S;14S;17R)-17-hydroxy-17-(2-hydroxyacetyl)-10;13-dimethyl-2;6;7;8;9;11;12;14;15;16-decahydro-1H-cyclopenta[a]phenanthren-3-one","CC12CCC(=O)C=C1CCC3C2CCC4(C3CCC4(C(=O)CO)O)C","NA","C05488; D03595","HMDB0000015","NA","NA","NA","NA","Pubchem; HMDB"
"20032","5753","Corticosterone","An adrenocortical steroid that has modest but significant activities  as a mineralocorticoid and a glucocorticoid. (From Goodman and  Gilman's The Pharmacological Basis of Therapeutics; 8th ed; p1437)","CORTICOSTERONE Corticosteron  17-Deoxycortisol  Compound B  Kendall's compound B  Reichstein's B  Reichstein's substance H  cortisone  Cortico  Compd B","346.46","C21H30O4","(8S;9S;10R;11S;13S;14S;17S)-11-hydroxy-17-(2-hydroxyacetyl)-10;13-dimethyl-1;2;6;7;8;9;11;12;14;15;16;17-dodecahydrocyclopenta[a]phenanthren-3-one","CC12CCC(=O)C=C1CCC3C2C(CC4(C3CCC4C(=O)CO)C)O","1Y5R","C02140","HMDB0001547","181","199mg/ml at 25C","NA","P79686; Q6XLJ0; P49115; P04150; P06537; P49843; O73673; Q9N1U3; Q5R9P5; P59667; P06536; P79269; O13186; O46567; P35547; Q95267; P49844; Q3MSN1; Q3MSN4","Pubchem"
"20033","222786","Cortisone","A naturally occurring glucocorticoid. It has been used in replacement  therapy for adrenal insufficiency and as an anti-inflammatory agent.  Cortisone itself is inactive. It is converted in the liver to the  active metabolite HYDROCORTISONE. (From Martindale; The Extra  Pharmacopoeia; 30th ed; p726)","Adrenalex  Cortisate  Cortistal  Cortivite  Andreson  Cortisal  Cortogen  Cortone  Adreson Cortisone","360.44","C21H28O5","(8S;9S;10R;13S;14S;17R)-17-hydroxy-17-(2-hydroxyacetyl)-10;13-dimethyl-1;2;6;7;8;9;12;14;15;16-decahydrocyclopenta[a]phenanthrene-3;11-dione","CC12CCC(=O)C=C1CCC3C2C(=O)CC4(C3CCC4(C(=O)CO)O)C","3EB3","C00762; D07749","HMDB0002802","222","280mg/ml at 25C","NA","P79686; Q6XLJ0; P49115; P04150; P06537; P49843; O73673; Q9N1U3; Q5R9P5; P59667; P06536; P79269; O13186; O46567; P35547; Q95267; P49844; Q3MSN1; Q3MSN4","Pubchem; HMDB"
"20034","5281707","Coumestrol","A daidzein derivative occurring naturally in forage crops which has  some estrogenic activity.","Cumoestrol  Cumostrol  Chrysanthin  7;12-Dihydroxycoumestan","268.22","C15H8O5","3;9-dihydroxy-[1]benzoxolo[3;2-c]chromen-6-one","C1=CC2=C(C=C1O)OC3=C2C(=O)OC4=C3C=CC(=C4)O","NA","C10205","HMDB0002326","385","NA","NA","P03372; Q92731; Q16095; Q16405; Q9H1Z6; Q9H2M1; Q9H2M2; Q9UBT1; Q9UE35","Pubchem"
"20035","5281708","Daidzein","structure","daidzein  Daidzeol  Diadzein Isoaurostatin  4';7-Dihydroxyisoflavone  7;4'-Dihydroxyisoflavone","254.24","C15H10O4","7-hydroxy-3-(4-hydroxyphenyl)chromen-4-one","C1=CC(=CC=C1C2=COC3=C(C2=O)C=CC(=C3)O)O","NA","C10208","NA","323","NA","NA","Q9W669; Q9IAL9; O13012; Q9XSB5; Q95171; Q9PTU5; O93511; Q92731; Q9IAK1; Q9TTE5; P57781; O08537; P57782; Q9YH32; Q9XSW2; Q62986; Q9TU15; Q9W6M2; Q9PVE2","Pubchem"
"20036","5881","Dehydroepiandrosterone","A major C19 steroid produced by the ADRENAL CORTEX. It is also  produced in small quantities in the TESTIS and the OVARY.  Dehydroepiandrosterone (DHEA) can be converted to TESTOSTERONE;  ANDROSTENEDIONE; ESTRADIOL; and ESTRONE. Most of DHEA is sulfated  (DEHYDROEPIANDROSTERONE SULFATE) before secre","Dehydroepiandrosterone Androstenolone Psicosterone  Diandrone  Diandron  DHEA Prestara  PRASTERONE Andrestenol","288.42","C19H28O2","(3S;8R;9S;10R;13S;14S)-3-hydroxy-10;13-dimethyl-1;2;3;4;7;8;9;11;12;14;15;16-dodecahydrocyclopenta[a]phenanthren-17-one","CC12CCC3C(C1CCC2=O)CC=C4C3(CCC(C4)O)C","1E3R;1COY","C01227","HMDB0000077","95","63.5mg/ml at 25C","NA","Q95N78; O35507; Q07869; P23204; Q8HYL6; P37230; P37232; O75469; Q8SQ01; O54915; Q9R1A7; Q9YHT3; P49884; P06212; Q91424; P57717; Q53AD2; Q9TV98; P03372","Pubchem"
"20037","13308","Dehydrotestosterone","RN given refers to (17beta)-isomer","Boldenone Dehydrotestosterone 1-Dehydrotestosterone  17beta-Boldenone dehydrotestosterone  delta1-Testosterone  1;2-Dehydrotestosterone  1;2-Didehydrotestosterone  Boldenone (INN)  Boldenonum  Boldeno","286.41","C19H26O2","(8R;9S;10R;13S;14S;17S)-17-hydroxy-10;13-dimethyl-6;7;8;9;11;12;14;15;16;17-decahydrocyclopenta[a]phenanthren-3-one","CC12CCC3C(C1CCC2O)CCC4=CC(=O)C=CC34C","NA","C14502; D07536","NA","165","NA","DB01541","P10275","Pubchem"
"20038","40973","Desogestrel","A synthetic progestational hormone used often as the progestogenic  component of combined oral contraceptive agents.","Desogestrel  Cerazette Marvelon Cyclessa  Mircette  Kariva  ortho-Cept  Mixture Name  Desogestrelum","310.47","C22H30O","(8S;9S;10R;13S;14S;17R)-13-ethyl-17-ethynyl-11-methylidene-1;2;3;6;7;8;9;10;12;14;15;16-dodecahydrocyclopenta[a]phenanthren-17-ol","CCC12CC(=C)C3C(C1CCC2(C#C)O)CCC4=CCCCC34","NA","C07629; D02367","NA","109.5","NA","DB00304","P03372; P06401; Q9H2M1; Q9H2M2; Q6TZ07; Q6TZ08; Q8NG42; Q8NG44; Q8NG45; Q8TDS3","Pubchem"
"20039","5311067","Desoximetasone","A topical anti-inflammatory glucocorticoid used in DERMATOSES; skin  allergies; PSORIASIS; etc.","Desoximetasone  Topicort","376.46","C22H29FO4","(8S;9R;10S;11S;13S;14S;16R;17S)-9-fluoro-11-hydroxy-17-(2-hydroxyacetyl)-10;13;16-trimethyl-7;8;11;12;14;15;16;17-octahydro-6H-cyclopenta[a]phenanthren-3-one","CC1CC2C3CCC4=CC(=O)C=CC4(C3(C(CC2(C1C(=O)CO)C)O)F)C","NA","D03697","NA","NA","NA","DB00547","P79686; Q6XLJ0; P49115; P04150; P06537; P49843; O73673; Q9N1U3; Q5R9P5; P59667; P06536; P79269; O13186; O46567; P35547; Q95267; P49844; Q3MSN1; Q3MSN4","Pubchem"
"20040","5952","Desoxycorticosterone acetate","21-Hydroxypregn-4-ene-3;20-dione. Desoxycorticosterone acetate (DOCA)  is used as replacement therapy in ADDISON DISEASE.","Percotol  Descorterone  Desoxycortonum  Desoxykorton  Decosteron  Decostrate  Docaquosum  Dorcostrin  Krinocorts","372.5","C23H32O4","[2-[(8S;9S;10R;13S;14S;17S)-10;13-dimethyl-3-oxo-1;2;6;7;8;9;11;12;14;15;16;17-dodecahydrocyclopenta[a]phenanthren-17-yl]-2-oxoethyl] acetate","CC(=O)OCC(=O)C1CCC2C1(CCC3C2CCC4=CC(=O)CCC34C)C","NA","C14554; D03698","NA","157","8.73mg/ml at 25C","NA","NA","Pubchem"
"20041","6166","Desoxycorticosterone","21-Hydroxypregn-4-ene-3;20-dione. Desoxycorticosterone acetate (DOCA)  is used as replacement therapy in ADDISON DISEASE.","Desoxycortone Desoxycorticosterone  Cortexone Desossicortone  Desoxicortonum  Deoxycortone  11-Deoxycorticosterone  21-Hydroxyprogesterone  Deoxycorticosterone Desoxycorticosteronum","330.46","C21H30O3","(8S;9S;10R;13S;14S;17S)-17-(2-hydroxyacetyl)-10;13-dimethyl-1;2;6;7;8;9;11;12;14;15;16;17-dodecahydrocyclopenta[a]phenanthren-3-one","CC12CCC3C(C1CCC2C(=O)CO)CCC4=CC(=O)CCC34C","1Y9R;2AA7;2Q3Y","C03205; D07792","HMDB0000016","141.5","59.5mg/ml at 37C","NA","P08235","Pubchem; HMDB"
"20042","5743","Dexamethasone","An anti-inflammatory 9-fluoro-glucocorticoid.","Dexamethasone  Dexamethazone  Decadron  Maxidex Desametasone  Prednisolone F  Deltafluorene  Mediamethasone  Cortisumman","392.46","C22H29FO5","(8S;9R;10S;11S;13S;14S;16R;17R)-9-fluoro-11;17-dihydroxy-17-(2-hydroxyacetyl)-10;13;16-trimethyl-6;7;8;11;12;14;15;16-octahydrocyclopenta[a]phenanthren-3-one","CC1CC2C3CCC4=CC(=O)C=CC4(C3(C(CC2(C1(C(=O)CO)O)C)O)F)C","NA","D00292","NA","262","89mg/ml at 25C","DB01234","P51843; P04150","Pubchem"
"20043","16752","Dexamethasone Isonicotinate","An anti-inflammatory; anti-allergic glucocorticoid that can be  administered orally; by inhalation; locally; and parenterally. It may  cause water and salt retention.","Auxiloson  Auxilson  Auxilsone  Voren  Auxison Dexamethasone 21-isonicotinate  Dexamethasone  Isonicotinate","497.56","C28H32FNO6","[2-[(8S;9R;10S;11S;13S;14S;16R;17R)-9-fluoro-11;17-dihydroxy-10;13;16-trimethyl-3-oxo-6;7;8;11;12;14;15;16-octahydrocyclopenta[a]phenanthren-17-yl]-2-oxoethyl]pyridine-4-carboxylate","CC1CC2C3CCC4=CC(=O)C=CC4(C3(C(CC2(C1(C(=O)COC(=O)C5=CC=NC=C5)O)C)O)F)C","NA","NA","NA","NA","NA","NA","NA","Pubchem"
"20044","12594","DHEA sulfate","The circulating form of a major C19 steroid produced primarily by the  ADRENAL CORTEX. DHEA sulfate serves as a precursor for TESTOSTERONE;  ANDROSTENEDIONE; ESTRADIOL; and ESTRONE.","DHEA sulfate Dehydroepiandrosterone Sulfate  Prasterone sulfate Sulfate; DHA  Sulfate; Prasterone  Dehydroandrosterone sulfate  DHEA-S","368.49","C19H28O5S","[(3S;8R;9S;10R;13S;14S)-10;13-dimethyl-17-oxo-1;2;3;4;7;8;9;11;12;14;15;16-dodecahydrocyclopenta[a]phenanthren-3-yl] hydrogen sulfate","CC12CCC3C(C1CCC2=O)CC=C4C3(CCC(C4)OS(=O)(=O)O)C","NA","C04555","HMDB0001032","NA","NA","NA","Q95N78; O35507; Q07869; P23204; Q8HYL6; P37230; P37232; Q0ZAQ8; Q03181; P35396; P37233; O18971; Q4U3Q4; P57797; P37231; O18924; P37238; O62807; O19052","Pubchem"
"20045","667476","Dienestrol","A synthetic; non-steroidal estrogen structurally related to  stilbestrol. It is used; usually as the cream; in the treatment of  menopausal and postmenopausal symptoms.","Dienestrol  Dehydrostilbestrol  Dienoestrol bp  alpha-Dienestrol  Dienoestrolum  Mesohexestrol  Cycladiene  Dienoestrol Dienestrol  Estraguard  Estrodienol","266.33","C18H18O2","4-[(2E;4E)-4-(4-hydroxyphenyl)hexa-2;4-dien-3-yl]phenol","CC=C(C1=CC=C(C=C1)O)C(=CC)C2=CC=C(C=C2)O","NA","C08090; D00898","NA","227.5","3mg/ml at 37C","DB00890","P03372","Pubchem"
"20046","448537","Diethylstilbestrol","A synthetic nonsteroidal estrogen used in the treatment of menopausal  and postmenopausal disorders. It was also used formerly as a growth  promoter in animals. According to the Fourth Annual Report on  Carcinogens (NTP 85-002; 1985); diethylstilbestrol has been listed as  a known carcinogen. (Merck","Diethylstilbestrol  Stilbestrol Agostilben Stilbetin  Vagestrol  Stilboestroform  Menostilbeen  Oestrogenine  Oestromenin  Oestromensyl","268.35","C18H20O2","4-[(E)-4-(4-hydroxyphenyl)hex-3-en-3-yl]phenol","CCC(=C(CC)C1=CC=C(C=C1)O)C2=CC=C(C=C2)O","NA","C07620; D00577","NA","170.5","12mg/ml at 25C","DB00255","P03372; P62510; P62508","Pubchem"
"20047","71414","Diflorasone diacetate","RN given refers to (6alpha;11beta;16beta)-isomer; structure","Florone diflorasone diacetate  Psorcon Maxiflor diflorasone diacetate  diflorasone Apexicon e  Psorcon (TN)  Diflorasone di(acetate)","494.52","C26H32F2O7","[(6S;8S;9R;10S;11S;13S;14S;16S;17R)-17-(2-acetyloxyacetyl)-6;9-difluoro-11-hydroxy-10;13;16-trimethyl-3-oxo-6;7;8;11;12;14;15;16-octahydrocyclopenta[a]phenanthren-17-yl] acetate","CC1CC2C3CC(C4=CC(=O)C=CC4(C3(C(CC2(C1(C(=O)COC(=O)C)OC(=O)C)C)O)F)C)F","NA","D01327","NA","NA","NA","DB00223","NA","Pubchem"
"20048","17455","Diflucortolone","A topical glucocorticoid used in various DERMATOSES. It is absorbed  through the skin; bound to plasma albumin; and may cause adrenal  suppression. It is also administered as the valerate.","Diflucortolone  Diflucortolonum  Diflucortolona","394.45","C22H28F2O4","(6S;9R;16R)-6;9-difluoro-11-hydroxy-17-(2-hydroxyacetyl)-10;13;16-trimethyl-7;8;11;12;14;15;16;17-octahydro-6H-cyclopenta[a]phenanthren-3-one","CC1CC2C3CC(C4=CC(=O)C=CC4(C3(C(CC2(C1C(=O)CO)C)O)F)C)F","NA","NA","NA","242","NA","NA","NA","Pubchem"
"20049","37123","Diflubenzuron","An insect growth regulator which interferes with the formation of the  insect cuticle. It is effective in the control of mosquitoes and  flies.","Difluron  Diflubenzuron  Dimilin Duphacid  Larvakil  Micromite  Astonex  Dimilin G1  Dimilin G4","310.68","C14H9ClF2N2O2","N-[(4-chlorophenyl)carbamoyl]-2;6-difluorobenzamide","C1=CC(=C(C(=C1)F)C(=O)NC(=O)NC2=CC=C(C=C2)Cl)F","NA","C14427; D07829","NA","239","0.08mg/ml at 25C","NA","NA","Pubchem"
"20050","9305","Diiodotyrosine","A product from the iodination of MONOIODOTYROSINE. In the biosynthesis  of thyroid hormones; diiodotyrosine residues are coupled with other  monoiodotyrosine or diiodotyrosine residues to form T4 or T3 thyroid  hormones (THYROXINE and TRIIODOTHYRONINE).","L-Diiodotyrosine  3;5-Diiodo-L-tyrosine  DIT (amino acid)  L-3;5-Diiodotyrosine  3;5-L-Diiodotyrosine  3;5-Iodo-L-tyrosine  3;5-DIIODOTYROSINE  L-Tyrosine; 3;5-diiodo-","432.98","C9H9I2NO3","(2S)-2-amino-3-(4-hydroxy-3;5-diiodophenyl)propanoic acid","C1=C(C=C(C(=C1I)O)I)CC(C(=O)O)N","NA","C01060Â","HMDB0003474","NA","617mg/ml at 25C","NA","NA","Pubchem"
"20051","9051","Dydrogesterone","A synthetic progestational hormone with no androgenic or estrogenic  properties. Unlike many other progestational compounds; dydrogesterone  produces no increase in temperature and does not inhibit  OVULATION.","Dydrogesterone  Hydrogesterone  Isopregnenone Duphaston Gynorest  Diphaston  Gestatron  Dufaston  Duvaron","312.45","C21H28O2","(8S;9R;10S;13S;14S;17S)-17-acetyl-10;13-dimethyl-1;2;8;9;11;12;14;15;16;17-decahydrocyclopenta[a]phenanthren-3-one","CC(=O)C1CCC2C1(CCC3C2C=CC4=CC(=O)CCC34C)C","NA","D01217","NA","169.5","NA","DB00378","P06401","Pubchem"
"20052","19212","alpha-Ecdysone","A steroid hormone that regulates the processes of MOLTING or ecdysis  in insects.","alpha-Ecdysone  Ecdysone","464.63","C27H44O6","(2S;3R;5R;9R;10R;13R;14S;17R)-17-[(2S;3R)-3;6-dihydroxy-6-methylheptan-2-yl]-2;3;14-trihydroxy-10;13-dimethyl-2;3;4;5;9;11;12;15;16;17-decahydro-1H-cyclopenta[a]phenanthren-6-one","CC(C1CCC2(C1(CCC3C2=CC(=O)C4C3(CC(C(C4)O)O)C)C)O)C(CCC(C)(C)O)O","NA","C00477","NA","NA","NA","NA","NA","Pubchem"
"20053","5459840","Ecdysterone","A steroid hormone that regulates the processes of MOLTING or ecdysis  in insects. Ecdysterone is the 20-hydroxylated ECDYSONE.","Ecdysterone beta-Ecdysone Polypodine A  Crustecdysone Isoinokosterone  Viticosterone  Commisterone  Crustecdyson  Ecdysteron  20-HYDROXYECDYSONE","480.63","C27H44O7","(2S;3R;5R;9R;10R;13R;14S;17S)-2;3;14-trihydroxy-10;13-dimethyl-17-[(2R;3R)-2;3;6-trihydroxy-6-methylheptan-2-yl]-2;3;4;5;9;11;12;15;16;17-decahydro-1H-cyclopenta[a]phenanthren-6-one","CC12CCC3C(=CC(=O)C4C3(CC(C(C4)O)O)C)C1(CCC2C(C)(C(CCC(C)(C)O)O)O)O","2R40","C02633","NA","NA","NA","NA","P17672; P13055; P17671; O01639; P50239; Q08893; P45447; P49880; P49881; P49882; P34021; O18473; O18531; P49883","Pubchem"
"20054","115089","Enterodiol","lignan isolated from urine of humans and other mammals","Enterodiol 2;3-bis(3'-hydroxybenzyl)butane-1;4-diol  (-)-Enterodiol  1;4-Butanediol; 2;3-bis((3-hydroxyphenyl)methyl)-; (2R;3R)-  1;4-Butanediol; 2;3-bis((3-hydroxyphenyl)methyl)-; (R-(R*;R*))-","302.36","C18H22O4","(2R;3R)-2;3-bis[(3-hydroxyphenyl)methyl]butane-1;4-diol","C1=CC(=CC(=C1)O)CC(CO)C(CC2=CC(=CC=C2)O)CO","NA","NA","NA","NA","NA","NA","Q9YHT3; P49884; P06212; Q91424; P57717; Q53AD2; Q9TV98; P03372; Q9YHZ7; P49886; Q9QZJ5; P57753; P19785; P16058; P50240; Q9YH33; P50241; O42132; Q29040","Pubchem"
"20055","68570","Epiestradiol","used for treating androgenetic alopecia","Epiestradiol  Alfatradiol alfatradiol  alpha-Estradiol  Estradiol  17alpha-Estradiol  Estradiol-17alpha  .alpha.-Estradiol","272.38","C18H24O2","(8R;9S;13S;14S;17R)-13-methyl-6;7;8;9;11;12;14;15;16;17-decahydrocyclopenta[a]phenanthrene-3;17-diol","CC12CCC3C(C1CCC2O)CCC4=C3C=CC(=C4)O","NA","C02537; D07121","HMDB0000429","NA","NA","NA","NA","HMDB"
"20056","244809","Epimestrol","A synthetic steroid with estrogenic activity.","Stimovul  Epimestrol  3-Methoxy-17-epiestriol  3-Methoxyestra-1;3;5(10)-triene-16alpha;17alpha-diol","302.41","C19H26O3","(8R;9S;13S;14S;16R;17S)-3-methoxy-13-methyl-6;7;8;9;11;12;14;15;16;17-decahydrocyclopenta[a]phenanthrene-16;17-diol","CC12CCC3C(C1CC(C2O)O)CCC4=C3C=CC(=C4)OC","NA","C14593; D04021","NA","NA","NA","NA","NA","Pubchem"
"20057","444865","Equilenin","An estrogenic steroid produced by HORSES. It has a total of five  double bonds in the A- and B-ring. High concentration of equilenin is  found in the URINE of pregnant mares.","Equilenin solution  Ambap7299  3-Hydroxy-1;3;5(10);6;8-estrapentaen-17-one","266.33","C18H18O2","(13S;14S)-3-hydroxy-13-methyl-12;14;15;16-tetrahydro-11H-cyclopenta[a]phenanthren-17-one","CC12CCC3=C(C1CCC2=O)C=CC4=C3C=CC(=C4)O","1GS3;1OGX;1CQS;1OH0;1OGZ;1OHO;1W6Y;1QJG","C14303","NA","NA","NA","NA","P03372; Q92731; Q9H2M1; Q9H2M2","Pubchem"
"20058","3247","Equilin","An estrogenic steroid produced by HORSES. It has a total of four  double bonds in the A- and B-ring. High concentration of euilin is  found in the URINE of pregnant mares.","Equilin  Dihydroequilenin  7-Dehydroestrone","268.35","C18H20O2","3-hydroxy-13-methyl-9;11;12;14;15;16-hexahydro-6H-cyclopenta[a]phenanthren-17-one","CC12CCC3C(=CCC4=C3C=CC(=C4)O)C1CCC2=O","NA","C14392; D04041","NA","239","1.41mg/ml at 25C","DB02187","P03372; Q92731; Q9H2M1; Q9H2M2","Pubchem"
"20059","91469","Equol","RN given refers to (S)-isomer; metabolite of daidzein in urine of  animals","Equol 7;4'-dihydroxyisoflavan 4';7-dihydroxy-3;4-dihydroisoflavone equol  7-hydroxy-3-(4'-hydroxyphenyl)chroman equol  (3S)-3-(4-hydroxyphenyl)chroman-7-ol","242.27","C15H14O3","(3S)-3-(4-hydroxyphenyl)chroman-7-ol","C1C(COC2=C1C=CC(=C2)O)C3=CC=C(C=C3)O","NA","C14131","NA","189.5","NA","NA","Q92731","Pubchem"
"20060","27125","Estetrol","A metabolite of ESTRIOL with a 15-alpha-hydroxyl group. Estetrol can  be converted from estriol sulfate or DEHYDROEPIANDROSTERONE SULFATE by  the fetal-placental unit.","Estetrol  Estra-1;3;5(10)-triene-3;15;16;17-tetrol;  (15alpha;16alpha;17beta)-","304.38","C18H24O4","(8R;9S;13S;14S;15R;16R;17R)-13-methyl-6;7;8;9;11;12;14;15;16;17-decahydrocyclopenta[a]phenanthrene-3;15;16;17-tetrol","CC12CCC3C(C1C(C(C2O)O)O)CCC4=C3C=CC(=C4)O","NA","NA","NA","NA","NA","NA","Q9YHT3; P49884; P06212; Q91424; P57717; Q53AD2; Q9TV98; P03372; Q9YHZ7; P49886; Q9QZJ5; P57753; P19785; P16058; P50240; Q9YH33; P50241; O42132; Q29040","Pubchem"
"20061","5757","Estradiol","Generally refers to the 17-beta-isomer of estradiol; an aromatized C18  steroid with hydroxyl group at 3-beta- and 17-beta-position.  Estradiol-17-beta is the most potent form of mammalian estrogenic  steroids. In humans; it is produced primarily by the cyclic ovaries  and the PLACENTA. It is also p","Estradiol  beta-Estradiol  17beta-Estradiol  Estrace progynon  Dihydroxyestrin  Oestradiol Diogynets  Aquadiol  Dihydrofolliculin","272.38","C18H24O2","(8R;9S;13S;14S;17S)-13-methyl-6;7;8;9;11;12;14;15;16;17-decahydrocyclopenta[a]phenanthrene-3;17-diol","CC12CCC3C(C1CCC2O)CCC4=C3C=CC(=C4)O","1QKT;1QKU;1JGL;1G50;1JNN;1GWR;1LHU;1PCG;2D06;2J7X;1A52;1AQU;1IOL;1A27;1FDS;1FDT;1FDW;2OCF;1ERE","C00951; D00105","HMDB0000151","178.5","3.6mg/ml at 27C","DB00783","P03372; Q92731; O75469","Pubchem"
"20062","5756","Estriol","A hydroxylated metabolite of ESTRADIOL or ESTRONE that has a hydroxyl  group at C3-beta; 16-alpha; and 17-beta position. Estriol is a major  urinary estrogen. During PREGNANCY; large amount of estriol is  produced by the PLACENTA. Isomers with inversion of the hydroxyl group  or groups are called ep","Estriol  Oestriol  Estratriol  Tridestrin  Ovestrion  Trihydroxyestrin  Aacifemine  Oestratriol  Oestriolum  Destriol","288.38","C18H24O3","(8R;9S;13S;14S;16R;17R)-13-methyl-6;7;8;9;11;12;14;15;16;17-decahydrocyclopenta[a]phenanthrene-3;16;17-triol","CC12CCC3C(C1CC(C2O)O)CCC4=C3C=CC(=C4)O","1X8V","C05141; D00185","HMDB0000153","282","441mg/ml at 25C","DB04573","P03372","Pubchem; HMDB"
"20063","5870","Estrone","An aromatized C18 steroid with a 3-hydroxyl group and a 17-ketone; a  major mammalian estrogen. It is converted from ANDROSTENEDIONE  directly; or from TESTOSTERONE via ESTRADIOL. In humans; it is  produced primarily by the cyclic ovaries; PLACENTA; and the ADIPOSE  TISSUE of men and postmenopausal ","Estrone  folliculin Theelin  Cristallovar  Crinovaryl  Aquacrine  Crystogen  Destrone  estrovarin Endofolliculina","270.37","C18H22O2","(8R;9S;13S;14S)-3-hydroxy-13-methyl-7;8;9;11;12;14;15;16-octahydro-6H-cyclopenta[a]phenanthren-17-one","CC12CCC3C(C1CCC2=O)CCC4=C3C=CC(=C4)O","NA","C00468; D00067","HMDB0000145","260.2","30mg/ml at 25C","DB00655","P03372","Pubchem"
"20064","5991","Ethinyl Estradiol","A semisynthetic alkylated ESTRADIOL with a 17-alpha-ethinyl  substitution. It has high estrogenic potency when administered orally;  and is often used as the estrogenic component in ORAL  CONTRACEPTIVES.","Ethinyl Estradiol  Ethynylestradiol  Estinyl Etinoestryl  Etistradiol  Ethinoral  Eticyclin  Eticyclol  Etinestrol","296.4","C20H24O2","(8R;9S;13S;14S;17R)-17-ethynyl-13-methyl-7;8;9;11;12;14;15;16-octahydro-6H-cyclopenta[a]phenanthrene-3;17-diol","CC12CCC3C(C1CCC2(C#C)O)CCC4=C3C=CC(=C4)O","NA","C07534; D00554","NA","183","11.3mg/ml at 27C","DB00977","P03372; O75469","Pubchem"
"20065","13765","Ethylestrenol","An anabolic steroid with some progestational activity and little  androgenic effect.","Ethylestrenol  Ethylnandrol  Orabolin  Neodurabolin  Duraboral  Maxibalin  Maxibolin Orgabolin  Orgaboral","288.47","C20H32O","(8R;9S;10R;13S;14S;17S)-17-ethyl-13-methyl-2;3;6;7;8;9;10;11;12;14;15;16-dodecahydro-1H-cyclopenta[a]phenanthren-17-ol","CCC1(CCC2C1(CCC3C2CCC4=CCCCC34)C)O","NA","D01414","NA","77","NA","DB01493","Q9TT90; Q8MIK0; O97776; P10275; O97952; Q6QT55; P19091; O97775; O97960; Q9GKL7; P49699; Q7T1K4; P15207; O18925; O18928; O55065; O55066; O93244; O93245","Pubchem"
"20066","5880","Etiocholanolone","The 5-beta-reduced isomer of ANDROSTERONE. Etiocholanolone is a major  metabolite of TESTOSTERONE and ANDROSTENEDIONE in many mammalian  species including humans. It is excreted in the URINE.","Etiocholanolone  5-Isoandrosterone  Aetiocholanolone  5beta-Androsterone  3alpha-Etiocholanolone  1dbj  Etiocholan-3alpha-ol-17-one  alpha-Etiocholanolone  5.beta.-Androsterone","290.44","C19H30O2","(3R;5R;8R;9S;10S;13S;14S)-3-hydroxy-10;13-dimethyl-1;2;3;4;5;6;7;8;9;11;12;14;15;16-tetradecahydrocyclopenta[a]phenanthren-17-one","CC12CCC(CC1CCC3C2CCC4(C3CCC4=O)C)O","1DBJ","C04373","HMDB0000490","NA","NA","DB02854","NA","Pubchem; HMDB"
"20067","16490","Flumethasone","An anti-inflammatory glucocorticoid used in veterinary practice.","Flumethasone  Flucorticin  Flumethason  Cortexilar  Anaprime  Aniprime  Methagon  Flucort  Fluvet","410.45","C22H28F2O5","(6S;8S;9R;10S;11S;13S;14S;16R;17R)-6;9-difluoro-11;17-dihydroxy-17-(2-hydroxyacetyl)-10;13;16-trimethyl-6;7;8;11;12;14;15;16-octahydrocyclopenta[a]phenanthren-3-one","CC1CC2C3CC(C4=CC(=O)C=CC4(C3(C(CC2(C1(C(=O)CO)O)C)O)F)C)F","NA","C14479; D04208","NA","NA","1mg/ml at 20C","NA","NA","Pubchem"
"20068","6215","Fluocinolone Acetonide","A glucocorticoid derivative used topically in the treatment of various  skin disorders. It is usually employed as a cream; gel; lotion; or  ointment. It has also been used topically in the treatment of  inflammatory eye; ear; and nose disorders. (From Martindale; The Extra  Pharmacopoeia; 30th ed; p","Synandone  Synalar Fluocinolone Acetonide  Synandrone  Coriphate  Fluovitif  Flupollon  Percutina  Dermalar  Flucinar Fluocinolone Acetonide","452.49","C24H30F2O6","NA","CC1(OC2CC3C4CC(C5=CC(=O)C=CC5(C4(C(CC3(C2(O1)C(=O)CO)C)O)F)C)F)C","NA","D01825","NA","265.5","11mg/ml at 25C","DB00591","P79686; Q6XLJ0; P49115; P04150; P06537; P49843; O73673; Q9N1U3; Q5R9P5; P59667; P06536; P79269; O13186; O46567; P35547; Q95267; P49844; Q3MSN1; Q3MSN4","Pubchem"
"20069","9642","Fluocinonide","A topical glucocorticoid used in the treatment of ECZEMA.","Fluocinonide  Lidex Fluocinonide  Vanos  Bestasone  Biscosal  Cortalar  Flucinar  Straderm  Topsymin","494.52","C26H32F2O7","NA","CC(=O)OCC(=O)C12C(CC3C1(CC(C4(C3CC(C5=CC(=O)C=CC54C)F)F)O)C)OC(O2)(C)C","NA","D00325","NA","309","4.74mg/ml at 25C","DB01047","P79686; Q6XLJ0; P49115; P04150; P06537; P49843; O73673; Q9N1U3; Q5R9P5; P59667; P06536; P79269; O13186; O46567; P35547; Q95267; P49844; Q3MSN1; Q3MSN4","Pubchem"
"20070","9053","Fluocortolone","A glucocorticoid with anti-inflammatory activity used topically for  various skin disorders.","Fluorocortolone  Fluocortolon  Ultralan oral  Ultralan Fluocortolone  Fluocortolone Pivalate Fluocortolonum  Fluocortolona","376.46","C22H29FO4","(6S;8S;9S;10R;11S;13S;14S;16R;17S)-6-fluoro-11-hydroxy-17-(2-hydroxyacetyl)-10;13;16-trimethyl-6;7;8;9;11;12;14;15;16;17-decahydrocyclopenta[a]phenanthren-3-one","CC1CC2C3CC(C4=CC(=O)C=CC4(C3C(CC2(C1C(=O)CO)C)O)C)F","NA","D04218","NA","188","290mg/ml at 37C","NA","NA","Pubchem"
"20071","9878","Fluorometholone","A glucocorticoid employed; usually as eye drops; in the treatment of  allergic and inflammatory conditions of the eye. It has also been used  topically in the treatment of various skin disorders. (From  Martindale; The Extra Pharmacopoeia; 30th ed; p732)","Fluorometholone  Oxylone  Flumetholon  Cortilet  Delmeson  Trilcin  FML Liquifilm Fluormetholonum","376.46","C22H29FO4","(6S;8S;9R;10S;11S;13S;14S;17R)-17-acetyl-9-fluoro-11;17-dihydroxy-6;10;13-trimethyl-6;7;8;11;12;14;15;16-octahydrocyclopenta[a]phenanthren-3-one","CC1CC2C3CCC(C3(CC(C2(C4(C1=CC(=O)C=C4)C)F)O)C)(C(=O)C)O","NA","D01367","NA","297","30mg/ml at 25C","DB00324","P59667","Pubchem"
"20072","6446","Fluoxymesterone","An anabolic steroid that has been used in the treatment of male  HYPOGONADISM; delayed puberty in males; and in the treatment of breast  neoplasms in women.","Fluoxymesterone  Androfluorene  Androfluorone  Halotestin Androsterolo  Fluosterone  Oralsterone  Fluotestin","336.44","C20H29FO3","(8S;9R;10S;11S;13S;14S;17S)-9-fluoro-11;17-dihydroxy-10;13;17-trimethyl-1;2;6;7;8;11;12;14;15;16-decahydrocyclopenta[a]phenanthren-3-one","CC12CCC(=O)C=C1CCC3C2(C(CC4(C3CCC4(C)O)C)O)F","NA","D00327","NA","270","67.5mg/ml at 25C","DB01185","P03372; P10275","Pubchem"
"20073","5876","Fluprednisolone","A synthetic glucocorticoid with anti-inflammatory properties.","Fluprednisolone  Alphadrol  Isopredon  Vladicort  Etadrol  Flucort  Alphadrol (TN)  6alpha-Fluoroprednisolone  6-alpha-Fluoroprednisolone  Prednisolone; 6alpha-fluoro-","378.43","C21H27FO5","(6S;8S;9S;10R;11S;13S;14S;17R)-6-fluoro-11;17-dihydroxy-17-(2-hydroxyacetyl)-10;13-dimethyl-7;8;9;11;12;14;15;16-octahydro-6H-cyclopenta[a]phenanthren-3-one","CC12CC(C3C(C1CCC2(C(=O)CO)O)CC(C4=CC(=O)C=CC34C)F)O","NA","C14618; D04227","NA","210","NA","NA","NA","Pubchem"
"20074","15209","Flurandrenolone","A corticosteroid used topically in the treatment of various skin  disorders. It is usually employed as a cream or an ointment; and is  also used as a polyethylene tape with an adhesive. (From Martindale;  The Extra Pharmacopoeia; 30th ed; p733)","Flurandrenolone  Fludroxycortide  Cordran Fludroxicortidum  Drenison  Drocort  Sermaka  Haelan","436.51","C24H33FO6","NA","CC1(OC2CC3C4CC(C5=CC(=O)CCC5(C4C(CC3(C2(O1)C(=O)CO)C)O)C)F)C","NA","D00328","NA","251","NA","DB00846","P79686; Q6XLJ0; P49115; P04150; P06537; P49843; O73673; Q9N1U3; Q5R9P5; P59667; P06536; P79269; O13186; O46567; P35547; Q95267; P49844; Q3MSN1; Q3MSN4","Pubchem"
"20075","5280378","Formononetin","intermediate to formation of ROTENONE; has a deleterious effect on  sheep grazing in "estrogenic clover" pastures; RN given refers to  unlabeled cpd","formononetin  Biochanin B  Formononetol  7-Hydroxy-4'-methoxyisoflavone","268.26","C16H12O4","7-hydroxy-3-(4-methoxyphenyl)chromen-4-one","COC1=CC=C(C=C1)C2=COC3=C(C2=O)C=CC(=C3)O","NA","C00858","HMDB0005808","256.5","NA","NA","P62510; Q9YHT3; P49884; P06212; Q91424; P57717; Q53AD2; Q9TV98; P03372; Q9YHZ7; P49886; Q9QZJ5; P57753; P19785; P16058; P50240; Q9YH33; P50241; O42132","Pubchem"
"20076","5280961","Genistein","An isoflavonoid derived from soy products. It inhibits  PROTEIN-TYROSINE KINASE and topoisomerase-II (DNA TOPOISOMERASES; TYPE  II); activity and is used as an antineoplastic and antitumor agent.  Experimentally; it has been shown to induce G2 PHASE arrest in human  and murine cell lines and inhibit","Genistein  Genisteol  Genisterin  Prunetol  Sophoricol  Genestein Genistein  Differenol A  Bonistein  4';5;7-Trihydroxyisoflavone  Lactoferrin-genistein","270.24","C15H10O5","5;7-dihydroxy-3-(4-hydroxyphenyl)chromen-4-one","C1=CC(=CC=C1C2=COC3=CC(=CC(=C3C2=O)O)O)O","NA","C06563","HMDB0003217","301.5","NA","DB01645","Q92731","Pubchem"
"20077","3033968","Gestodene","synthetic steroid with progestational activity; RN given refers to  (17alpha)-isomer","Gestodene  Gestoden Gestodenum  Gestodeno  Gestodene","310.43","C21H26O2","(8R;9S;10R;13S;14S;17R)-13-ethyl-17-ethynyl-17-hydroxy-1;2;6;7;8;9;10;11;12;14-decahydrocyclopenta[a]phenanthren-3-one","CCC12CCC3C(C1C=CC2(C#C)O)CCC4=CC(=O)CCC34","NA","D04316","NA","NA","NA","NA","Q9GLW0; P07812; P06401; P79373; Q00175; P06186; Q8AYI2; Q63449; Q28590; O18972; O18991; O19008; O42274; O62758; Q28547; Q28854; Q29398; Q62629; Q63879","Pubchem"
"20078","27812","Gestrinone","A non-estrogenic contraceptive which is a weak progestin with strong  anti-progesterone properties. It is effective if used once a week  orally or can also be used in intravaginal devices.","Gestrinone Dimetriose Nemestran Tridomose  Ethylnorgestrienone  Gestrinonum  Ambap4002  Gestrinona","308.41","C21H24O2","(8S;13S;14S;17R)-13-ethyl-17-ethynyl-17-hydroxy-1;2;6;7;8;14;15;16-octahydrocyclopenta[a]phenanthren-3-one","CCC12C=CC3=C4CCC(=O)C=C4CCC3C1CCC2(C#C)O","NA","D04317","HMDB0002720","NA","NA","NA","NA","Pubchem; HMDB"
"20079","5317750","Glycitein","NA","Glycitein glycitein  7;4'-Dihydroxy-6-methoxyisoflavone  7-Hydroxy-3-(4-hydroxyphenyl)-6-methoxy-4H-1-benzopyran-4-one  4H-1-Benzopyran-4-one; 7-hydroxy-3-(4-hydroxyphenyl)-6-methoxy-","284.26","C16H12O5","7-hydroxy-3-(4-hydroxyphenyl)-6-methoxychromen-4-one","COC1=C(C=C2C(=C1)C(=O)C(=CO2)C3=CC=C(C=C3)O)O","NA","C14536","HMDB0005781","NA","NA","NA","Q9YHT3; P49884; P06212; Q91424; P57717; Q53AD2; Q9TV98; P03372; Q9YHZ7; P49886; Q9QZJ5; P57753; P19785; P16058; P50240; Q9YH33; P50241; O42132; Q29040","Pubchem"
"20080","3606","Hexestrol","A synthetic estrogen that has been used as a hormonal antineoplastic  agent.","Hexestrol  Vitestrol  Exestrol  Hexoestrolum  Isohexestrol  Synoestrolum  Cycloestrol  Retalon","270.37","C18H22O2","4-[4-(4-hydroxyphenyl)hexan-3-yl]phenol","CCC(C1=CC=C(C=C1)O)C(CC)C2=CC=C(C=C2)O","NA","C13101; D01641","NA","186.5","12mg/ml at 37C","NA","Q9YHT3; P49884; P06212; Q91424; P57717; Q53AD2; Q9TV98; P03372; Q9YHZ7; P49886; Q9QZJ5; P57753; P19785; P16058; P50240; Q9YH33; P50241; O42132; Q29040","Pubchem"
"20081","5754","Hydrocortisone","The main glucocorticoid secreted by the ADRENAL CORTEX. Its synthetic  counterpart is used; either as an injection or topically; in the  treatment of inflammation; allergy; collagen diseases; asthma;  adrenocortical deficiency; shock; and some neoplastic conditions.","Hydrocortisone  Cortisol Cortef  Acticort  Cetacort  Hytone  Dihydrocostisone  Hydrocortisyl  Hydrocortone  Corticreme","362.46","C21H30O5","(8S;9S;10R;11S;13S;14S;17R)-11;17-dihydroxy-17-(2-hydroxyacetyl)-10;13-dimethyl-2;6;7;8;9;11;12;14;15;16-decahydro-1H-cyclopenta[a]phenanthren-3-one","CC12CCC(=O)C=C1CCC3C2C(CC4(C3CCC4(C(=O)CO)O)C)O","2Q1V;2V95;2VDY","C00735; D00088","HMDB0000063","220","320mg/ml at 25C","DB00741","P04150","Pubchem; HMDB"
"20082","5920","Triiodothyronine","A T3 thyroid hormone normally synthesized and secreted by the thyroid  gland in much smaller quantities than thyroxine (T4). Most T3 is  derived from peripheral monodeiodination of T4 at the 5' position of  the outer ring of the iodothyronine nucleus. The hormone finally  delivered and used by the t","liothyronine Triiodothyronine  Liothyronin  L-Liothyronine  triothyrone  Lyothyronine  Tresitope  Tri-Thyrotope  T3 liothyronine  Triiodo-L-thyronine","650.97","C15H12I3NO4","(2S)-2-amino-3-[4-(4-hydroxy-3-iodophenoxy)-3;5-diiodophenyl]propanoicacid","C1=CC(=C(C=C1OC2=C(C=C(C=C2I)CC(C(=O)O)N)I)I)O","1BSX;1SN5;1XZX;2H6W;2H77;2H79;2PIV;2PIW","C02465","HMDB0000265","236.5","3.96mg/ml at 37C","DB00279","P10827; P10828; P37243","Pubchem"
"20083","896","Melatonin","A biogenic amine that is found in animals and plants. In mammals;  melatonin is produced by the PINEAL GLAND. Its secretion increases in  darkness and decreases during exposure to light. Melatonin is  implicated in the regulation of SLEEP; mood; and REPRODUCTION.  Melatonin is also an effective anti","Melatonin Melatonine  Circadin  N-Acetyl-5-methoxytryptamine  Melapure  Melovine  Posidorm  Melatol  Regulin  5-Methoxy-N-acetyltryptamine","232.28","C13H16N2O2","N-[2-(5-methoxy-1H-indol-3-yl)ethyl]acetamide","CC(=O)NCCC1=CNC2=C1C=C(C=C2)OC","2QWX;2QX4;2QX6","C01598","HMDB0001389","117","NA","DB01065","P03372; P48039","Pubchem"
"20084","250948","Melengestrol Acetate","A 6-methyl PROGESTERONE acetate with reported glucocorticoid activity  and effect on ESTRUS.","Melengestrol Acetate","396.52","C25H32O4","[(8R;9S;10R;13S;14S;17R)-17-acetyl-6;10;13-trimethyl-16-methylidene-3-oxo-1;2;8;9;11;12;14;15-octahydrocyclopenta[a]phenanthren-17-yl] acetate","CC1=CC2C(CCC3(C2CC(=C)C3(C(=O)C)OC(=O)C)C)C4(C1=CC(=O)CC4)C","NA","C14642; D04900","NA","NA","NA","NA","NA","Pubchem"
"20085","30605","Mepitiostane","orally active anti-estrogenic steroid; RN refers to  (2alpha;3alpha;5alpha;17beta)-isomer; structure","Mepitiostane  Mepitiostanum  Mepitiostano","404.65","C25H40O2S","NA","CC12CCC3C(C1CCC2OC4(CCCC4)OC)CCC5C3(CC6C(C5)S6)C","NA","NA","NA","NA","NA","NA","NA","Pubchem"
"20086","15020","Mesterolone","17 beta-Hydroxy-1 alpha-methyl-5 alpha-androstan-3-one. A synthetic  steroid with anabolic and androgenic activities.","Mesterolone  Androviron  Mesteranum  Mestoranum  Proviron Testiwop  Mesterolon  Pro-Viron  Ambap3623  Mesterolonum","304.47","C20H32O2","(1S;5S;8R;9S;10S;13S;14S;17S)-17-hydroxy-1;10;13-trimethyl-1;2;4;5;6;7;8;9;11;12;14;15;16;17-tetradecahydrocyclopenta[a]phenanthren-3-one","CC1CC(=O)CC2C1(C3CCC4(C(C3CC2)CCC4O)C)C","NA","D04947","HMDB0006036","204","NA","NA","Q9TT90; Q8MIK0; O97776; P10275; O97952; Q6QT55; P19091; O97775; O97960; Q9GKL7; P49699; Q7T1K4; P15207; O18925; O18928; O55065; O55066; O93244; O93245","Pubchem; HMDB"
"20087","6291","Mestranol","The 3-methyl ether of ETHINYL ESTRADIOL. It must be demethylated to be  biologically active. It is used as the estrogen component of many  combination ORAL CONTRACEPTIVES.","Mestranol  Inostral  Devocin  Norquen  Ovastol  Menophase  Norinyl Norinyl  Enovid  Ovulen  Ortho-novum Norinyl","310.43","C21H26O2","(8R;9S;13S;14S;17R)-17-ethynyl-3-methoxy-13-methyl-7;8;9;11;12;14;15;16-octahydro-6H-cyclopenta[a]phenanthren-17-ol","CC12CCC3C(C1CCC2(C#C)O)CCC4=C3C=CC(=C4)OC","NA","C07618; D00575","NA","150.5","NA","DB01357","P03372","Pubchem"
"20088","229021","Methandriol","A synthetic steroid with anabolic and androgenic properties. (From  Martindale; The Extra Pharmacopoeia; 30th ed; p1188)","Methandriol Protandren  Methandrioldiol  Methylandrostenediol Crestabolic  Diolandrone  Diolostene  Mestenediol  Methanabol","304.47","C20H32O2","(3S;8R;9S;10R;13S;14S;17S)-10;13;17-trimethyl-1;2;3;4;7;8;9;11;12;14;15;16-dodecahydrocyclopenta[a]phenanthrene-3;17-diol","CC12CCC(CC1=CCC3C2CCC4(C3CCC4(C)O)C)O","NA","C14493","NA","NA","NA","NA","NA","Pubchem"
"20089","6300","Methandrostenolone","A synthetic steroid with anabolic properties that are more pronounced  than its androgenic effects. It has little progestational activity.  (From Martindale; The Extra Pharmacopoeia; 30th ed; p1188)","Dianabol Methandrostenolone  Metandienone  Metandienonum  Methandrolone  Metandienon  Nerobolettes  Andoredan  Dianabole  Metanabol","300.44","C20H28O2","(8R;9S;10R;13S;14S;17S)-17-hydroxy-10;13;17-trimethyl-7;8;9;11;12;14;15;16-octahydro-6H-cyclopenta[a]phenanthren-3-one","CC12CCC3C(C1CCC2(C)O)CCC4=CC(=O)C=CC34C","NA","D00389","NA","166","NA","NA","P15207","Pubchem"
"20090","5366546","Methoprene","Juvenile hormone analog and insect growth regulator used to control  insects by disrupting metamorphosis. Has been effective in controlling  mosquito larvae.","Methoprene Juvemon  Pharoid  Yuvemon  Diacon  Dianex  Precor  Kabat  Manta  Minex","310.47","C19H34O3","propan-2-yl (2E;4E)-11-methoxy-3;7;11-trimethyldodeca-2;4-dienoate","CC(C)OC(=O)C=C(C)C=CCC(C)CCCC(C)(C)OC","NA","C14308","NA","25","1.4mg/ml","NA","NA","Pubchem"
"20091","6741","Methylprednisolone","A PREDNISOLONE derivative with similar anti-inflammatory action.","Methylprednisolone  Medrol  Medrone  Metilbetasone  Promacortine  Dopomedrol  Metrisone  Medesone  Mesopren  Metastab","374.47","C22H30O5","(6S;8S;9S;10R;11S;13S;14S;17R)-11;17-dihydroxy-17-(2-hydroxyacetyl)-6;10;13-trimethyl-7;8;9;11;12;14;15;16-octahydro-6H-cyclopenta[a]phenanthren-3-one","CC1CC2C3CCC(C3(CC(C2C4(C1=CC(=O)C=C4)C)O)C)(C(=O)CO)O","NA","D00407","NA","232.5","120mg/ml at 25C","DB00959","P04150","Pubchem"
"20092","16923","Methylprednisolone Hemisuccinate","A water-soluble ester of METHYLPREDNISOLONE used for cardiac;  allergic; and hypoxic emergencies.","Solumedrol Methylprednisolone Hemisuccinate  Urbason-Soluble A-Methapred Solu-Medrol Methylprednisolone succinate","474.54","C26H34O8","4-[2-[(6S;8S;9S;10R;11S;13S;14S;17R)-11;17-dihydroxy-6;10;13-trimethyl-3-oxo-7;8;9;11;12;14;15;16-octahydro-6H-cyclopenta[a]phenanthren-17-yl]-2-oxoethoxy]-4-oxobutanoic acid","CC1CC2C3CCC(C3(CC(C2C4(C1=CC(=O)C=C4)C)O)C)(C(=O)COC(=O)CCC(=O)O)O","NA","D05000","NA","NA","NA","DB00959","P04150","Pubchem"
"20093","23680530","Methylprednisolone sodium succinate","A water-soluble ester of METHYLPREDNISOLONE used for cardiac;  allergic; and hypoxic emergencies.","A-Methapred Methylprednisolone Hemisuccinate  Solu-Medrol Asmacortone  Metypresol  Corticel  Emmetipi  Metypred  Prednilem  Firmacort Fiale  Nirypan solubile","496.53","C26H33NaO8","sodium4-[2-[(6S;8S;9S;10R;11S;13S;14S;17R)-11;17-dihydroxy-6;10;13-trimethyl-3-oxo-7;8;9;11;12;14;15;16-octahydro-6H-cyclopenta[a]phenanthren-17-yl]-2-oxoethoxy]-4-oxobutanoate","CC1CC2C3CCC(C3(CC(C2C4(C1=CC(=O)C=C4)C)O)C)(C(=O)COC(=O)CCC(=O)[O-])O.[Na+]","NA","D00751","NA","NA","NA","DB00959","P04150","Pubchem"
"20094","6010","Methyltestosterone","A synthetic hormone used for androgen replacement therapy and as an  hormonal antineoplastic agent (ANTINEOPLASTIC AGENTS; HORMONAL).","Methyltestosterone  Mesterone Testred Synandrotabs  Testhormone  Andrometh  Androsten  Homandren  Malestrone  Mastestona","302.45","C20H30O2","(8R;9S;10R;13S;14S;17S)-17-hydroxy-10;13;17-trimethyl-2;6;7;8;9;11;12;14;15;16-decahydro-1H-cyclopenta[a]phenanthren-3-one","CC12CCC(=O)C=C1CCC3C2CCC4(C3CCC4(C)O)C","NA","C07198; D00408","NA","163.5","33.9mg/ml at 25C","NA","Q9TT90; Q8MIK0; O97776; P10275; O97952; Q6QT55; P19091; O97775; O97960; Q9GKL7; P49699; Q7T1K4; P15207","Pubchem"
"20095","9904","Nandrolone","C18 steroid with androgenic and anabolic properties. It is generally  prepared from alkyl ethers of ESTRADIOL to resemble TESTOSTERONE but  less one carbon at the 19 position.","19-Nortestosterone Nandrolone  Nortestosterone Nortestonate  Menidrabol  Oestrenolon  Nandrolon  Norandrostenolon  Nortestosteronum  Norandrostenolone","274.4","C18H26O2","(8R;9S;10R;13S;14S;17S)-17-hydroxy-13-methyl-2;6;7;8;9;10;11;12;14;15;16;17-dodecahydro-1H-cyclopenta[a]phenanthren-3-one","CC12CCC3C(C1CCC2O)CCC4=CC(=O)CCC34","NA","C07254","HMDB0002725","NA","323mg/ml at 25C","DB00984","P10275","Pubchem"
"20096","9677","Nandrolone decanoate","structure; used in the treatment of HIV wasting disease","Retabolil nandrolone decanoate  Deca-Durabolin  naboline  Deca-Hybolin  Decadurabolin nandrolone decanoate  Decadurobolin nandrolone decanoate  Adenocorin  Salistoperm  Superbolan  Anabolin","428.65","C28H44O3","[(8R;9S;10R;13S;14S;17S)-13-methyl-3-oxo-2;6;7;8;9;10;11;12;14;15;16;17-dodecahydro-1H-cyclopenta[a]phenanthren-17-yl]decanoate","CCCCCCCCCC(=O)OC1CCC2C1(CCC3C2CCC4=CC(=O)CCC34)C","NA","C08154; D00955","NA","NA","NA","NA","NA","Pubchem"
"20097","5858","Norethandrolone","A synthetic hormone with anabolic and androgenic properties and  moderate progestational activity.","Pronabol  Nilevar Solevar  Nileva  Ethylestrenolone Ethylnortestosteron  Ethylnortestosterone Noretandrolone  19-Norethyltestosterone","302.45","C20H30O2","(8R;9S;10R;13S;14S;17S)-17-ethyl-17-hydroxy-13-methyl-1;2;6;7;8;9;10;11;12;14;15;16-dodecahydrocyclopenta[a]phenanthren-3-one","CCC1(CCC2C1(CCC3C2CCC4=CC(=O)CCC34)C)O","NA","D07127","NA","140.5","NA","NA","NA","Pubchem"
"20098","5878","Oxandrolone","A synthetic hormone with anabolic and androgenic properties.","Oxandrolone  Oxandrin Protivar  Provitar  Vasorome  Lonavar  Anavar Ossandrolone  Oxandrin (TN)  Oxandrolonum","306.44","C19H30O3","(1S;3aS;3bR;5aS;9aS;9bS;11aS)-1-hydroxy-1;9a;11a-trimethyl-2;3;3a;3b;4;5;5a;6;9;9b;10;11-dodecahydroindeno[7;6-h]isochromen-7-one","CC12CCC3C(C1CCC2(C)O)CCC4C3(COC(=O)C4)C","NA","C07346; D00462","NA","236.5","NA","DB00621","P10275","Pubchem"
"20099","3032303","Oxymetholone","A synthetic hormone with anabolic and androgenic properties. It is  used mainly in the treatment of anemias. According to the Fourth  Annual Report on Carcinogens (NTP 85-002); this compound may  reasonably be anticipated to be a carcinogen. (From Merck Index; 11th  ed)","Oxymetholone  Oximetholonum  Anasterone  Oximetalonu  Oximetolona  Oxymethalone Plenastril  Protanabol  Synasteron","332.48","C21H32O3","(2E;5S;8R;9S;10S;13S;14S;17S)-17-hydroxy-2-(hydroxymethylidene)-10;13;17-trimethyl-1;4;5;6;7;8;9;11;12;14;15;16-dodecahydrocyclopenta[a]phenanthren-3-one","CC12CCC3C(C1CCC2(C)O)CCC4C3(CC(=CO)C(=O)C4)C","NA","C07393; D00490","NA","179","NA","NA","Q9TT90; Q8MIK0; O97776; P10275; O97952; Q6QT55; P19091; O97775; O97960; Q9GKL7; P49699; Q7T1K4; P15207; O18925; O18928; O55065; O55066; O93244; O93245","Pubchem"
"20100","5875","Paramethasone","A glucocorticoid with the general properties of corticosteroids. It  has been used by mouth in the treatment of all conditions in which  corticosteroid therapy is indicated except adrenal-deficiency states  for which its lack of sodium-retaining properties makes it less  suitable than HYDROCORTISONE","Paramethasone  Flumethone  Paramezone  Cassenne  Cortiden  Alondra  Metilar  Dillar  Parametasona","392.46","C22H29FO5","(6S;8S;9S;10R;11S;13S;14S;16R;17R)-6-fluoro-11;17-dihydroxy-17-(2-hydroxyacetyl)-10;13;16-trimethyl-7;8;9;11;12;14;15;16-octahydro-6H-cyclopenta[a]phenanthren-3-one","CC1CC2C3CC(C4=CC(=O)C=CC4(C3C(CC2(C1(C(=O)CO)O)C)O)C)F","NA","C07413; D07464","NA","NA","NA","DB01384","NA","Pubchem"
"20101","68579","Polyestradiol phosphate","polymeric phosphoric acid ester of estradiol","Estradurin Polyestradiol phosphate Estradiol phosphate polymer Poly(estradiol phosphate)  Oestradiol phosphate polymer  Leo 114  Polyestradioli phosphas","370.38","C18H27O6P","(8R;9S;13S;14S;17S)-13-methyl-6;7;8;9;11;12;14;15;16;17-decahydrocyclopenta[a]phenanthrene-3;17-diol; phosphoric acid","CC12CCC3C(C1CCC2O)CCC4=C3C=CC(=C4)O.OP(=O)(O)O","NA","NA","NA","NA","NA","NA","NA","Pubchem"
"20102","6714002","Prednicarbate","NA","Dermatop Peitel PREDNICARBATE Dermatop (TN)  Dermatop E emollient","488.57","C27H36O8","[2-[(8S;9S;10R;11S;13S;14S;17R)-17-ethoxycarbonyloxy-11-hydroxy-10;13-dimethyl-3-oxo-7;8;9;11;12;14;15;16-octahydro-6H-cyclopenta[a]phenanthren-17-yl]-2-oxoethyl] propanoate","CCC(=O)OCC(=O)C1(CCC2C1(CC(C3C2CCC4=CC(=O)C=CC34C)O)C)OC(=O)OCC","NA","D05601","NA","NA","NA","DB01130","P79686; Q6XLJ0; P49115; P04150; P06537; P49843; O73673; Q9N1U3; Q5R9P5; P59667; P06536; P79269; O13186; O46567; P35547; Q95267; P49844; Q3MSN1; Q3MSN4","Pubchem"
"20103","5755","Prednisolone","A glucocorticoid with the general properties of the corticosteroids.  It is the drug of choice for all conditions in which routine systemic  corticosteroid therapy is indicated; except adrenal deficiency  states.","Prednisolone  Deltacortril  Cortalone  Delta-Cortef  Deltacortenol  Hydrodeltalone  Hydrodeltisone  Metacortandralone  Meticortelone  Codelcortone","360.44","C21H28O5","(8S;9S;10R;11S;13S;14S;17R)-11;17-dihydroxy-17-(2-hydroxyacetyl)-10;13-dimethyl-7;8;9;11;12;14;15;16-octahydro-6H-cyclopenta[a]phenanthren-3-one","CC12CC(C3C(C1CCC2(C(=O)CO)O)CCC4=CC(=O)C=CC34C)O","NA","C07369; D00472","NA","235","223mg/ml at 25C","DB00860","P79686; Q6XLJ0; P49115; P04150; P06537; P49843; O73673; Q9N1U3; Q5R9P5; P59667; P06536; P79269; O13186; O46567; P35547; Q95267; P49844; Q3MSN1; Q3MSN4","Pubchem"
"20104","5865","Prednisone","A synthetic anti-inflammatory glucocorticoid derived from CORTISONE.  It is biologically inert and converted to PREDNISOLONE in the  liver.","Prednisone  Dehydrocortisone Deltacortisone  Decortancyl  Deltacortone  Hostacortin  Prednilonga  Supercortil  Ultracorten Ultracortene","358.43","C21H26O5","(8S;9S;10R;13S;14S;17R)-17-hydroxy-17-(2-hydroxyacetyl)-10;13-dimethyl-6;7;8;9;12;14;15;16-octahydrocyclopenta[a]phenanthrene-3;11-dione","CC12CC(=O)C3C(C1CCC2(C(=O)CO)O)CCC4=CC(=O)C=CC34C","NA","C07370","NA","234","312mg/ml at 25C","DB00635","P04150","Pubchem"
"20105","3032822","Pregnanediol","An inactive metabolite of PROGESTERONE by reduction at C5; C3; and C20  position. Pregnanediol has two hydroxyl groups; at 3-alpha and  20-alpha. It is detectable in URINE after OVULATION and is found in  great quantities in the pregnancy urine.","Pregnanediol","320.51","C21H36O2","(8S;9S;10S;13R;14S;17S)-17-ethyl-10;13-dimethyl-1;2;4;5;6;7;8;9;11;12;14;15;16;17-tetradecahydrocyclopenta[a]phenanthrene-3;3-diol","CCC1CCC2C1(CCC3C2CCC4C3(CCC(C4)(O)O)C)C","NA","C05484; D00189","HMDB0004025","NA","NA","NA","A3F8U8; Q9GYU4; Q9ARY7; A6H6R7; Q0VEX8; Q14AH9; Q53WT3; Q543Z0; Q544F7; Q544G1; Q5SUU4; Q5SUU5; Q8BHM6; Q8C446; Q8C7N0; Q8CAB3; Q9JLE7; Q9JLE8; Q9JLE9","HMDB"
"20106","101967","Pregnanetriol","A metabolite of 17-ALPHA-HYDROXYPROTESTERONE; normally produced in  small quantities by the GONADS and the ADRENAL GLANDS; found in URINE.  An elevated urinary pregnanetriol is associated with CONGENITAL  ADRENAL HYPERPLASIA with a deficiency of STEROID 21-HYDROXYLASE.","Pregnanetriol  5Beta-pregnane-3alpha;17alpha;20alpha-triol  3alpha;17alpha;20alpha-Trihydroxy-5beta-pregnane","336.51","C21H36O3","(3R;5R;8R;9S;10S;13S;14S;17R)-17-(1-hydroxyethyl)-10;13-dimethyl-1;2;3;4;5;6;7;8;9;11;12;14;15;16-tetradecahydrocyclopenta[a]phenanthrene-3;17-diol","CC(C1(CCC2C1(CCC3C2CCC4C3(CCC(C4)O)C)C)O)O","NA","C14680","NA","NA","NA","NA","P79686; Q6XLJ0; P49115; P04150; P06537; P49843; O73673; Q9N1U3; Q5R9P5; P59667; P06536; P79269; O13186; O46567; P35547; Q95267; P49844; Q3MSN1; Q3MSN4","Pubchem"
"20107","8955","Pregnenolone","A 21-carbon steroid; derived from CHOLESTEROL and found in steroid  hormone-producing tissues. Pregnenolone is the precursor to GONADAL  STEROID HORMONES and the adrenal CORTICOSTEROIDS.","Pregnenolone  Arthenolone  Skinostelon  Pregnetan  Pregneton  Pregnolon  Regnosone  Prenolon  Enelone","316.48","C21H32O2","1-[(3S;8S;9S;10R;13S;14S;17S)-3-hydroxy-10;13-dimethyl-2;3;4;7;8;9;11;12;14;15;16;17-dodecahydro-1H-cyclopenta[a]phenanthren-17-yl]ethanone","CC(=O)C1CCC2C1(CCC3C2CC=C4C3(CCC(C4)O)C)C","NA","C01953; D00143","NA","192","7.06mg/ml at 37C","DB02789","P79686; Q6XLJ0; P49115; P04150; P06537; P49843; O73673; Q9N1U3; Q5R9P5; P59667; P06536; P79269; O13186; O46567; P35547; Q95267; P49844; O75469; Q8SQ01","Pubchem"
"20108","5994","Progestrone","The major progestational steroid that is secreted primarily by the  CORPUS LUTEUM and the PLACENTA. Progesterone acts on the UTERUS; the  MAMMARY GLANDS and the BRAIN. It is required in EMBRYO IMPLANTATION;  PREGNANCY maintenance; and the development of mammary tissue for MILK  production. Progester","Progesterone  Crinone  Luteohormone  Progesteronum  Syngesterone  Prometrium  Utrogestan  Cyclogest  Progestin  Agolutin","314.46","C21H30O2","(8S;9S;10R;13S;14S;17S)-17-acetyl-10;13-dimethyl-1;2;6;7;8;9;11;12;14;15;16;17-dodecahydrocyclopenta[a]phenanthren-3-one","CC(=O)C1CCC2C1(CCC3C2CCC4=CC(=O)CCC34C)C","1W0F;1YA3;2AA5;2AA6;2ABA;2HZQ;2O5Y;1DBB;1A28","C00410; D00066","HMDB0001830","121","8.81mg/ml at 25C","DB00396","P03372; P06401","Pubchem; HMDB"
"20109","9046","Quinestrol","The 3-cyclopentyl ether of ETHINYL ESTRADIOL. After gastrointestinal  absorption; it is stored in ADIPOSE TISSUE; slowly released; and  metabolized principally to the parent compound. It has been used in  ESTROGEN REPLACEMENT THERAPY. (From AMA Drug Evaluations Annual; 1992;  p1011)","Quinestrol  Estrovis Estrovister  Plestrovis  Eston  Qui-Lea  Quinestrolo","364.52","C25H32O2","(8R;9S;13S;14S;17R)-3-cyclopentyloxy-17-ethynyl-13-methyl-7;8;9;11;12;14;15;16-octahydro-6H-cyclopenta[a]phenanthren-17-ol","CC12CCC3C(C1CCC2(C#C)O)CCC4=C3C=CC(=C4)OC5CCCC5","NA","C07619; D00576","NA","107.5","NA","DB04575","P03372","Pubchem"
"20110","22069","Reverse T3","A metabolite of THYROXINE; formed by the peripheral enzymatic  monodeiodination of T4 at the 5 position of the inner ring of the  iodothyronine nucleus.","Reverse T3  Triiodothyronine; reverse Triiodothyronine; Reverse  3;3';5'-Triiodothyronine Triiodothyronine; Reverse  REVERSE TRIIODOTHYRONINE Triiodothyronine; Reverse  3;3';5'-Triiodo-L-thyronine  T0","650.97","C15H12I3NO4","2-amino-3-[4-(4-hydroxy-3;5-diiodophenoxy)-3-iodophenyl]propanoic acid","C1=CC(=C(C=C1CC(C(=O)O)N)I)OC2=CC(=C(C(=C2)I)O)I","NA","C07639","NA","NA","NA","NA","NA","Pubchem"
"20111","65373","Secoisolariciresinol","RN given refers to ((R-(R*;R*))-isomer); RN for cpd without isomeric  designation not available 8/89; precursor of lignans found in human  urine; structure given in first source","Secoisolariciresinol (-)-Secoisolariciresinol","362.42","C20H26O6","(2R;3R)-2;3-bis[(4-hydroxy-3-methoxyphenyl)methyl]butane-1;4-diol","COC1=C(C=CC(=C1)CC(CO)C(CC2=CC(=C(C=C2)O)OC)CO)O","NA","NA","NA","NA","NA","NA","NA","Pubchem"
"20112","25249","Stanozolol","A synthetic steroid that has anabolic and androgenic properties. (From  Martindale; The Extra Pharmacopoeia; 30th ed; p1194)","Stanozolol  Androstanazole  Winstrol Stromba Androstanazol Strombaject  Tevabolin  Winstroid  Estazol","328.49","C21H32N2O","NA","CC12CCC3C(C1CCC2(C)O)CCC4C3(CC5=C(C4)NN=C5)C","NA","C07311; D00444","NA","NA","NA","NA","P15207","Pubchem"
"20113","6013","Testosterone","A potent androgenic steroid and major product secreted by the LEYDIG  CELLS of the TESTIS. Its production is stimulated by LUTEINIZING  HORMONE from the PITUITARY GLAND. In turn; testosterone exerts  feedback control of the pituitary LH and FSH secretion. Depending on  the tissues; testosterone can ","Testosterone  Testosteron  Androderm Oreton Methyltestosterone  Mertestate  Testoderm Androlin  trans-Testosterone  Testex","288.42","C19H28O2","(8R;9S;10R;13S;14S;17S)-17-hydroxy-10;13-dimethyl-1;2;6;7;8;9;11;12;14;15;16;17-dodecahydrocyclopenta[a]phenanthren-3-one","CC12CCC3C(C1CCC2O)CCC4=CC(=O)CCC34C","1I37;1I38;1I9J;1J96;1Q13;1VPO;2Q7I;2Q7J;2Q7K;2Q7L;1AFS","C00535; D00075","HMDB0000234","155","23.4mg/ml at 25C","DB00624","P10275","Pubchem; HMDB"
"20114","6012","Testosterone 17 beta-cypionate","NA","Depovirin  Jectatest  Pertestis  Durandro  Andro-Cyp  Depo-Testosterone testosterone 17 beta-cypionate  Dep-Test  Malogen CYP  Depo-Testadiol  Testodrin prolongatum","412.6","C27H40O3","(10;13-dimethyl-3-oxo-1;2;6;7;8;9;11;12;14;15;16;17-dodecahydrocyclopenta[a]phenanthren-17-yl) 3-cyclopentylpropanoate","CC12CCC3C(C1CCC2OC(=O)CCC4CCCC4)CCC5=CC(=O)CCC35C","NA","NA","NA","NA","NA","NA","Q9TT90; Q8MIK0; O97776; P10275; O97952; Q6QT55; P19091; O97775; O97960; Q9GKL7; P49699; Q7T1K4; P15207; O18925; O18928; O55065; O55066; O93244; O93245","Pubchem"
"20115","5995","Testosterone Propionate","An ester of TESTOSTERONE with a propionate substitution at the 17-beta  position.","Testosterone Propionate  Testex  Androsteston  Androteston  Hormoteston  Andronate  Aquaviron  Homandren  Orchistin  Pantestin","344.49","C22H32O3","[(8R;9S;10R;13S;14S;17S)-10;13-dimethyl-3-oxo-1;2;6;7;8;9;11;12;14;15;16;17-dodecahydrocyclopenta[a]phenanthren-17-yl]propanoate","CCC(=O)OC1CCC2C1(CCC3C2CCC4=CC(=O)CCC34C)C","NA","C08158; D00959","NA","120","1.48mg/ml at 25C","DB01420","Q9TT90; Q8MIK0; O97776; P10275; O97952; Q6QT55; P19091; O97775; O97960; Q9GKL7; P49699; Q7T1K4; P15207; O18925; O18928; O55065; O55066; O93244; O93245","Pubchem"
"20116","5819","L-thyroxine","The major hormone derived from the thyroid gland. Thyroxine is  synthesized via the iodination of tyrosines (MONOIODOTYROSINE) and the  coupling of iodotyrosines (DIIODOTYROSINE) in the THYROGLOBULIN.  Thyroxine is released from thyroglobulin by proteolysis and secreted  into the blood. Thyroxine is","L-thyroxine Thyroxine  levothyroxine synthroid thyroxin Thyroxine iodine  Levothyroxin  Thyreoideum  Thyratabs  Thyroxinal","776.87","C15H11I4NO4","(2S)-2-amino-3-[4-(4-hydroxy-3;5-diiodophenoxy)-3;5-diiodophenyl]propanoicacid","C1=C(C=C(C(=C1I)OC2=CC(=C(C(=C2)I)O)I)I)CC(C(=O)O)N","1ICT;1IE4;1HK1;1HK2;1HK3;1HK4;1HK5;1SN0;1Y0X;2CEO;2ROX;2RIW;1ETA;1ETB","C01829","HMDB0000248","235.5","1.05E-04mg/ml at 25C","DB00451","P10828; P10827","Pubchem"
"20117","25015","Trenbolone","17-beta-Hydroxyestra-4;9;11-trien-3-one. An anabolic steroid used  mainly as a growth substance in animals.","Trenbolone 17beta-Trenbolone  Trenbolonum  Trembolona","270.37","C18H22O2","(8S;13S;14S;17S)-17-hydroxy-13-methyl-2;6;7;8;14;15;16;17-octahydro-1H-cyclopenta[a]phenanthren-3-one","CC12C=CC3=C4CCC(=O)C=C4CCC3C1CCC2O","NA","C14261","NA","NA","NA","NA","Q9TT90; Q8MIK0; O97776; P10275; O97952; Q6QT55; P19091; O97775; O97960; Q9GKL7; P49699; Q7T1K4; P15207; O18925; O18928; O55065; O55066; O93244; O93245","Pubchem"
"20118","66359","Trenbolone acetate","RN given refers to cpd without isomeric designation; structure","Finaplix  Component T-S  Trienbolone acetate","312.4","C20H24O3","[(8S;13S;14S;17S)-13-methyl-3-oxo-2;6;7;8;14;15;16;17-octahydro-1H-cyclopenta[a]phenanthren-17-yl] acetate","CC(=O)OC1CCC2C1(C=CC3=C4CCC(=O)C=C4CCC23)C","NA","D06211","NA","NA","NA","NA","Q9TT90; Q8MIK0; O97776; P10275; O97952; Q6QT55; P19091; O97775; O97960; Q9GKL7; P49699; Q7T1K4; P15207; O18925; O18928; O55065; O55066; O93244; O93245","Pubchem"
"20119","31307","Triamcinolone","A glucocorticoid given; as the free alcohol or in esterified form;  orally; intramuscularly; by local injection; by inhalation; or applied  topically in the management of various disorders in which  corticosteroids are indicated. (From Martindale; The Extra  Pharmacopoeia; 30th ed; p739)","Triamcinolone  Kenacort  Fluoxyprednisolone  Triamcinolon  Aristocort Delphicort  Rodinolone  Tricortale  Ledercort  Adcortyl","394.43","C21H27FO6","(8S;9R;10S;11S;13S;14S;16R;17S)-9-fluoro-11;16;17-trihydroxy-17-(2-hydroxyacetyl)-10;13-dimethyl-6;7;8;11;12;14;15;16-octahydrocyclopenta[a]phenanthren-3-one","CC12CC(C3(C(C1CC(C2(C(=O)CO)O)O)CCC4=CC(=O)C=CC43C)F)O","NA","D00385","NA","270","80mg/ml at 25C","DB00620","P79686; Q6XLJ0; P49115; P04150; P06537; P49843; O73673; Q9N1U3; Q5R9P5; P59667; P06536; P79269; O13186; O46567; P35547; Q95267; P49844; Q3MSN1; Q3MSN4","Pubchem"
"20120","6436","Triamcinolone Acetonide","An esterified form of TRIAMCINOLONE. It is an anti-inflammatory  glucocorticoid used topically in the treatment of various skin  disorders. Intralesional; intramuscular; and intra-articular  injections are also administered under certain conditions.","Kenalog Triamcinolone Acetonide  Polcortolon  Aristoderm  Aristogel  Triaceton  Tricinolon  Azmacort Triamcinolone Acetonide  Kenalone  Nasacort  Solodelf","434.5","C24H31FO6","NA","CC1(OC2CC3C4CCC5=CC(=O)C=CC5(C4(C(CC3(C2(O1)C(=O)CO)C)O)F)C)C","NA","C08183; D00983","NA","293","21mg/ml at 28C","NA","P79686; Q6XLJ0; P49115; P04150; P06537; P49843; O73673; Q9N1U3; Q5R9P5; P59667; P06536; P79269; O13186; O46567; P35547; Q95267; P49844; Q3MSN1; Q3MSN4","Pubchem"
"20121","5864","Urocortisol","NA","Urocortisol  Tetrahydro F  Tetrahydrocompound F  Tetrahydrohydrocortisone  Cortisol; tetrahydro-  5beta-Tetrahydrocortisol  TETRAHYDROCORTISOL 5-beta-Tetrahydrocortisol  3alpha;5beta-Tetrahydrocortiso","366.49","C21H34O5","2-hydroxy-1-[(3R;5R;8S;9S;10S;11S;13S;14S;17R)-3;11;17-trihydroxy-10;13-dimethyl-1;2;3;4;5;6;7;8;9;11;12;14;15;16-tetradecahydrocyclopenta[a]phenanthren-17-yl]ethanone","CC12CCC(CC1CCC3C2C(CC4(C3CCC4(C(=O)CO)O)C)O)O","NA","C05472","HMDB0000949","NA","NA","NA","NA","Pubchem; HMDB"
"20122","5866","Urocortisone","NA","Urocortisone  Tetrahydro E  Tetrahydrocompound E  cg; tetrahydro-  TETRAHYDROCORTISONE 3alpha;17;21-Trihydroxypregnane-11;20-dione","364.48","C21H32O5","(3R;5R;8S;9S;10S;13S;14S;17R)-3;17-dihydroxy-17-(2-hydroxyacetyl)-10;13-dimethyl-2;3;4;5;6;7;8;9;12;14;15;16-dodecahydro-1H-cyclopenta[a]phenanthren-11-one","CC12CCC(CC1CCC3C2C(=O)CC4(C3CCC4(C(=O)CO)O)C)O","NA","NA","HMDB0000903","190","NA","NA","NA","Pubchem; HMDB"
"20123","6433708","Zearalenone","(S-(E))-3;4;5;6;8;10-Hexahydro-14;16-dihydroxy-3-methyl-1H-2-benzoxacy  clotetradecin-1;7(8H)-dione. One of a group of compounds known under  the general designation of resorcylic acid lactones. Cis; trans;  dextro and levo forms have been isolated from the fungus Gibberella  zeae (formerly Fusarium","Zenone  trans-Zearalenone  Mycotoxin F2  (S)-Zearalenone  F-2 toxin Zearalenone  (-)-Zearalenone  Compound F-2  F2 Toxin Toxin F2","318.36","C18H22O5","(4S;12E)-15;17-dihydroxy-4-methyl-3-oxabicyclo[12.4.0]octadeca-1(14);12;15;17-tetraene-2;8-dione","CC1CCCC(=O)CCCC=CC2=C(C=C(C=C2C(=O)O1)O)O","NA","NA","NA","164.5","NA","NA","Q9YHT3; P49884; P06212; Q91424; P57717; Q53AD2; Q9TV98; P03372; Q9YHZ7; P49886; Q9QZJ5; P57753; P19785; P16058; P50240; Q9YH33; P50241; O42132; Q29040","Pubchem"
"20124","2999413","Zeranol","A non-steroidal estrogen analog.","Zearalanol Zeranol  Ralabol  Frideron  Taleranol Xeranol Ralgro Ralone alpha-Zeranol","322.4","C18H26O5","(7R;11S)-7;15;17-trihydroxy-11-methyl-12-oxabicyclo[12.4.0]octadeca-1(14);15;17-trien-13-one","CC1CCCC(CCCCCC2=CC(=CC(=C2C(=O)O1)O)O)O","NA","C14752; D06362","NA","NA","NA","NA","Q9YHT3; P49884; P06212; Q91424; P57717; Q53AD2; Q9TV98; P03372; Q9YHZ7; P49886; Q9QZJ5; P57753; P19785; P16058; P50240; Q9YH33; P50241; O42132; Q29040","Pubchem"
"20125","NA","3a;16b-Dihydroxyandrostenone","3a;16b-Dihydroxyandrostenone is an unusual steroid found in the urinary excretion of a subject having a virilizing malignant adrenocortical tumor; apparent 21-steroid hydroxylase deficiency is discussed at the light of these results and of the hormonogenesis enzymatic induction of the tumour biopsy.","3a;16b-Dihydroxyandrostenone","304.42","C19H28O3","(3a;16b)-3;16-dihydroxy-Androst-5-en-17-one","CC12CCC3C(CCC4CC(O)=CC(=O)C34C)C1CC(O)C2","NA","NA","HMDB0000309","NA","NA","NA","NA","HMDB"
"20126","123712","18-oxocortisol","biosynthesized by aldosterone-producing adrenal tissue; structure  given in first source","18-oxocortisol Pregn-4-en-18-al; 11;17;21-trihydroxy-3;20-dioxo-; (11beta)-  11beta;17alpha;21-Trihydroxy-3;20-diketo-4-pregnene-18-al","376.44","C21H28O6","(8S;9S;10R;11S;13R;14S;17R)-11;17-dihydroxy-17-(2-hydroxyacetyl)-10-methyl-3-oxo-2;6;7;8;9;11;12;14;15;16-decahydro-1H-cyclopenta[a]phenanthrene-13-carbaldehyde","CC12CCC(=O)C=C1CCC3C2C(CC4(C3CCC4(C(=O)CO)O)C=O)O","NA","NA","HMDB0000332","NA","NA","NA","Q3YC04; Q8QHI2; P08235; Q8VII8; Q9IAC6; P79404; P22199; Q4JM28; Q9N0W8; Q9BDJ7; Q29131; Q91573; Q5WP01; Q5WP02; Q5WP05; Q6LAJ2; Q6XLI8; Q6XLI9; Q8JJ89","HMDB"
"20127","NA","3a;16-Dihydroxyandrostenone","3a;16-Dihydroxyandrostenone is a urinary C19 steroid usually present in very low level in normal pregnancy; however; it is increased in women with androgenic alopecia (PMID 10751586) and in a patient who developed virilizing luteoma during the 8th month of pregnancy (PMID 14004108)","(3a)-3;16-dihydroxy-Androst-5-en-17-one#3a;16-dihydroxy-Androstenone","304.42","C19H28O3","(3a)-3;16-dihydroxy-Androst-5-en-17-one","CC12CCC3C(CCC4CC(O)=CC(=O)C34C)C1CC(O)C2","NA","NA","HMDB0000388","NA","NA","NA","NA","HMDB"
"20128","10590","Tetrahydrocorticosterone","RN given refers to (3alpha;5beta;11beta)-isomer","Tetrahydrocorticosterone ALLOPREGNANE-3 BETA;11 BETA;21-TRIOL-20-ONE","350.49","C21H34O4","1-(3;11-dihydroxy-10;13-dimethyl-2;3;4;5;6;7;8;9;11;12;14;15;16;17-tetradecahydro-1H-cyclopenta[a]phenanthren-17-yl)-2-hydroxyethanone","CC12CCC(CC1CCC3C2C(CC4(C3CCC4C(=O)CO)C)O)O","NA","NA","HMDB0000449","NA","NA","NA","P79686; Q6XLJ0; P49115; P04150; P06537; P49843; O73673; Q9N1U3; Q5R9P5; P59667; P06536; P79269; O13186; O46567; P35547; Q95267; P49844; Q3MSN1; Q3MSN4","HMDB"
"20129","NA","5a-Androstane-3a;17a-diol","5a-Androstane-3a;17a-diol is an steroid found in feces from pregnant women (PMID 5440628); primarily in the monosulfate and disulfate fractions from normal human (PMID 4245755); and glucuronide and mono- and disulphate conjugates of neutral steroids in human bile (PMID 5493463)","3a;17a-Dihydroxy-5a-androstane#5a-Androstane-3a;17a-diol","292.46","C19H32O2","(3a;5a;17a)-Androstane-3;17-diol","CC12CCC3C(CCC4CC(O)CCC34C)C1CCC2O","NA","NA","HMDB0000458","NA","NA","NA","NA","HMDB"
"20130","NA","5a-Cholestane-3a;7a;12a;25-tetrol","5a-Cholestane-3a;7a;12a;25-tetrol is a bile alcohols which is excreted mainly as glucurono-conjugates in bile and urine; and as unconjugated form in feces of patients with cerebrotendinous xanthomatosis (PMID 3700361)","5a-Cholestane-3a;7a;12a;25-tetrol","436.67","C27H48O4","(3a;5a;7a;12a)-Cholestane-3;7;12;25-tetrol","CC(CCCC(C)(C)O)C1CCC2C3C(O)CC4CC(O)CCC4(C)C3CC(O)C12C","NA","NA","HMDB0000520","NA","NA","NA","NA","HMDB"
"20131","NA","5-Androstene-3b;16b;17a-triol","5-Androstene-3b;16b;17a-triol is an steroid found in the urine of human pregnancy (PMID 4452739); in the urine of newborns and infants (PMID 5126818); and in the mono- and disulfate fractions of human bile. (PMID 5410667)","5-Androstene-3b;16b;17a-triol","306.44","C19H30O3","(3b;16b;17a)-Androst-5-ene-3;16;17-triol","CC12CCC3C(CC=C4CC(O)CCC34C)C1CC(O)C2O","NA","NA","HMDB0000523","NA","NA","NA","NA","HMDB"
"20132","NA","6-Ketoestriol","6-Ketoestriol is a normal human metabolite that is in elevated concentration in the urine of patients with prolactinoma. (PMID 9812172)","(16a;17b)-3;16;17-trihydroxy-Estra-1;3;5(10)-trien-6-one#6-Ketoestriol#6-Oxo-16a;17b-estriol#6-Oxoestratriol#6-Oxoestriol","302.36","C18H22O4","(16a;17b) 3;16;17-trihydroxy-Estra-1;3;5(10)-trien-6-one","CC12CCC3C(CC(=O)C4=C3C=CC(O)=C4)C1CC(O)C2O","NA","NA","HMDB0000530","NA","NA","NA","NA","HMDB"
"20133","119394","Campestanol","NA","Campestanol Campestan-3beta-ol  24beta-Ethylcholestanol  5alpha-Dihydrocampesterol  24beta-Methyl cholestanol  5alpha-campestan-3beta-ol  5alpga-Ergostan-3-beta-ol  (24R)-5alpha-ergostan-3beta-ol","402.7","C28H50O","(3S;5S;8R;9S;10S;13R;14S;17R)-17-[(2R;5R)-5;6-dimethylheptan-2-yl]-10;13-dimethyl-2;3;4;5;6;7;8;9;11;12;14;15;16;17-tetradecahydro-1H-cyclopenta[a]phenanthren-3-ol","CC(C)C(C)CCC(C)C1CCC2C1(CCC3C2CCC4C3(CCC(C4)O)C)C","NA","NA","HMDB0000534","NA","NA","NA","NA","HMDB"
"20134","NA","5-Androstene-3b;16a;17a-triol","5-Androstene-3b;16a;17a-triol is a normal urinary steroid in newborn infants (PMID 14709852); in the mono- and disulfate fractions of human bile (PMID 5410667); and was found in the blood of a patient with paraquat poisoning (PMID 7094338)","Androst-5-ene-3b;16a;17a-triol","306.44","C19H30O3","(3b;16a;17a)-androst-5-ene-3;16;17-triol","CC12CCC3C(CC=C4CC(O)CCC34C)C1CC(O)C2O","NA","NA","HMDB0000540","NA","NA","NA","NA","HMDB"
"20135","247732","Epietiocholanolone","NA","Epietiocholanolone  3.beta.-Etiocholanolone  5.beta.-Epiandrosterone  epi-5.beta.-androsterone  Etiocholan-3.beta.-ol-17-one  3.beta.-Hydroxyetiocholan-17-one  3.beta.-Hydroxy-5.beta.-androstane-17-on","290.44","C19H30O2","(3S;5R;8R;9S;10S;13S;14S)-3-hydroxy-10;13-dimethyl-1;2;3;4;5;6;7;8;9;11;12;14;15;16-tetradecahydrocyclopenta[a]phenanthren-17-one","CC12CCC(CC1CCC3C2CCC4(C3CCC4=O)C)O","NA","NA","HMDB0000546","NA","NA","NA","NA","HMDB"
"20136","151188","5-androstene-3;16;17-triol","structure","5-Androstene-3;16;17-triol 5-Androstene-3beta;16alpha;17beta-triol  Androst-5-ene-3;16;17-triol; (3beta;16alpha;17beta)-","306.44","C19H30O3","(8R;9S;10R;13S;14S)-10;13-dimethyl-2;3;4;7;8;9;11;12;14;15;16;17-dodecahydro-1H-cyclopenta[a]phenanthrene-3;16;17-triol","CC12CCC(CC1=CCC3C2CCC4(C3CC(C4O)O)C)O","NA","NA","HMDB0000550","NA","NA","NA","NA","HMDB"
"20137","636741","Sitosterol","RN given refers to cpd without isomeric designation; structure in  first source","Clionasterol sitosterol  GAMMA-SITOSTEROL  (24alphaFH)-stigmast-5-en-3beta-ol  (3beta;8xi;9xi;10xi;13xi;14xi;17xi;24S)-stigmast-5-en-3-ol  stigmast-5-en-3-ol; (3beta;8xi;9xi;10xi;13xi;14xi;17xi;24S)- ","414.71","C29H50O","(3S;8R;9R;10S;13R;14S;17R)-17-[(2R;5S)-5-ethyl-6-methylheptan-2-yl]-10;13-dimethyl-2;3;4;7;8;9;11;12;14;15;16;17-dodecahydro-1H-cyclopenta[a]phenanthren-3-ol","CCC(CCC(C)C1CCC2C1(CCC3C2CC=C4C3(CCC(C4)O)C)C)C(C)C","NA","NA","HMDB0000649","NA","NA","NA","Q9YHT3; P49884; P06212; Q91424; P57717; Q53AD2; Q9TV98; P03372; Q9YHZ7; P49886; Q9QZJ5; P57753; P19785; P16058; P50240; Q9YH33; P50241; O42132; Q29040","HMDB"
"20138","92128","5alpha-Cholestan-3-one","NA","5alpha-Cholestan-3-one  5alpha-Cholestanone  5A-Cholestan-3-one  3-Keto-5alpha-cholestane","386.65","C27H46O","(5S;8R;9S;10S;13R;14S;17R)-10;13-dimethyl-17-[(2R)-6-methylheptan-2-yl]-1;2;4;5;6;7;8;9;11;12;14;15;16;17-tetradecahydrocyclopenta[a]phenanthren-3-one","CC(C)CCCC(C)C1CCC2C1(CCC3C2CCC4C3(CCC(=O)C4)C)C","NA","C03238","HMDB0000871","NA","NA","NA","NA","HMDB"
"20139","NA","Tauroursocholic acid","Tauroursocholic acid is a bile acid formed in the liver by conjugation of deoxycholate with taurine; usually as the sodium salt. Bile acids are steroid acids found predominantly in bile of mammals. The distinction between different bile acids is minute; depends only on presence or absence of hydroxy","Tauroursocholate#Tauroursocholic acid#Ursocholyltaurine","515.7","C26H45NO7S","2-[[(3a;5b;7b;12a)-3;7;12-trihydroxy-24-oxocholan-24-yl]amino]-Ethanesulfonic acid","CC(CCC(=O)NCCS(O)(=O)=O)C1CCC2C3C(O)CC4CC(O)CCC4(C)C3CC(O)C12C","NA","NA","HMDB0000889","NA","NA","NA","NA","HMDB"
"20140","6432729","Cholestanol","A cholesterol derivative found in human feces; gallstones; eggs; and  other biological matter.","CHOLESTANOL Cholestan-3-ol; (3.beta.;5.alpha.)-","388.67","C27H48O","(3S;5S)-10;13-dimethyl-17-(6-methylheptan-2-yl)-2;3;4;5;6;7;8;9;11;12;14;15;16;17-tetradecahydro-1H-cyclopenta[a]phenanthren-3-ol","CC(C)CCCC(C)C1CCC2C1(CCC3C2CCC4C3(CCC(C4)O)C)C","NA","NA","HMDB0000908","NA","NA","NA","NA","HMDB"
"20141","440","Cholest-4-en-3-one","NA","Cholestenone  cholest-4-en-3-one 3-Oxocholest-4-ene  4-Cholesten-3-one delta-4-Cholesten-3-one","384.64","C27H44O","10;13-dimethyl-17-(6-methylheptan-2-yl)-1;2;6;7;8;9;11;12;14;15;16;17-dodecahydrocyclopenta[a]phenanthren-3-one","CC(C)CCCC(C)C1CCC2C1(CCC3C2CCC4=CC(=O)CCC34C)C","NA","C00599","HMDB0000921","NA","NA","NA","NA","HMDB"
"20142","NA","Taurallocholic acid","An ethanesulfonic acid derivative of Cholane. Tauroallocholic acid is a bile acid. Bile acids are steroid acids found predominantly in bile of mammals. The distinction between different bile acids is minute; depends only on presence or absence of hydroxyl groups on positions 3; 7; and 12.","Taurallocholate#Taurallocholic acid","515.7","C26H45NO7S","2-[[(3a;5a;7a;12a)-3;7;12-trihydroxy-24-oxocholan-24-yl]amino]-Ethanesulfonic acid","CC(CCC(=O)NCCS(O)(=O)=O)C1CCC2C3C(O)CC4CC(O)CCC4(C)C3CC(O)C12C","NA","NA","HMDB0000922","NA","NA","NA","NA","HMDB"
"20143","11300","5-Cholestene","NA","5-Cholestene  CHOLEST-5-ENE","370.65","C27H46","10;13-dimethyl-17-(6-methylheptan-2-yl)-2;3;4;7;8;9;11;12;14;15;16;17-dodecahydro-1H-cyclopenta[a]phenanthrene","CC(C)CCCC(C)C1CCC2C1(CCC3C2CC=C4C3(CCCC4)C)C","NA","C05416","HMDB0000941","NA","NA","NA","NA","HMDB"
"20144","440670","5alpha-Cholesta-7;24-dien-3beta-ol","NA","5alpha-Cholesta-7;24-dien-3beta-ol","384.64","C27H44O","(3S;5S;10S;13R;14R;17R)-10;13-dimethyl-17-[(2R)-6-methylhept-5-en-2-yl]-2;3;4;5;6;9;11;12;14;15;16;17-dodecahydro-1H-cyclopenta[a]phenanthren-3-ol","CC(CCC=C(C)C)C1CCC2C1(CCC3C2=CCC4C3(CCC(C4)O)C)C","NA","C05439","HMDB0006842","NA","NA","NA","NA","Pubchem"
"20145","133187","32-oxolanosterol","found in mevalonate-treated cell cultures","32-Oxolanosterol 32-Ketolanosterol Lanosta-8;24-dien-30-al; 3-hydroxy-; (3beta)-","440.7","C30H48O2","(3S;10S;13R;14S;17R)-3-hydroxy-4;4;10;13-tetramethyl-17-[(2R)-6-methylhept-5-en-2-yl]-2;3;5;6;7;11;12;15;16;17-decahydro-1H-cyclopenta[a]phenanthrene-14-carbaldehyde","CC(CCC=C(C)C)C1CCC2(C1(CCC3=C2CCC4C3(CCC(C4(C)C)O)C)C)C=O","NA","NA","HMDB0001421","NA","NA","NA","NA","HMDB"
"20146","NA","Alloepipregnanolone","This compound is the byproduct of 3beta-hydroxy-5alpha-steroid dehydrogenase (EC 1.1.1.278). With regard to hypothermia; the compound interferes with the development of rapid tolerance to the anxiolytic effect of ethanol. (PMID: 16612485)","3-Deoxo-3b-hydroxy-5a-dihydroprogesterone#3b-Allopregnanolone#3b-Hydroxy-5a;17b-pregnan-20-one#3b-Hydroxy-5a-pregnan-20-one#3b-Hydroxy-5a-tetrahydroprogesterone#5a-Dihydropregnenolone#5a-Pregnan-3b-ol","318.49","C21H34O2","3beta-hydroxy-5alpha-pregnan-20-one","CC(=O)C1CCC2C3CCC4CC(O)CCC4(C)C3CCC12C","NA","C15484","HMDB0001455","NA","NA","NA","NA","HMDB"
"20147","5284208","5beta-Cholestane-3alpha;7alpha;12alpha;23-tetrol","NA","5beta-Cholestane-3alpha;7alpha;12alpha;23-tetrol","436.67","C27H48O4","(3R;5S;7R;8R;9S;10S;12S;13R;14S;17R)-17-[(2R)-4-hydroxy-6-methylheptan-2-yl]-10;13-dimethyl-2;3;4;5;6;7;8;9;11;12;14;15;16;17-tetradecahydro-1H-cyclopenta[a]phenanthrene-3;7;12-triol","CC(C)CC(CC(C)C1CCC2C1(C(CC3C2C(CC4C3(CCC(C4)O)C)O)O)C)O","NA","NA","HMDB0001968","NA","NA","NA","NA","HMDB"
"20148","132886","27-norcholestane-3;7;12;24;25-pentol","bile alcohol found in urine","27-Norcholestane-3;7;12;24;25-pentol 26(or 27)-Norcholestane-3;7;12;24;25-pentol 27-NC-3;7;12;24;25-PO 27-Nor-5beta-cholestane-3alpha;7alpha;12alpha;24;25-pentol  27-Norcholestane-3;7;12;24;25-pentol;","438.64","C26H46O5","(3R;5S;7R;8R;9S;10S;12S;13R;14S;17S)-17-[(2R)-5;6-dihydroxyheptan-2-yl]-10;13-dimethyl-2;3;4;5;6;7;8;9;11;12;14;15;16;17-tetradecahydro-1H-cyclopenta[a]phenanthrene-3;7;12-triol","CC(CCC(C(C)O)O)C1CCC2C1(C(CC3C2C(CC4C3(CCC(C4)O)C)O)O)C","NA","NA","HMDB0002126","NA","NA","NA","NA","HMDB"
"20149","NA","3a;20b-Pregnanediol","Complex steroid in human breast milk that inhibits hepatic glucuronyl transferase (4246186)","3-alpha;20-beta-Pregnanediol","320.51","C21H36O2","NA","CC(O)C1CCC2C3CCC4CC(O)CCC4(C)C3CCC12C","NA","NA","HMDB0002156","NA","NA","NA","A3F8U8; Q9GYU4; Q9ARY7; A6H6R7; Q0VEX8; Q14AH9; Q53WT3; Q543Z0; Q544F7; Q544G1; Q5SUU4; Q5SUU5; Q8BHM6; Q8C446; Q8C7N0; Q8CAB3; Q9JLE7; Q9JLE8; Q9JLE9","HMDB"
"20150","NA","7a;12a-Dihydroxy-cholestene-3-one","7a;12a-Dihydroxy-cholestene-3-one is an intermediate in bile acid synthesis; is considerably higher in patients with cerebrotendinous xanthomatosis (CTX) than in the normal liver. (PMID 7017048)","7-alpha;12-alpha-dihydroxy-4-cholesten-3-one#7-alpha;12-alpha-dihydroxycholest-4-en-3-one#7-a;12-a-dihydroxy-4-cholesten-3-one#7-a;12-a-dihydroxycholest-4-en-3-one#7alpha;12alpha-Dihydroxy-cholestene-","416.64","C27H44O3","NA","CC(C)CCCC(C)C1CCC2C3C(O)CC4CC(=O)C=CC4(C)C3CC(O)C12C","NA","NA","HMDB0002197","NA","NA","NA","NA","HMDB"
"20151","194244","Taurochenodeoxycholate-3-sulfate","NA","TCDCS Taurochenodeoxycholate-3-sulfate Taurochenodeoxycholate-3-sulfate conjugate Ethanesulfonic acid;  2-(((3alpha;5beta;7alpha)-7-hydroxy-24-oxo-3-(sulfooxy)cholan-24-yl)am  ino)-; (S)-","579.77","C26H45NO9S2","2-[[(4R)-4-[(3R;5R;7R;10S;13R;17R)-7-hydroxy-10;13-dimethyl-3-sulfooxy-2;3;4;5;6;7;8;9;11;12;14;15;16;17-tetradecahydro-1H-cyclopenta[a]phenanthren-17-yl]pentanoyl]amino]ethanesulfonic acid","CC(CCC(=O)NCCS(=O)(=O)O)C1CCC2C1(CCC3C2C(CC4C3(CCC(C4)OS(=O)(=O)O)C)O)C","NA","NA","HMDB0002486","NA","NA","NA","NA","HMDB"
"20152","451487","Taurolithocholic acid 3-sulfate","NA","Taurolithocholic acid 3-sulfate Ethanesulfonic acid; 2-(((3.alpha.;  5.beta.)-24-oxo-3-(sulfooxy)cholan-24-yl)amino)-","563.77","C26H45NO8S2","2-[[(4R)-4-[(3R;5R;8R;10S;13R;14S;17R)-10;13-dimethyl-3-sulfooxy-2;3;4;5;6;7;8;9;11;12;14;15;16;17-tetradecahydro-1H-cyclopenta[a]phenanthren-17-yl]pentanoyl]amino]ethanesulfonic acid","CC(CCC(=O)NCCS(=O)(=O)O)C1CCC2C1(CCC3C2CCC4C3(CCC(C4)OS(=O)(=O)O)C)C","NA","C03642","HMDB0002580","NA","NA","NA","NA","HMDB"
"20153","NA","Taurocholic acid 3-sulfate","Taurocholic acid 3-sulfate is a sulfated bile acid. It is a sulfate salt of taurocholic acid and is also known as cholaic acid; cholyltaurine; or acidum cholatauricum. Under normal circumstances; bile acid sulfation is a minor pathway. However in the presence of cholestasis; the fraction of the bile","3-Sulfocholyltaurine#Taurocholic acid 3-sulfate#Taurocholic acid 3-sulfic acid#Taurocholic acid 3a-sulfate","595.77","C26H45NO10S2","2-[[(3a;5b;7a;12a)-7;12-dihydroxy-24-oxo-3-(sulfooxy)cholan-24-yl]amino]-ethanesulfonic acid","CC(CCC(=O)NCCS(O)(=O)=O)C1CCC2C3C(O)CC4CC(CCC4(C)C3CC(O)C12C)OS(O)(=O)=O","NA","NA","HMDB0002581","NA","NA","NA","NA","HMDB"
"20154","246873","Cortol","RN given refers to (3alpha;5beta;11beta;20S)-isomer","Cortol cortol  .alpha.-Cortol  20alpha-Cortol  20.alpha.-Cortol  5beta-Pregnane-3alpha;11beta;17;20;21-pentol  3alpha;11beta;17;20alpha;21-Pentahydroxypregnane  3.alpha.;11.beta.;17;20.alpha.;21-Penta","368.51","C21H36O5","(3R;5R;8S;9S;10S;11S;13S;14S;17R)-17-[(1S)-1;2-dihydroxyethyl]-10;13-dimethyl-1;2;3;4;5;6;7;8;9;11;12;14;15;16-tetradecahydrocyclopenta[a]phenanthrene-3;11;17-triol","CC12CCC(CC1CCC3C2C(CC4(C3CCC4(C(CO)O)O)C)O)O","NA","C05481","HMDB0003180","NA","NA","NA","NA","HMDB"
"20155","252379","19-hydroxy-4-androstene-3;17-dione","NA","19-Hydroxyandrostenedione  19-hydroxy-4-androstene-3;17-dione  19-Hydroxyandrost-4-ene-3;17-dione  19-hydroxy-4-androstene-3;17-dione  4-Androsten-19-ol-3;17-dione  4-Androstene-3;17-dione-19-ol","302.41","C19H26O3","(8R;9S;10S;13S;14S)-10-(hydroxymethyl)-13-methyl-2;6;7;8;9;11;12;14;15;16-decahydro-1H-cyclopenta[a]phenanthrene-3;17-dione","CC12CCC3C(C1CCC2=O)CCC4=CC(=O)CCC34CO","NA","C05290","HMDB0003955","NA","NA","NA","NA","HMDB"
"20156","167685","22-hydroxycholesterol","NA","22R-hydroxycholesterol 22-hydroxycholesterol  22(R)-Hydroxycholesterol  22beta-Hydroxycholesterol  22alpha-Hydroxycholesterol  (22R)-22-Hydroxycholesterol cholest-5-en-3beta;22R-diol  5-Cholestene-3be","402.65","C27H46O2","(3S;8S;9S;10R;13S;14S;17R)-17-[(2S;3R)-3-hydroxy-6-methylheptan-2-yl]-10;13-dimethyl-2;3;4;7;8;9;11;12;14;15;16;17-dodecahydro-1H-cyclopenta[a]phenanthren-3-ol","CC(C)CCC(C(C)C1CCC2C1(CCC3C2CC=C4C3(CCC(C4)O)C)C)O","NA","C05502","HMDB0004035","NA","NA","NA","Q3SZL0; Q96RI1; Q60641; Q62735; Q811W9; Q811X0; Q811X1; Q811X2; Q8JHU2","HMDB"
"20157","440711","20-hydroxycholesterol","RN given refers to (20S)-isomer","20alpha-Hydroxycholesterol (3BETA;20R)-CHOLEST-5-ENE-3;20-DIOL  (3S;8S;9S;10R;13S;14S;17S)-17-  -10;13-dimethyl-2;3;4;7;8;9;11;12;14;15;16;17-dodecahydro-1H-cyclopent  aphenanthren-3-ol","402.65","C27H46O2","(3S;8S;9S;10R;13S;14S;17S)-17-[(2R)-2-hydroxy-6-methylheptan-2-yl]-10;13-dimethyl-2;3;4;7;8;9;11;12;14;15;16;17-dodecahydro-1H-cyclopenta[a]phenanthren-3-ol","CC(C)CCCC(C)(C1CCC2C1(CCC3C2CC=C4C3(CCC(C4)O)C)C)O","1ZHW","C05500","HMDB0006283","NA","NA","NA","NA","HMDB"
"20158","5281058","previtamin D(3)","RN given refers to (3 beta;6Z)-isomer; structure in first source","Previtamin D(3)  previtamin D_3 / precholecalciferol / (6Z)-tacalciol  (3beta;6Z)-9;10-Secocholesta-5(10);6;8-trien-3-ol  (6Z)-(3S)-9;10-seco-5(10);6;8-cholestatrien-3-ol  1173-13-3 previtamin D(3)","384.64","C27H44O","(1S)-3-[(Z)-2-[(1R;3aR;7aR)-7a-methyl-1-[(2R)-6-methylheptan-2-yl]-1;2;3;3a;6;7-hexahydroinden-4-yl]ethenyl]-4-methylcyclohex-3-en-1-ol","CC1=C(CC(CC1)O)C=CC2=CCCC3(C2CCC3C(C)CCCC(C)C)C","NA","C07711","HMDB0006500","NA","NA","NA","NA","HMDB"
"20159","NA","5beta-Cholestanone","5beta-Cholestanone is an oxidation product of coprosterol. It is a substrate of cholestenone 5beta-reductase [EC 1.3.1.3] (KEGG).","5beta Cholestanone#5beta-Cholestan-3-one#(5b)-Coprostan-3-one#5B-Cholestan-3-one","386.65","C27H46O","10;13-dimethyl-17-(6-methylheptan-2-yl)-1;2;4;5;6;7;8;9;11;12;14;15;16;17-tetradecahydrocyclopenta[b]phenanthren-3-one","CC(C)CCCC(C)C1CCC2C3CCC4CC(=O)CCC4(C)C3CCC12C","NA","C03091","HMDB0011182","NA","NA","NA","NA","HMDB"
"20160","440624","2-methoxyestrone","NA","2-METHOXYESTRONE Estrone; 2-methoxy-  2-Hydroxyestrone 2-methyl ether  2-Methoxy-17-oxoestra-1;3;5(10)-trien-3-ol  2-methoxy;3-hydroxy-estra-1;3;5(10)-trien-17-one","300.39","C19H24O3","(8R;9S;13S;14S)-3-hydroxy-2-methoxy-13-methyl-7;8;9;11;12;14;15;16-octahydro-6H-cyclopenta[a]phenanthren-17-one","CC12CCC3C(C1CCC2=O)CCC4=CC(=C(C=C34)OC)O","NA","C05299","HMDB0000010","NA","NA","NA","NA","HMDB"
"20161","114852","16-hydroxyestrone","has implications in estrogen physiology and pathophysiology; RN given  refers to parent cpd; structure in Negwer; 5th ed; #3670","16-Hydroxyestrone 16beta-Hydroxyestrone  16alpha-Hydroxyestrone  3;16-Dihydroxyestra-1;3;5(10)-trien-17-one  Estra-1;3;5(10)-trien-17-one; 3;16-dihydroxy-","286.37","C18H22O3","(8R;9S;13S;14S)-3;16-dihydroxy-13-methyl-7;8;9;11;12;14;15;16-octahydro-6H-cyclopenta[a]phenanthren-17-one","CC12CCC3C(C1CC(C2=O)O)CCC4=C3C=CC(=C4)O","NA","NA","HMDB0000313","NA","NA","NA","NA","HMDB"
"20162","6452574","16alpha-hydroxypregnenolone","RN given refers to (3beta;16alpha)-isomer","16-alpha-Hydroxypregnenolone  3beta;16alpha-Dihydroxypregn-5-en-20-one  (3beta;16alpha)-3;16-dihydroxypregn-5-en-20-one  Pregn-5-en-20-one; 3;16-dihydroxy-; (3beta;16alpha)-  3 beta;16 alpha-dihydroxy","332.48","C21H32O3","1-[(3S;8S;9S;10R;13S;14S;16R;17R)-3;16-dihydroxy-10;13-dimethyl-2;3;4;7;8;9;11;12;14;15;16;17-dodecahydro-1H-cyclopenta[a]phenanthren-17-yl]ethanone","CC(=O)C1C(CC2C1(CCC3C2CC=C4C3(CCC(C4)O)C)C)O","NA","C06390","HMDB0000315","NA","NA","NA","NA","HMDB"
"20163","3269","Epiestriol","A hydroxylated metabolite of ESTRADIOL or ESTRONE that has a hydroxyl  group at C3-beta; 16-alpha; and 17-beta position. Estriol is a major  urinary estrogen. During PREGNANCY; large amount of estriol is  produced by the PLACENTA. Isomers with inversion of the hydroxyl group  or groups are called ep","Epiestriol Estriol  16-Epiestriol","288.38","C18H24O3","13-methyl-6;7;8;9;11;12;14;15;16;17-decahydrocyclopenta[a]phenanthrene-3;16;17-triol","CC12CCC3C(C1CC(C2O)O)CCC4=C3C=CC(=C4)O","NA","NA","HMDB0000347","NA","NA","NA","NA","Pubchem; HMDB"
"20164","102030","16-hydroxydehydroepiandrosterone","RN refers to (3beta;16alpha)-isomer","16alpha-Hydroxydehydroepiandrosterone  16-Hydroxydehydroepiandrosterone  5-Androstene-3beta;16alpha-diol-17-one  3beta;16alpha-Dihydroxyandrost-5-en-17-one  16alpha-Hydroxydehydroepiandrosterone sulfa","304.42","C19H28O3","(3S;8R;9S;10R;13S;14S;16R)-3;16-dihydroxy-10;13-dimethyl-1;2;3;4;7;8;9;11;12;14;15;16-dodecahydrocyclopenta[a]phenanthren-17-one","CC12CCC(CC1=CCC3C2CCC4(C3CC(C4=O)O)C)O","NA","C05139","HMDB0000352","NA","NA","NA","NA","HMDB"
"20165","133455","3beta;15beta;17alpha-Trihydroxy-5-pregnen-20-one","found in urine of newborn infants","3;15;17-Thp-20 3 beta;15 beta;17alpha-trihydroxy-5-pregnen-20-one  3beta;15beta;17alpha-Trihydroxy-5-pregnen-20-one  Pregn-5-en-20-one; 3;15;17-trihydroxy-; (3beta;15beta)-","348.48","C21H32O4","1-[(3S;8R;9S;10R;13S;14S;15R;17R)-3;15;17-trihydroxy-10;13-dimethyl-1;2;3;4;7;8;9;11;12;14;15;16-dodecahydrocyclopenta[a]phenanthren-17-yl]ethanone","CC(=O)C1(CC(C2C1(CCC3C2CC=C4C3(CCC(C4)O)C)C)O)O","NA","NA","HMDB0000353","NA","NA","NA","NA","HMDB"
"20166","256737","17-Epiestriol","A hydroxylated metabolite of ESTRADIOL or ESTRONE that has a hydroxyl  group at C3-beta; 16-alpha; and 17-beta position. Estriol is a major  urinary estrogen. During PREGNANCY; large amount of estriol is  produced by the PLACENTA. Isomers with inversion of the hydroxyl group  or groups are called ep","Epiestriol Estriol  17-Epiestriol","288.38","C18H24O3","(8R;9S;13S;14S;16R;17S)-13-methyl-6;7;8;9;11;12;14;15;16;17-decahydrocyclopenta[a]phenanthrene-3;16;17-triol","CC12CCC3C(C1CC(C2O)O)CCC4=C3C=CC(=C4)O","2J7Y","NA","HMDB0000356","NA","NA","NA","Q9W669; Q9IAL9; O13012; Q9XSB5; Q95171; Q9PTU5; O93511; Q92731; Q9IAK1; Q9TTE5; P57781; O08537; P57782; Q9YH32; Q9XSW2; Q62986; Q9TU15; Q9W6M2; Q9PVE2","Pubchem; HMDB"
"20167","13102116","3b;17b-Dihydroxyetiocholane","NA","NA","292.46","C19H32O2","(3S;8R;9S;10S;13S;14S;17S)-10;13-dimethyl-2;3;4;5;6;7;8;9;11;12;14;15;16;17-tetradecahydro-1H-cyclopenta[a]phenanthrene-3;17-diol","CC12CCC(CC1CCC3C2CCC4(C3CCC4O)C)O","NA","NA","HMDB0000369","NA","NA","NA","NA","HMDB"
"20168","192735","17; 21-dihydroxypregnenolone","NA","17; 21-Dihydroxypregnenolone 3beta;17;21-Trihydroxypregn-5-en-20-one","348.48","C21H32O4","1-[(3S;8R;9S;10R;13S;14S;17R)-3;17-dihydroxy-10;13-dimethyl-1;2;3;4;7;8;9;11;12;14;15;16-dodecahydrocyclopenta[a]phenanthren-17-yl]-2-hydroxyethanone","CC12CCC(CC1=CCC3C2CCC4(C3CCC4(C(=O)CO)O)C)O","NA","NA","HMDB0000382","NA","NA","NA","NA","HMDB"
"20169","168847","16-Hydroxydehydroepiandrosterone sulfate","RN given refers to cpd with unspecified sulfate ester linkage locant  and (3 beta;16 beta)-isomer","16beta-OH-Dhea sulfate 16 alpha-OH-DHEA-sulfate  16-Hydroxydehydroepiandrosterone sulfate  16beta-Hydroxydehydroepiandrosterone sulfate  Androst-5-en-17-one; 3;16-dihydroxy-; mono(hydrogen sulfate);  ","384.49","C19H28O6S","[(3S;8R;9S;10R;13S;14S;16S)-3-hydroxy-10;13-dimethyl-17-oxo-1;2;3;4;7;8;9;11;12;14;15;16-dodecahydrocyclopenta[a]phenanthren-16-yl] hydrogensulfate","CC12CCC(CC1=CCC3C2CCC4(C3CC(C4=O)OS(=O)(=O)O)C)O","NA","NA","HMDB0000386","NA","NA","NA","NA","HMDB"
"20170","66414","2-methoxyestradiol","RN given refers to (17beta)-isomer","2-methoxyestradiol  2-Methoxyestradiol-17beta  Estradiol; 2-methoxy-  2-Hydroxyestradol 2-methyl ether  2ME2  2-MeOE2  2-methoxy-17beta-estradiol","302.41","C19H26O3","(8R;9S;13S;14S;17S)-2-methoxy-13-methyl-6;7;8;9;11;12;14;15;16;17-decahydrocyclopenta[a]phenanthrene-3;17-diol","CC12CCC3C(C1CCC2O)CCC4=CC(=C(C=C34)OC)O","1LHW","C05302","HMDB0000405","NA","NA","NA","Q9YHT3; P49884; P06212; Q91424; P57717; Q53AD2; Q9TV98; P03372; Q9YHZ7; P49886; Q9QZJ5; P57753; P19785; P16058; P50240; Q9YH33; P50241; O42132; Q29040","HMDB"
"20171","644042","17-hydroxypregnenolone sulfate","RN given refers to unspecified sulfate position in Chemline","17OH-Psulf  17-Hydroxypregnenolone sulfate 17-Hydroxypregnenolone 3-sulfate 17alpha-Hydroxypregnenolone sulfate  17alpha-Hydroxypregnenolone 3-sulfate  pregn-5-en-20-one; 17-hydroxy-3-(sulfooxy)-; (3b","412.54","C21H32O6S","[(3S;8R;9S;10R;13S;14S;17R)-17-acetyl-17-hydroxy-10;13-dimethyl-1;2;3;4;7;8;9;11;12;14;15;16-dodecahydrocyclopenta[a]phenanthren-3-yl] hydrogensulfate","CC(=O)C1(CCC2C1(CCC3C2CC=C4C3(CCC(C4)OS(=O)(=O)O)C)C)O","NA","NA","HMDB0000416","NA","NA","NA","NA","HMDB"
"20172","123655","18-hydroxycortisol","from urine of patients with primary aldosteronism","18-hydroxycortisol Pregn-4-en-3-one; 18;20-epoxy-11;17;20;21-tetrahydroxy-; (11beta)-","378.46","C21H30O6","NA","CC12CCC(=O)C=C1CCC3C2C(CC45C3CCC4(C(OC5)(CO)O)O)O","NA","NA","HMDB0000418","NA","NA","NA","NA","HMDB"
"20173","NA","16;17-Epiestriol","A hydroxylated metabolite of estradiol or estrone that has a hydroxyl group at C3-beta; 16-; and 17- position. Estriol is a major urinary estrogen. During pregnancy; large amount of estriol is produced by the placenta. Isomers with inversion of the hydroxyl group or groups are called epiestriol (16-","16;17-Epiestriol#16;17-epi-Estriol#16b;17a-Estriol#16b-Hydroxy-17a-estradiol#Estra-1;3;5(10)-triene-3;16b;17a-triol#trans-Estriol","288.38","C18H24O3","(16b;17a)-Estra-1;3;5(10)-triene-3;16;17-triol","CC12CCC3C(CCC4=C3C=CC(O)=C4)C1CC(O)C2O","NA","NA","HMDB0000431","NA","NA","NA","NA","HMDB"
"20174","5284212","5beta-Cholestane-3alpha;7alpha;12alpha;23;25-pentol","NA","5beta-Cholestane-3alpha;7alpha;12alpha;23;25-pentol","452.67","C27H47O5","(3R;5S;7R;8R;9S;10S;12S;13R;14S;17R)-17-[(2R)-4;6-dihydroxy-6-methylheptan-2-yl]-10;13-dimethyl-2;3;4;5;6;7;8;9;11;12;14;15;16;17-tetradecahydro-1H-cyclopenta[a]phenanthrene-3;7;12-triol","CC(CC(CC(C)(C)O)O)C1CCC2C1(C(CC3C2C(CC4C3(CCC(C4)O)C)O)O)C","NA","NA","HMDB0000483","NA","NA","NA","NA","HMDB"
"20175","242332","3beta androstanediol","NA","3beta androstanediol  Androstan-3beta;17beta-diol  5alpha-Androstan-3beta;17beta-diol  3.beta.;17.beta.-Androstanediol  3beta;17beta-Dihydroxy-5alpha-androstane","292.46","C19H32O2","(3S;5S;8R;9S;10S;13S;14S;17S)-10;13-dimethyl-2;3;4;5;6;7;8;9;11;12;14;15;16;17-tetradecahydro-1H-cyclopenta[a]phenanthrene-3;17-diol","CC12CCC(CC1CCC3C2CCC4(C3CCC4O)C)O","1LHO","C12525","HMDB0000493","NA","NA","NA","Q9W669; Q9IAL9; O13012; Q9XSB5; Q95171; Q9PTU5; O93511; Q92731; Q9IAK1; Q9TTE5; P57781; O08537; P57782; Q9YH32; Q9XSW2; Q62986; Q9TU15; Q9W6M2; Q9PVE2","HMDB"
"20176","NA","5b-Cholestane-3a;7a;12a;23R;25-pentol","5b-Cholestane-3a;7a;12a;23R;25-pentol is a bile alcohol present in the urine of patients with cerebrotendinous xanthomatosis; but not in feces. A possible explanation for the urinary cholestanepentols is that the major serum bile alcohol; 5b-cholestane-3a;7a;12a;25-tetrol; might be hydroxylated at C","17-(3;5-dihydroxy-1;5-dimethyl-hexyl)-10;13-dimethyl-hexadecahydro-cyclopenta[a]phenanthrene-3;7;12-triol#5b-Cholestane-3a;7a;12a;23R;25-pentol","452.67","C27H48O5","NA","CC(CC(O)CC(C)(C)O)C1CCC2C3C(O)CC4CC(O)CCC4(C)C3CC(O)C12C","NA","NA","HMDB0000513","NA","NA","NA","NA","HMDB"
"20177","5284213","5beta-Cholestane-3alpha;7alpha;12alpha;24;25-pentol","NA","5beta-Cholestane-3alpha;7alpha;12alpha;24;25-pentol","452.67","C27H48O5","(3R;5S;7R;8R;9S;10S;12S;13R;14S;17R)-17-[(2R)-5;6-dihydroxy-6-methylheptan-2-yl]-10;13-dimethyl-2;3;4;5;6;7;8;9;11;12;14;15;16;17-tetradecahydro-1H-cyclopenta[a]phenanthrene-3;7;12-triol","CC(CCC(C(C)(C)O)O)C1CCC2C1(C(CC3C2C(CC4C3(CCC(C4)O)C)O)O)C","NA","NA","HMDB0000556","NA","NA","NA","NA","HMDB"
"20178","5284250","5alpha-Cholestane-3alpha;7alpha;12alpha;23;25-pentol","NA","5alpha-Cholestane-3alpha;7alpha;12alpha;23;25-pentol","452.67","C27H48O5","(3R;5R;7R;8R;9S;10S;12S;13R;14S;17R)-17-[(2R)-4;6-dihydroxy-6-methylheptan-2-yl]-10;13-dimethyl-2;3;4;5;6;7;8;9;11;12;14;15;16;17-tetradecahydro-1H-cyclopenta[a]phenanthrene-3;7;12-triol","CC(CC(CC(C)(C)O)O)C1CCC2C1(C(CC3C2C(CC4C3(CCC(C4)O)C)O)O)C","NA","NA","HMDB0000558","NA","NA","NA","NA","HMDB"
"20179","10204","Epitestosterone","The 17-alpha isomer of TESTOSTERONE; derived from PREGNENOLONE via the  delta5-steroid pathway; and via 5-androstene-3-beta;17-alpha-diol.  Epitestosterone acts as an antiandrogen in various target tissues. The  ratio between testosterone/epitestosterone is used to monitor anabolic  drug abuse.","Epitestosterone Isotestosterone  cis-Testosterone  17-Epitestosterone  17-alpha-Testosterone Testosterone; cis-  alpha epitestosterone  17 alpha Testosterone","288.42","C19H28O2","(8R;9S;10R;13S;14S;17R)-17-hydroxy-10;13-dimethyl-1;2;6;7;8;9;11;12;14;15;16;17-dodecahydrocyclopenta[a]phenanthren-3-one","CC12CCC3C(C1CCC2O)CCC4=CC(=O)CCC34C","2IPF;2IPG;2IPJ","NA","HMDB0000628","NA","NA","NA","NA","Pubchem; HMDB"
"20180","65076","Cholesteryl sulfate","component of human seminal plasma and spermatozoa; RN given refers to  (3beta)-isomer","Cholesterol sulfate Cholesteryl sulfate Chol-sulf  Cholesterol 3-sulfate  Y5-Cholesten-3beta-yl sulfate  Cholest-5-en-3beta-ol sulfate","466.72","C27H46O4S","[(3S;8S;9S;10R;13R;14S;17R)-10;13-dimethyl-17-[(2R)-6-methylheptan-2-yl]-2;3;4;7;8;9;11;12;14;15;16;17-dodecahydro-1H-cyclopenta[a]phenanthren-3-yl] hydrogen sulfate","CC(C)CCCC(C)C1CCC2C1(CCC3C2CC=C4C3(CCC(C4)OS(=O)(=O)O)C)C","1S0X;2HKA","NA","HMDB0000653","NA","NA","NA","P35398","HMDB"
"20181","167758","Cholestane-3;7;12;25-tetrol","bile alcohol; structure in 4th source","Cholestane-3;7;12;25-tetrol 5beta-Cholestane-3alpha;7alpha;12alpha;25-tetrol  5beta-Cholestane-3beta;7alpha;12alpha;25-tetrol  Cholestane-3;7;12;25-tetrol; (3alpha;5beta;7alpha;12alpha)-","436.67","C27H48O4","(3R;5S;7R;8R;9S;10S;12S;13R;14S)-17-[(2R)-6-hydroxy-6-methylheptan-2-yl]-10;13-dimethyl-2;3;4;5;6;7;8;9;11;12;14;15;16;17-tetradecahydro-1H-cyclopenta[a]phenanthrene-3;7;12-triol","CC(CCCC(C)(C)O)C1CCC2C1(C(CC3C2C(CC4C3(CCC(C4)O)C)O)O)C","NA","NA","HMDB0000655","NA","NA","NA","NA","HMDB"
"20182","105074","Pregnenolone sulfate","RN given refers to (3 beta)-isomer","pregnenolone sulfate  Pregn-sulf  Pregnenolone monosulfate  Pregnenolone 3beta-sulfate  5-Pregnen-3beta-ol-20-one sulfate  Pregnenolone hydrogen sulfate  (3beta)-3-(sulfooxy)pregn-5-en-20-one  5-Pregn","396.54","C21H32O5S","[(3S;8S;9S;10R;13S;14S;17S)-17-acetyl-10;13-dimethyl-2;3;4;7;8;9;11;12;14;15;16;17-dodecahydro-1H-cyclopenta[a]phenanthren-3-yl] hydrogensulfate","CC(=O)C1CCC2C1(CCC3C2CC=C4C3(CCC(C4)OS(=O)(=O)O)C)C","NA","NA","HMDB0000774","NA","NA","NA","NA","HMDB"
"20183","10594","Taurodeoxycholic Acid","A bile salt formed in the liver by conjugation of deoxycholate with  taurine; usually as the sodium salt. It is used as a cholagogue and  choleretic; also industrially as a fat emulsifier.","Taurodeoxycholate Deoxycholyltaurine Taurine Deoxycholate TAURODEOXYCHOLIC ACID SODIUM TAURODEOXYCHOLATE Ethanesulfonic acid;  2-(((3alpha;5beta;12alpha)-3;12-dihydroxy-24-oxocholan-24-yl)amino)-","499.7","C26H45NO6S","2-[4-[(3R;5R;8R;9S;10S;12S;13R;14S;17R)-3;12-dihydroxy-10;13-dimethyl-2;3;4;5;6;7;8;9;11;12;14;15;16;17-tetradecahydro-1H-cyclopenta[a]phenanthren-17-yl]pentanoylamino]ethanesulfonic acid","CC(CCC(=O)NCCS(=O)(=O)O)C1CCC2C1(C(CC3C2CCC4C3(CCC(C4)O)C)O)C","NA","C05463","HMDB0000896","NA","NA","NA","Q3SZL0; Q96RI1; Q60641; Q62735","HMDB"
"20184","443","5alpha-Androstanedione","RN given refers to cpd without isomeric designation","Androstanedione  5alpha-Androstanedione  Androstan-3;17-dione  Androstane-3;17-dione 5alpha-Androstan-3;17-dione  5alpha-Androstane-3;17-dione  5alpha-Androsta-3;17-dione  5beta-Androstan-3;17-dione  ","288.42","C19H28O2","10;13-dimethyl-2;4;5;6;7;8;9;11;12;14;15;16-dodecahydro-1H-cyclopenta[a]phenanthrene-3;17-dione","CC12CCC(=O)CC1CCC3C2CCC4(C3CCC4=O)C","NA","C00674","HMDB0000899","NA","NA","NA","NA","HMDB"
"20185","10591","Taurochenodeoxycholic Acid","A bile salt formed in the liver by conjugation of chenodeoxycholate  with taurine; usually as the sodium salt. It acts as detergent to  solubilize fats in the small intestine and is itself absorbed. It is  used as a cholagogue and choleretic.","Taurochenodeoxycholate Chenodeoxycholyltaurine Taurine chenodeoxycholate TAUROCHENODEOXYCHOLIC ACID Ethanesulfonic acid;  2-(((3alpha;5beta;7alpha)-3;7-dihydroxy-24-oxocholan-24-yl)amino)-","499.7","C26H45NO6S","2-[4-[(3R;5S;7R;8R;9S;10S;13R;14S;17R)-3;7-dihydroxy-10;13-dimethyl-2;3;4;5;6;7;8;9;11;12;14;15;16;17-tetradecahydro-1H-cyclopenta[a]phenanthren-17-yl]pentanoylamino]ethanesulfonic acid","CC(CCC(=O)NCCS(=O)(=O)O)C1CCC2C1(CCC3C2C(CC4C3(CCC(C4)O)C)O)C","NA","C05465","HMDB0000951","NA","NA","NA","Q3SZL0; Q96RI1; Q60641; Q62735","HMDB"
"20186","656454","4alpha-methyl-5alpha-cholesta-8;24-dien-3-one","NA","4alpha-methyl-5alpha-cholesta-8;24-dien-3-one","396.65","C28H44O","4;10;13-trimethyl-17-(6-methylhept-5-en-2-yl)-1;2;4;5;6;7;11;12;14;15;16;17-dodecahydrocyclopenta[a]phenanthren-3-one","CC1C2CCC3=C(C2(CCC1=O)C)CCC4(C3CCC4C(C)CCC=C(C)C)C","NA","NA","HMDB0000981","NA","NA","NA","NA","HMDB"
"20187","101964","16-dehydroprogesterone","NA","16-Dehydroprogesterone 16;17-Didehydroprogesterone  .DELTA.16-Progesterone  3;20-Dioxopregna-4;16-diene  Pregna-4;16-diene-3;20-dione  4;16-Pregnadiene-3;20-dione","312.45","C21H28O2","(8R;9S;10R;13S;14S)-17-acetyl-10;13-dimethyl-1;2;6;7;8;9;11;12;14;15-decahydrocyclopenta[a]phenanthren-3-one","CC(=O)C1=CCC2C1(CCC3C2CCC4=CC(=O)CCC34C)C","NA","C03207","HMDB0000995","NA","NA","NA","NA","HMDB"
"20188","443212","4;4-dimethylcholesta-8;14;24-trienol","a meiosis activating sterol; RN given refers to  (5alpha;3beta)-isomer","4;4-Dimechol-8;14;24-trienol 4;4-Dimethylcholesta-8;14;24-trienol 4;4-Dimethyl-5alpha-cholesta-8;14;24-trien-3beta-ol (3beta;5alpha)-4;4-Dimethylcholesta-8;14;24-trien-3-ol  Cholesta-8;14;24-trien-3-o","410.67","C29H46O","(3S;5R;10S;13R;17R)-4;4;10;13-tetramethyl-17-[(2R)-6-methylhept-5-en-2-yl]-1;2;3;5;6;7;11;12;16;17-decahydrocyclopenta[a]phenanthren-3-ol","CC(CCC=C(C)C)C1CC=C2C1(CCC3=C2CCC4C3(CCC(C4(C)C)O)C)C","NA","C11455","HMDB0001023","NA","NA","NA","NA","HMDB"
"20189","164906","25-azacholesterol","NA","25-Azacholesterol 25-azacholesterol  24-(Dimethylamino)chol-5-en-3beta-ol  Chol-5-en-3-ol; 24-(dimethylamino)-; (3beta)-","387.64","C26H45NO","(3S;8S;9S;10R;13R;14S;17R)-17-[(2R)-5-dimethylaminopentan-2-yl]-10;13-dimethyl-2;3;4;7;8;9;11;12;14;15;16;17-dodecahydro-1H-cyclopenta[a]phenanthren-3-ol","CC(CCCN(C)C)C1CCC2C1(CCC3C2CC=C4C3(CCC(C4)O)C)C","NA","NA","HMDB0001028","NA","NA","NA","NA","HMDB"
"20190","656457","5alpha-cholesta-8;24-dien-3-one","NA","5alpha-cholesta-8;24-dien-3-one","382.62","C27H42O","10;13-dimethyl-17-(6-methylhept-5-en-2-yl)-1;2;4;5;6;7;11;12;14;15;16;17-dodecahydrocyclopenta[a]phenanthren-3-one","CC(CCC=C(C)C)C1CCC2C1(CCC3=C2CCC4C3(CCC(=O)C4)C)C","NA","NA","HMDB0001093","NA","NA","NA","NA","HMDB"
"20191","656456","4alpha-formyl-5alpha-cholesta-8;24-dien-3beta-ol","NA","4alpha-formyl-5alpha-cholesta-8;24-dien-3beta-ol","412.65","C28H44O2","3-hydroxy-10;13-dimethyl-17-(6-methylhept-5-en-2-yl)-2;3;4;5;6;7;11;12;14;15;16;17-dodecahydro-1H-cyclopenta[a]phenanthrene-4-carbaldehyde","CC(CCC=C(C)C)C1CCC2C1(CCC3=C2CCC4C3(CCC(C4C=O)O)C)C","NA","NA","HMDB0001203","NA","NA","NA","NA","HMDB"
"20192","22212495","4alpha-Methylzymosterol","NA","4alpha-Methylzymosterol  4alpha-methyl-5alpha-cholesta-8;24-dien-3beta-ol  (3beta;4alpha;5alpha)-4-methylcholesta-8;24-dien-3-ol","398.66","C28H46O","(3S;4S;5S;10S;13R;14R;17R)-4;10;13-trimethyl-17-[(2R)-6-methylhept-5-en-2-yl]-2;3;4;5;6;7;11;12;14;15;16;17-dodecahydro-1H-cyclopenta[a]phenanthren-3-ol","CC1C2CCC3=C(C2(CCC1O)C)CCC4(C3CCC4C(C)CCC=C(C)C)C","NA","C05103","HMDB0001217","NA","NA","NA","NA","HMDB"
"20193","656449","4;4-dimethyl-14alpha-hydroxymethyl-5alpha-cholesta-8;24-dien-3beta-ol","NA","4;4-dimethyl-14alpha-hydroxymethyl-5alpha-cholesta-8;24-dien-3beta-ol","442.72","C30H50O2","14-(hydroxymethyl)-4;4;10;13-tetramethyl-17-(6-methylhept-5-en-2-yl)-2;3;5;6;7;11;12;15;16;17-decahydro-1H-cyclopenta[a]phenanthren-3-ol","CC(CCC=C(C)C)C1CCC2(C1(CCC3=C2CCC4C3(CCC(C4(C)C)O)C)C)CO","NA","C01943","HMDB0001242","NA","NA","NA","NA","HMDB"
"20194","440375","4;4-Dimethyl-5alpha-cholest-7-en-3beta-ol","NA","4;4-Dimethyl-5alpha-cholest-7-en-3beta-ol","414.71","C29H50O","(3S;5R;10R;13R;14R;17R)-4;4;10;13-tetramethyl-17-[(2R)-6-methylheptan-2-yl]-1;2;3;5;6;9;11;12;14;15;16;17-dodecahydrocyclopenta[a]phenanthren-3-ol","CC(C)CCCC(C)C1CCC2C1(CCC3C2=CCC4C3(CCC(C4(C)C)O)C)C","NA","C04530","HMDB0001286","NA","NA","NA","NA","HMDB"
"20195","5710148","25-Hydroxyvitamin D2","9;10-Secoergosta-5;7;10(19);22-tetraene-3;25-diol. Biologically active  metabolite of vitamin D2 which is more active in curing rickets than  its parent. The compound is believed to attach to the same receptor as  vitamin D2 and 25-hydroxyvitamin D3.","25-Hydroxycalciferol 25-Hydroxyvitamin D 2  25-Hydroxyvitamin D  25-Hydroxyergocalciferol","412.65","C28H44O2","(1S;3Z)-3-[(2E)-2-[(1R;3aS;7aR)-1-[(E;2R;5S)-6-hydroxy-5;6-dimethylhept-3-en-2-yl]-7a-methyl-2;3;3a;5;6;7-hexahydro-1H-inden-4-ylidene]ethylidene]-4-methylidenecyclohexan-1-ol","CC(C=CC(C)C(C)(C)O)C1CCC2C1(CCCC2=CC=C3CC(CCC3=C)O)C","NA","NA","HMDB0001438","NA","NA","NA","NA","HMDB"
"20196","228491","Epipregnanolone","A pregnane found in the urine of pregnant women and sows. It has  anesthetic; hypnotic; and sedative properties.","Epipregnanolone Pregnanolone  Pregnanolone I  5.beta.-Pregnanolone  Pregnan-3.beta.-ol-20-one  3beta-Hydroxy-5beta-pregnane-20-one  3Beta-hydroxy-5beta-pregnan-20-one  (3beta;5beta)-3-hydroxypregnan-2","318.49","C21H34O2","1-[(3S;5R;8R;9S;10S;13S;14S;17S)-3-hydroxy-10;13-dimethyl-2;3;4;5;6;7;8;9;11;12;14;15;16;17-tetradecahydro-1H-cyclopenta[a]phenanthren-17-yl]ethanone","CC(=O)C1CCC2C1(CCC3C2CCC4C3(CCC(C4)O)C)C","NA","C11825","HMDB0001471","NA","NA","NA","A3F8U8; Q9GYU4; Q9ARY7; A6H6R7; Q0VEX8; Q14AH9; Q53WT3; Q543Z0; Q544F7; Q544G1; Q5SUU4; Q5SUU5; Q8BHM6; Q8C446; Q8C7N0; Q8CAB3; Q9JLE7; Q9JLE8; Q9JLE9","HMDB"
"20197","405","Cholest-5-en-3 beta;7 alpha-diol","substrate for hydroxysteroid dehydrogenase; RN given refers to  (3beta;7alpha)-isomer","7beta-Hydroxycholesterol cholest-5-en-3 beta;7alpha-diol  7alpha-Hydroxycholesterol  5-cholestene-3beta;7beta-diol","402.65","C27H46O2","10;13-dimethyl-17-(6-methylheptan-2-yl)-2;3;4;7;8;9;11;12;14;15;16;17-dodecahydro-1H-cyclopenta[a]phenanthrene-3;7-diol","CC(C)CCCC(C)C1CCC2C1(CCC3C2C(C=C4C3(CCC(C4)O)C)O)C","NA","C03594","HMDB0001496","NA","NA","NA","NA","HMDB"
"20198","91465","Epicoprostanol","antioxidant; a major constituent of ambergris","Epicoprostanol Epicoprosterol  Epikoprosterin  epi-Coprostanol  .alpha.-Coprostanol  5beta-Cholestane-3alpha-ol  5.beta.-Cholestan-3.alpha.-ol","388.67","C27H48O","(3R;5R;8R;9S;10S;13R;14S;17R)-10;13-dimethyl-17-[(2R)-6-methylheptan-2-yl]-2;3;4;5;6;7;8;9;11;12;14;15;16;17-tetradecahydro-1H-cyclopenta[a]phenanthren-3-ol","CC(C)CCCC(C)C1CCC2C1(CCC3C2CCC4C3(CCC(C4)O)C)C","NA","C12978","HMDB0001569","NA","NA","NA","NA","HMDB"
"20199","123743","7 alpha-hydroxy-4-cholesten-3-one","structure","Cholest-4-en-7alpha-ol-3-one  7-Hydroxycholest-4-en-3-one  7alpha-Hydroxy-4-cholesten-3-one 7  alpha-hydroxy-4-cholesten-3-one  Cholest-4-en-3-one; 7-hydroxy-; (7alpha)-","400.64","C27H44O2","(7R;8S;9S;10R;13R;14S;17R)-7-hydroxy-10;13-dimethyl-17-[(2R)-6-methylheptan-2-yl]-1;2;6;7;8;9;11;12;14;15;16;17-dodecahydrocyclopenta[a]phenanthren-3-one","CC(C)CCCC(C)C1CCC2C1(CCC3C2C(CC4=CC(=O)CCC34C)O)C","NA","C05455","HMDB0001993","NA","NA","NA","NA","HMDB"
"20200","273688","4;6-cholestadien-3-one","NA","Cholesta-4;6-dien-3-one  4;6-Cholestadien-3-one","382.62","C27H42O","10;13-dimethyl-17-(6-methylheptan-2-yl)-1;2;8;9;11;12;14;15;16;17-decahydrocyclopenta[a]phenanthren-3-one","CC(C)CCCC(C)C1CCC2C1(CCC3C2C=CC4=CC(=O)CCC34C)C","NA","NA","HMDB0002394","NA","NA","NA","NA","HMDB"
"20201","NA","(3a;5b;7a;12a)-24-[(carboxymethyl)amino]-1;12-dihydroxy-24-oxocholan-3-yl-b-D-Glucopyranosiduronic a","b-D-GlucopyranosIduronic acid; (3a;5b;7a;12a)-24-[(carboxymethyl)amino]-1;12-dihydroxy-24-oxocholan-3-yl is found  in the urine of leprosy patients. It is red in color similar to clofazimine. It is considered more polar than the parent drug. It is formed by hydrolytic deamination followed by glucuro","Glycocholic acid 3-glucuronide","641.75","C32H51NO12","(3a;5b;7a;12a)-24-[(carboxymethyl)amino]-1;12-dihydroxy-24-oxocholan-3-yl b-D-glucopyranosiduronic acid","CC(CCC(=O)NCC(O)=O)C1CCC2C3C(O)CC4CC(CCC4(C)C3CC(O)C12C)OC1OC(C(O)C(O)C1O)C(O)=O","NA","NA","HMDB0002472","NA","NA","NA","NA","HMDB"
"20202","6455391","Taurochenodeoxycholate-7-sulfate","affects bile flow and biliary lipids; RN refers to di-Na salt;  structure given in first source","Tcdc-7-S Taurochenodeoxycholate-7-sulfate  Ethanesulfonic acid;  2-(((3alpha;5beta;7alpha)-3-hydroxy-24-oxo-7-(sulfooxy)cholan-24-yl)am  ino)-; disodium salt","623.73","C26H45NO9S2","disodium2-[[(4R)-4-[(3R;5S;7R;10S;13R;17R)-3-hydroxy-10;13-dimethyl-7-sulfonatooxy-2;3;4;5;6;7;8;9;11;12;14;15;16;17-tetradecahydro-1H-cyclopenta[a]phenanthren-17-yl]pentanoyl]amino]ethanesulfonate","CC(CCC(=O)NCCS(=O)(=O)[O-])C1CCC2C1(CCC3C2C(CC4C3(CCC(C4)O)C)OS(=O)(=O)[O-])C.[Na+].[Na+]","NA","NA","HMDB0002498","NA","NA","NA","NA","HMDB"
"20203","128251","19-norandrosterone","major metabolite of 19-nortestosterone; RN given refers to cpd without  isomeric designation","19-Norandrosterone 19-Noreoiandrosterone 19-Noretiocholanolone 3-Hydroxyestran-17-one Estran-17-one; 3-hydroxy-","276.41","C18H28O2","(8R;9R;10S;13S;14S)-3-hydroxy-13-methyl-2;3;4;5;6;7;8;9;10;11;12;14;15;16-tetradecahydro-1H-cyclopenta[a]phenanthren-17-one","CC12CCC3C4CCC(CC4CCC3C1CCC2=O)O","NA","NA","HMDB0002697","NA","NA","NA","NA","HMDB"
"20204","159663","Androsterone sulfate","RN given refers to (3alpha;5alpha)-isomer","Andros-S  Androsterone sulfate Androsterone monosulfate  5alpha-Androsterone sulfate  Androsterone 3alpha-sulfate  Androsterone; hydrogen sulfate  3alpha-Sulfate-5alpha-androstan-17-one  5Alpha-andros","370.5","C19H30O5S","[(3R;5S;8R;9S;10S;13S;14S)-10;13-dimethyl-17-oxo-1;2;3;4;5;6;7;8;9;11;12;14;15;16-tetradecahydrocyclopenta[a]phenanthren-3-yl] hydrogensulfate","CC12CCC(CC1CCC3C2CCC4(C3CCC4=O)C)OS(=O)(=O)O","NA","C04555","HMDB0002759","NA","NA","NA","NA","HMDB"
"20205","160499","Cortolone","RN given refers to (3alpha;5beta;20S)-isomer","Cortolon  Cortolone 20alpha-Cortolone  20.alpha.-Cortolone  5beta-Pregnane-3alpha;17;20alpha;21-tetrol-11-one  3alpha;17alpha;20alpha;21-Tetrahydroxy-5beta-pregnan-11-one  5.beta.-Pregnane-3.alpha.;17","366.49","C21H34O5","(3R;5R;8S;9S;10S;13S;14S;17R)-17-[(1S)-1;2-dihydroxyethyl]-3;17-dihydroxy-10;13-dimethyl-2;3;4;5;6;7;8;9;12;14;15;16-dodecahydro-1H-cyclopenta[a]phenanthren-11-one","CC12CCC(CC1CCC3C2C(=O)CC4(C3CCC4(C(CO)O)O)C)O","NA","C05481","HMDB0003128","NA","NA","NA","NA","HMDB"
"20206","161671","Withanolide D","structure","Withanolide D 5;6-Epoxy-4;20;22-trihydroxy-1-oxoergosta-2;24-dien-26-oic acid  delta-lactone (4beta;5beta;6beta;22R)-5;6-Epoxy-4;20;22-trihydroxy-1-oxoergosta-  2;24-dien-26-oic acid; delta-lactone","470.6","C28H38O6","NA","CC1=C(C(=O)OC(C1)C(C)(C2CCC3C2(CCC4C3CC5C6(C4(C(=O)C=CC6O)C)O5)C)O)C","NA","C08842","HMDB0003218","NA","NA","NA","NA","HMDB"
"20207","107835","17;20-dihydroxy-4-pregnen-3-one","a maturation-inducing hormone; possible role in regulation of  testosterone synthesis by rat and rabbit testis; see also record for  (20R)-isomer: 1662-06-2; RN given refers to all (alpha)-isomer;  structure","17alpha;20beta-DP 17a;20a-DHP 17;10beta-P  17;20beta-P 17;20-Dihydroxy-4-pregnen-3-one 17;20beta-Dihydroxy-4-pregnen-3-one 17;21-Dihydroxypregn-4-en-3-one  17alpha;20alpha-Dihydroxyprogesterone","332.48","C21H32O3","(8R;9S;10R;13S;14S;17S)-17-hydroxy-17-(2-hydroxyethyl)-10;13-dimethyl-2;6;7;8;9;11;12;14;15;16-decahydro-1H-cyclopenta[a]phenanthren-3-one","CC12CCC(=O)C=C1CCC3C2CCC4(C3CCC4(CCO)O)C","NA","NA","HMDB0003851","NA","NA","NA","NA","HMDB"
"20208","91498","Cholestane-3;5;6-triol","structure; RN given refers to cpd without isomeric designation","5alpha;6beta-Dihydroxycholestanol 3beta;5alpha;6beta-Cholestanetriol  Cholesta-3beta;5alpha;6beta-triol  5-alpha;6-beta-Dihydroxycholestanol  3beta;5alpha;6beta-Trihydroxycholestane","420.67","C27H48O3","(3S;5R;6R;8S;9S;10R;13R;14S;17R)-10;13-dimethyl-17-[(2R)-6-methylheptan-2-yl]-1;2;3;4;6;7;8;9;11;12;14;15;16;17-tetradecahydrocyclopenta[a]phenanthrene-3;5;6-triol","CC(C)CCCC(C)C1CCC2C1(CCC3C2CC(C4(C3(CCC(C4)O)C)O)O)C","NA","C05425","HMDB0003990","NA","NA","NA","NA","HMDB"
"20209","4337864","5a-Androst-3-en-17-one","NA","NA","272.43","C19H28O","10;13-dimethyl-1;2;3;4;5;6;7;8;9;11;12;16-dodecahydrocyclopenta[a]phenanthren-17-one","CC12CCCCC1CCC3C2CCC4(C3=CCC4=O)C","NA","NA","HMDB0006046","NA","NA","NA","NA","HMDB"
"20210","65094","25-hydroxycholesterol","structure; RN given refers to cpd without isomeric designation","25-Hydroxycholesterol 5-Cholestene-3beta;25-diol Cholest-5-ene-3beta;25-diol  cholest-5-en-3beta;25-diol  25-Hydroxycholest-5-en-3-ol","402.65","C27H46O2","(3S;8S;9S;10R;13R;14S;17R)-17-[(2R)-6-hydroxy-6-methylheptan-2-yl]-10;13-dimethyl-2;3;4;7;8;9;11;12;14;15;16;17-dodecahydro-1H-cyclopenta[a]phenanthren-3-ol","CC(CCCC(C)(C)O)C1CCC2C1(CCC3C2CC=C4C3(CCC(C4)O)C)C","1ZHX","C15519","HMDB0006247","NA","NA","NA","NA","HMDB"
"20211","65543","6 beta-hydroxytestosterone","NA","NA","304.42","C19H28O3","(6R;8R;9S;10R;13S;14S;17S)-6;17-dihydroxy-10;13-dimethyl-1;2;6;7;8;9;11;12;14;15;16;17-dodecahydrocyclopenta[a]phenanthren-3-one","CC12CCC3C(C1CCC2O)CC(C4=CC(=O)CCC34C)O","NA","C14497","HMDB0006259","NA","NA","NA","NA","HMDB"
"20212","NA","5a-Dihydrotestosterone sulfate","Dihydrotestosterone (DHT) is a steroid similar to testosterone and androstenedione; that belongs to a class called androgens. DHT is a C19 steroid and possesses androgenic activity. Androgen production takes place mainly in the Leydig cells of the testes. Androgens circulate in the blood bound to pr","NA#5alpha-Dihydrotestosterone sulfate","370.5","C19H30O5S","NA","CC12CCC(=O)CC1CCC1C3CCC(OS(O)(=O)=O)C3(C)CCC21","NA","NA","HMDB0006278","NA","NA","NA","NA","HMDB"
"20213","440985","Cholest-5-ene-3;7;27-triol","NA","NA","418.65","C27H46O3","(3S;7S;8S;9S;10R;13R;14S;17R)-17-[(2R)-7-hydroxy-6-methylheptan-2-yl]-10;13-dimethyl-2;3;4;7;8;9;11;12;14;15;16;17-dodecahydro-1H-cyclopenta[a]phenanthrene-3;7-diol","CC(CCCC(C)C1CCC2C1(CCC3C2C(C=C4C3(CCC(C4)O)C)O)C)CO","NA","C06341","HMDB0006281","NA","NA","NA","NA","HMDB"
"20214","NA","Calcitroic acid (D3)","Calcitroic acid (1 alpha-hydroxy-23 carboxy-24;25;26;27-tetranorvitamin D(3)) is a metabolite of 1 alpha; 25-dihydroxyvitamin D(3) (calcitriol). It is soluble in water; and is excreted in urine. This deactivation process involves a series of oxidation reactions at C24 and C23 leading to side-chain c","1a-Hydroxycalcioic acid#Calcitroic acid (D3)#(3R)-3-[(1R;3aR;4E;7aR)- 4-[(2Z)-2-[(3R;5R)-3;5- Dihydroxy-2-methylene-cyclohexylidene]ethylidene] -7a-methyl-2;3;3a;5;6;7-hexahydro-1H -inden-1-yl]butanoi","374.51","C23H34O4","1;3-dihydroxy-(1a;3b;5Z;7E)-24-nor-9;10-secochola-5;7;10(19)-trien-23-oic acid","CC(CC(O)=O)C1CCC2C(CCCC12C)=CC=C1CC(O)CC(O)C1=C","NA","NA","HMDB0006472","NA","NA","NA","NA","HMDB"
"20215","5281327","Brassicasterol","NA","NA","398.66","C28H46O","(3S;8S;9S;10R;13R;14S;17R)-17-[(E;2R;5R)-5;6-dimethylhept-3-en-2-yl]-10;13-dimethyl-2;3;4;7;8;9;11;12;14;15;16;17-dodecahydro-1H-cyclopenta[a]phenanthren-3-ol","CC(C)C(C)C=CC(C)C1CCC2C1(CCC3C2CC=C4C3(CCC(C4)O)C)C","NA","C08813","HMDB0011181","NA","NA","NA","NA","HMDB"
"20216","12444612","3b-Allotetrahydrocortisol","NA","NA","366.49","C21H34O5","2-hydroxy-1-[(3S;5S;8S;9S;10S;11S;13S;14S;17R)-3;11;17-trihydroxy-10;13-dimethyl-1;2;3;4;5;6;7;8;9;11;12;14;15;16-tetradecahydrocyclopenta[a]phenanthren-17-yl]ethanone","CC12CCC(CC1CCC3C2C(CC4(C3CCC4(C(=O)CO)O)C)O)O","NA","NA","HMDB0000314","NA","NA","NA","NA","HMDB"
"20217","440625","16alpha-Hydroxyestrone","NA","16alpha-Hydroxyestrone  3;16alpha-dihydroxy-estra-1;3;5(10)-trien-17-one","286.37","C18H22O3","(8S;9R;13S;14R;16R)-3;16-dihydroxy-13-methyl-7;8;9;11;12;14;15;16-octahydro-6H-cyclopenta[a]phenanthren-17-one","CC12CCC3C(C1CC(C2=O)O)CCC4=C3C=CC(=C4)O","NA","C05300","HMDB0000335","NA","NA","NA","NA","HMDB"
"20218","440623","2-hydroxyestrone","catechol estrogen which is a major metabolite of estradiol in man and  animals; RN given refers to parent cpd","Catecholestrone  2-hydroxyestrone  2;3-Dihydroxyestra-1;3;5(10)-trien-17-one  2;3-dihydroxy-estra-1;3;5(10)-trien-17-one  Estra-1;3;5(10)-trien-17-one; 2;3-dihydroxy-","286.37","C18H22O3","(8R;9S;13S;14S)-2;3-dihydroxy-13-methyl-7;8;9;11;12;14;15;16-octahydro-6H-cyclopenta[a]phenanthren-17-one","CC12CCC3C(C1CCC2=O)CCC4=CC(=C(C=C34)O)O","NA","C05298","HMDB0000343","NA","NA","NA","NA","HMDB"
"20219","1809154","2-Methoxyestradiol-3-methylether","NA","NA","395.23","C20H28O3","(5Z)-5-[(6-bromo-1;3-benzodioxol-5-yl)methylidene]-1-prop-2-enyl-2-sulfanylidene-1;3-diazinane-4;6-dione","C=CCN1C(=O)C(=CC2=CC3=C(C=C2Br)OCO3)C(=O)NC1=S","NA","NA","HMDB0000344","NA","NA","NA","NA","HMDB"
"20220","441302","Epiandrosterone","A metabolite of TESTOSTERONE or ANDROSTENEDIONE with a  3-alpha-hydroxyl group and without the double bond. The 3-beta  hydroxyl isomer is epiandrosterone.","Isoandrosterone  EPIANDROSTERONE Androsterone  epi-Androsterone  trans-Androsterone","290.44","C19H30O2","(3S;5S;8R;9S;10S;13S;14S)-3-hydroxy-10;13-dimethyl-1;2;3;4;5;6;7;8;9;11;12;14;15;16-tetradecahydrocyclopenta[a]phenanthren-17-one","CC12CCC(CC1CCC3C2CCC4(C3CCC4=O)C)O","1OV4;2QP3;2QP4","C07635","HMDB0000365","NA","NA","NA","NA","Pubchem; HMDB"
"20221","246876","16-ketoestrone","structure","16-Ketoestrone 16-Oxoestrone 3-Hydroxy-1;3;5(10)-estratriene-16;17-dione Estra-1;3;5(10)-triene-16;17-dione; 3-hydroxy-","284.35","C18H20O3","(8R;9S;13S;14S)-3-hydroxy-13-methyl-6;7;8;9;11;12;14;15-octahydrocyclopenta[a]phenanthrene-16;17-dione","CC12CCC3C(C1CC(=O)C2=O)CCC4=C3C=CC(=C4)O","NA","C14441","HMDB0000372","NA","NA","NA","NA","HMDB"
"20222","627448","2-Hydroxyestradiol-3-methylether","NA","3-Methoxyestra-1;3;5(10)-triene-4;17-diol  Estra-1;3;5(10)-triene-4;17-diol; 3-methoxy-; (17.beta.)-","302.41","C19H26O3","3-methoxy-13-methyl-6;7;8;9;11;12;14;15;16;17-decahydrocyclopenta[a]phenanthrene-4;17-diol","CC12CCC3C(C1CCC2O)CCC4=C3C=CC(=C4O)OC","NA","NA","HMDB0000380","NA","NA","NA","NA","HMDB"
"20223","66417","16-ketoestradiol","RN given refers to (17beta)-isomer","16-Ketoestradiol 16-Oxoestradiol 16-ketoestradiol  16-Oxo-17beta-estradiol  Estra-1;3;5(10)-triene-3beta;17beta-diol-16-one  (17beta)-3;17-dihydroxyestra-1(10);2;4-trien-16-one","286.37","C18H22O3","(8R;9S;13S;14S;17R)-3;17-dihydroxy-13-methyl-7;8;9;11;12;14;15;17-octahydro-6H-cyclopenta[a]phenanthren-16-one","CC12CCC3C(C1CC(=O)C2O)CCC4=C3C=CC(=C4)O","NA","C14383","HMDB0000406","NA","NA","NA","NA","HMDB"
"20224","9857253","3b;17a-Dihydroxy-5a-androstane","NA","NA","292.46","C19H32O2","(3S;5R;8R;9S;10S;13S;14S;17R)-10;13-dimethyl-2;3;4;5;6;7;8;9;11;12;14;15;16;17-tetradecahydro-1H-cyclopenta[a]phenanthrene-3;17-diol","CC12CCC(CC1CCC3C2CCC4(C3CCC4O)C)O","NA","NA","HMDB0000412","NA","NA","NA","NA","HMDB"
"20225","6743","Stigmastanol","saturated analog of beta-sitosterol; RN given refers to  (3beta;5alpha)-isomer","Fucostanol  Spinastanol  Dihydrositosterin  sitostanol stigmastanol  STIGMASTANOL stigmastanol  beta-Sitostanol Dihydrositosterol 24alpha-Ethylcholestanol  Stigmastane-3-beta-ol  beta-Sitosterol; dihy","416.72","C29H52O","17-(5-ethyl-6-methylheptan-2-yl)-10;13-dimethyl-2;3;4;5;6;7;8;9;11;12;14;15;16;17-tetradecahydro-1H-cyclopenta[a]phenanthren-3-ol","CCC(CCC(C)C1CCC2C1(CCC3C2CCC4C3(CCC(C4)O)C)C)C(C)C","NA","C00001","HMDB0000494","9.73","NA","NA","NA","HMDB"
"20226","5202","Serotonin","A biochemical messenger and regulator; synthesized from the essential  amino acid L-TRYPTOPHAN. In humans it is found primarily in the  central nervous system; gastrointestinal tract; and blood platelets.  Serotonin mediates several important physiological functions including  neurotransmission; gas","Serotonin  Enteramine Serotonine  Thrombocytin  Thrombotonin  Antemoqua  Antemovis  Hippophain","176.22","C10H12N2O","3-(2-aminoethyl)-1H-indol-5-ol","C1=CC2=C(C=C1O)C(=CN2)CCN","2QEH;3BRN","C00780","HMDB0000259","167.5","2.00E+04mg/ml","NA","P47898; Q13639; P28335; P28223; P46098; P18089; P08913","Endonet"
"20227","134494","5-Androstane-3alpha;17beta-diol","NA","5-Androstane-3alpha;17beta-diol  3alpha;17beta-Dihydroxyetiocholane  5beta-Androstane-3alpha;17beta-diol  (3alpha;5beta;17beta)-androstane-3;17-diol  ; (3alpha;5beta;17beta)-","292.46","C19H32O2","(3R;5R;8R;9S;10S;13S;14S;17S)-10;13-dimethyl-2;3;4;5;6;7;8;9;11;12;14;15;16;17-tetradecahydro-1H-cyclopenta[a]phenanthrene-3;17-diol","CC12CCC(CC1CCC3C2CCC4(C3CCC4O)C)O","NA","NA","HMDB0000551","NA","NA","NA","NA","HMDB"
"20228","5816","Epinephrine","The active sympathomimetic hormone from the adrenal medulla in most  species. It stimulates both the alpha- and beta- adrenergic systems;  causes systemic vasoconstriction and gastrointestinal relaxation;  stimulates the heart; and dilates bronchi and cerebral vessels. It is  used in asthma and card","epinephrine l-Adrenaline  adrenaline Adrenalin  Levoepinephrine  L-epinephrine  Adrenalinum  Epinephran  Epipen  l-Epirenamine","183.2","C9H13NO3","4-[(1R)-1-hydroxy-2-methylaminoethyl]benzene-1;2-diol","CNCC(C1=CC(=C(C=C1)O)O)O","NA","C00788; D00095","HMDB0000068","211.5","180mg/ml","DB00668","P08588; P35348; P07550","Endonet"
"20229","3034759","Tauroursodeoxycholic acid","RN given refers to (3alpha;5beta;7beta)-isomer","Ursodeoxycholyltaurine  Tauroursodeoxycholic acid TUDCA Tauroursodeoxycholic acid (6CI;7CI)  tauroursodeoxycholic acid; (3alpha;5alpha;7alpha)-isomer","499.7","C26H45NO6S","2-[[(4R)-4-[(3R;5S;7S;10S;13R;17R)-3;7-dihydroxy-10;13-dimethyl-2;3;4;5;6;7;8;9;11;12;14;15;16;17-tetradecahydro-1H-cyclopenta[a]phenanthren-17-yl]pentanoyl]amino]ethanesulfonic acid","CC(CCC(=O)NCCS(=O)(=O)O)C1CCC2C1(CCC3C2C(CC4C3(CCC(C4)O)C)O)C","NA","NA","HMDB0000874","NA","NA","NA","NA","HMDB"
"20230","444679","Ergosterol","A steroid of interest both because its biosynthesis in FUNGI is a  target of ANTIFUNGAL AGENTS; notably AZOLES; and because when it is  present in SKIN of animals; ULTRAVIOLET RAYS break a bond to result in  ERGOCALCIFEROL.","Ergosterol  Provitamin D2  Ergosterin  5;7;22-Ergostatrien-3beta-ol","396.65","C28H44O","(3S;9S;10R;13R;14R;17R)-17-[(E;2R;5R)-5;6-dimethylhept-3-en-2-yl]-10;13-dimethyl-2;3;4;9;11;12;14;15;16;17-decahydro-1H-cyclopenta[a]phenanthren-3-ol","CC(C)C(C)C=CC(C)C1CCC2C1(CCC3C2=CC=C4C3(CCC(C4)O)C)C","1BXM","C01694","HMDB0000878","NA","NA","NA","NA","HMDB"
"20231","91475","Tetrahydrodeoxycorticosterone","RN given refers to (3alpha;5beta)-isomer","5alpha-THDOC THDOC Tetrahydrodeoxycorticosterone pregnane-3;21-diol-20-one 3;21-Dihydroxypregnan-20-one 3alpha;21-Dihydroxy-5beta-pregnan-20-one  5alpha-pregnan-3alpha;21-diol-20-one","334.49","C21H34O3","2-hydroxy-1-[(5R;8R;9S;10S;13S;14S;17S)-3-hydroxy-10;13-dimethyl-2;3;4;5;6;7;8;9;11;12;14;15;16;17-tetradecahydro-1H-cyclopenta[a]phenanthren-17-yl]ethanone","CC12CCC(CC1CCC3C2CCC4(C3CCC4C(=O)CO)C)O","NA","C13713","HMDB0000879","NA","NA","NA","A3F8U8; Q9GYU4; Q9ARY7; A6H6R7; Q0VEX8; Q14AH9; Q53WT3; Q543Z0; Q544F7; Q544G1; Q5SUU4; Q5SUU5; Q8BHM6; Q8C446; Q8C7N0; Q8CAB3; Q9JLE7; Q9JLE8; Q9JLE9","HMDB"
"20232","6438368","1;25-dihydroxyvitamin D3-26;23-lactone","NA","1;25-Lactone Calcitriol-26;23-lactone 1;25-dihydroxyvitaminD3-26;23-lactone  1;25-Dihydroxycholecalciferol-26-23-lactone 1alpha;25-Dihydroxyvitamin D3-26;23-lactone  23(S);25(R)-1;25(OH)2D3-26;23-Lact","444.6","C27H40O5","(3R;5S)-5-[(2R)-2-[(1R;3aS;4E;7aR)-4-[(2Z)-2-[(3S;5R)-3;5-dihydroxy-2-methylidenecyclohexylidene]ethylidene]-7a-methyl-2;3;3a;5;6;7-hexahydro-1H-inden-1-yl]propyl]-3-hydroxy-3-methyloxolan-2-one","CC(CC1CC(C(=O)O1)(C)O)C2CCC3C2(CCCC3=CC=C4CC(CC(C4=C)O)O)C","NA","NA","HMDB0000969","NA","NA","NA","Q9PTN2; Q1L673; Q28037; O42392; P49701; P11473; P48281; A3RGC1; P13053; Q95MH5; O13124; Q90WN9; Q90WS4","HMDB"
"20233","65728","Lathosterol","RN given refers to (3beta;5alpha)-isomer","Lathosterol gamma-Cholesterol  Cholesterin  7-Cholesten-3-beta-ol  delta(sup 7)-Cholestenol  5alpha-Cholest-7-en-3beta-ol  Cholest-7-en-3beta-ol  5-alpha-Cholest-7-en-3-beta-ol","386.65","C27H46O","(3S;5S;9R;10S;13R;14R;17R)-10;13-dimethyl-17-[(2R)-6-methylheptan-2-yl]-2;3;4;5;6;9;11;12;14;15;16;17-dodecahydro-1H-cyclopenta[a]phenanthren-3-ol","CC(C)CCCC(C)C1CCC2C1(CCC3C2=CCC4C3(CCC(C4)O)C)C","NA","C01189","HMDB0001170","NA","NA","NA","NA","HMDB"
"20234","140","Tetrahydroxynorbufostane","NA","Tetrahydroxynorbufostane  5-BETA-CHOLESTANE-3-ALPHA7-TETRAOL  5-beta-cholestane-3-alpha;7-alpha;12-alpha;26-tetraol","436.67","C27H48O4","17-(7-hydroxy-6-methylheptan-2-yl)-10;13-dimethyl-2;3;4;5;6;7;8;9;11;12;14;15;16;17-tetradecahydro-1H-cyclopenta[a]phenanthrene-3;7;12-triol","CC(CCCC(C)C1CCC2C1(C(CC3C2C(CC4C3(CCC(C4)O)C)O)O)C)CO","NA","NA","HMDB0001231","NA","NA","NA","NA","HMDB"
"20235","246983","Lanosterol","A triterpene that derives from the chair-boat-chair-boat folding of  2;3-oxidosqualene. It is metabolized to CHOLESTEROL and  CUCURBITACINS.","Lanosterol  Lanosterin  Lanster  Botalan base 138  Lanosta-8;24-dienol  Lanosta-8;24-dien-3beta-ol  8;24-Lanostadien-3beta-ol","426.72","C30H50O","(3S;5R;10S;13R;14R;17R)-4;4;10;13;14-pentamethyl-17-[(2R)-6-methylhept-5-en-2-yl]-2;3;5;6;7;11;12;15;16;17-decahydro-1H-cyclopenta[a]phenanthren-3-ol","CC(CCC=C(C)C)C1CCC2(C1(CCC3=C2CCC4C3(CCC(C4(C)C)O)C)C)C","NA","C01724","HMDB0001251","NA","NA","NA","NA","HMDB"
"20236","5364803","25;26-dihydroxycholecalciferol","RN given refers to (3beta;5A;7E)-isomer","25;26-Dihydroxyvitamin D3 25;26-dihydroxycholecalciferol  9;10-Secocholesta-5;7;10(19)-triene-3.beta.;25;26-triol  9;10-Secocholesta-5;7;10(19)-triene-3;25;26-triol; (3beta;5Z;7E)-  9;10-Secocholesta-","416.64","C27H44O3","6-[(4E)-4-[(2E)-2-(5-hydroxy-2-methylidenecyclohexylidene)ethylidene]-7a-methyl-2;3;3a;5;6;7-hexahydro-1H-inden-1-yl]-2-methylheptane-1;2-diol","CC(CCCC(C)(CO)O)C1CCC2C1(CCCC2=CC=C3CC(CCC3=C)O)C","NA","NA","HMDB0001420","NA","NA","NA","NA","HMDB"
"20237","160520","3;7;12-trihydroxycoprostane","intermediate in bile acid synthesis in liver; enhances rate of  porphyrin synthesis in cultured liver cells by induction of  delta-aminolevulinic acid synthetase; RN given refers to  (3alpha;5beta;7alpha;12alpha)-isomer; structure","Trihydroxycoprostane 3;7;12-Trihydroxycoprostane 5beta-Cholestane-3alpha;7alpha;12alpha-triol  3alpha;7alpha;12alpha-Trihydroxycoprostane  3alpha;7alpha;12alpha-Trihydroxy-5beta-cholestane","420.67","C27H48O3","(3R;5S;7R;8R;9S;10S;12S;13R;14S;17R)-10;13-dimethyl-17-[(2R)-6-methylheptan-2-yl]-2;3;4;5;6;7;8;9;11;12;14;15;16;17-tetradecahydro-1H-cyclopenta[a]phenanthrene-3;7;12-triol","CC(C)CCCC(C)C1CCC2C1(C(CC3C2C(CC4C3(CCC(C4)O)C)O)O)C","NA","C05454","HMDB0001457","NA","NA","NA","NA","HMDB"
"20238","57363","Finasteride","An orally active TESTOSTERONE 5-ALPHA-REDUCTASE inhibitor. It is used  as a surgical alternative for treatment of benign prostatic  hyperplasia.","finasteride Propecia Proscar Chibro-Proscar Finastid  Prostide  Finpecia  Eucoprost Propeshia Andozac","372.54","C23H36N2O2","(1S;3aS;3bS;5aR;9aR;9bS;11aS)-N-tert-butyl-9a;11a-dimethyl-7-oxo-1;2;3;3a;3b;4;5;5a;6;9b;10;11-dodecahydroindeno[5;4-f]quinoline-1-carboxamide","CC12CCC3C(C1CCC2C(=O)NC(C)(C)C)CCC4C3(C=CC(=O)N4)C","NA","D00321","HMDB0001984","3.03","NA","DB01216","P10275","HMDB"
"20239","129846","Cholesta-5;8-dien-3 beta-ol","found in tissue of rats given AY 9944","8-Dehydrocholesterol cholesta-5;8-dien-3 beta-ol  (3beta)-Cholesta-5;8-dien-3-ol  Cholesta-5;8-dien-3-ol; (3beta)-","384.64","C27H44O","(3S;10S;13R;14R;17R)-10;13-dimethyl-17-[(2R)-6-methylheptan-2-yl]-2;3;4;7;11;12;14;15;16;17-decahydro-1H-cyclopenta[a]phenanthren-3-ol","CC(C)CCCC(C)C1CCC2C1(CCC3=C2CC=C4C3(CCC(C4)O)C)C","NA","NA","HMDB0002027","NA","NA","NA","NA","HMDB"
"20240","196302","27-norcholestane-3;7;12;24;25;26-hexol","NA","27-Norcholestane-3;7;12;24;25;26-hexol 27-Nor-5beta-cholestane-3alpha;7alpha;12alpha;24alpha;24xi;25xi;26  -hexol  27-Norcholestane-3;7;12;24;25;26-hexol;  N-(N2-(1-(N-(N-(N-(N-(N-(N2-(N-glycyl-L-alph","454.64","C26H46O6","(3R;5S;7R;8R;9S;10S;12S;13R;14S;17R)-10;13-dimethyl-17-[(2R)-5;6;7-trihydroxyheptan-2-yl]-2;3;4;5;6;7;8;9;11;12;14;15;16;17-tetradecahydro-1H-cyclopenta[a]phenanthrene-3;7;12-triol","CC(CCC(C(CO)O)O)C1CCC2C1(C(CC3C2C(CC4C3(CCC(C4)O)C)O)O)C","NA","NA","HMDB0002157","NA","NA","NA","NA","HMDB"
"20241","5284194","5 beta-bufol","isolated from gall bladder of toad; identified in patients with  cerebrotendinous xanthomatosis","5beta-Bufol  Cholestane-3;7;12;25;26-pentol 5 beta-bufol  Cholestane-3;7;12;25;26-pentol; (3alpha;5beta;7alpha;12alpha)-  (VAN)  5 beta-bufol","452.67","C27H48O5","(3R;5S;7R;8R;9S;10S;12S;13R;14S;17R)-17-[(2R)-6;7-dihydroxy-6-methylheptan-2-yl]-10;13-dimethyl-2;3;4;5;6;7;8;9;11;12;14;15;16;17-tetradecahydro-1H-cyclopenta[a]phenanthrene-3;7;12-triol","CC(CCCC(C)(CO)O)C1CCC2C1(C(CC3C2C(CC4C3(CCC(C4)O)C)O)O)C","NA","NA","HMDB0002180","NA","NA","NA","NA","HMDB"
"20242","6453659","Cholestane-3;7;12;24;25-pentol","NA","Cholestane-3;7;12;24;25-pentol  5-beta-Cholestane-3alpha;7alpha;12alpha;24beta;25-pentol  Cholestan-3;7;12;24;25-pentol; (3alpha;5beta;7alpha;12alpha;24S)-  cholestane-3;7;12;24;25-pentol","452.67","C27H48O5","(3R;5S;7R;8R;9S;10S;12S;13R;14S;17R)-17-[(2R;5S)-5;6-dihydroxy-6-methylheptan-2-yl]-10;13-dimethyl-2;3;4;5;6;7;8;9;11;12;14;15;16;17-tetradecahydro-1H-cyclopenta[a]phenanthrene-3;7;12-triol","CC(CCC(C(C)(C)O)O)C1CCC2C1(C(CC3C2C(CC4C3(CCC(C4)O)C)O)O)C","NA","NA","HMDB0002208","NA","NA","NA","NA","HMDB"
"20243","5281326","Fucosterol","major sterol of a marine sponge C. difussa; structure; RN given refers  to (3beta;24E)-isomer","Fucosterol Isofucosterol  delta5-Avenasterol  Stigmasta-5;24(28)-dien-3-ol; (3.beta.;24Z)-","412.69","C29H48O","(3S;8S;9S;10R;13R;14S;17R)-10;13-dimethyl-17-[(Z;2R)-5-propan-2-ylhept-5-en-2-yl]-2;3;4;7;8;9;11;12;14;15;16;17-dodecahydro-1H-cyclopenta[a]phenanthren-3-ol","CC=C(CCC(C)C1CCC2C1(CCC3C2CC=C4C3(CCC(C4)O)C)C)C(C)C","NA","C08821","HMDB0002374","NA","NA","NA","NA","HMDB"
"20244","NA","(3a;5b)-24-oxo-24-[(2-sulfoethyl)amino]cholan-3-yl-b-D-Glucopyranosiduronic acid","(3a;5b)-24-oxo-24-[(2-sulfoethyl)amino]cholan-3-yl-b-D-Glucopyranosiduronic acid is a natural human metabolite of Taurolithocholic acid generated in the liver by UDP glucuonyltransferase.Glucuronidation is used to assist in the excretion of toxic substances; drugs or other substances that cannot be ","(3a;5b)-24-oxo-24-[(2-sulfoethyl)amino]cholan-3-yl-b-D-Glucopyranosiduronate#Taurolithocholic acid 3-glucuronide#(3a;5b)-24-oxo-24-[(2-sulfoethyl)amino]cholan-3-yl-beta-delta-Glucopyranosiduronate","659.83","C32H53NO11S","(3a;5b)-24-oxo-24-[(2-sulfoethyl)amino]cholan-3-yl b-D-glucopyranosiduronic acid","CC(CCC(=O)NCCS(O)(=O)=O)C1CCC2C3CCC4CC(CCC4(C)C3CCC12C)OC1OC(C(O)C(O)C1O)C(O)=O","NA","NA","HMDB0002429","NA","NA","NA","NA","HMDB"
"20245","643658","Guggulsterone M","NA","Guggulsterone M  20-Methoxy-4;17(20)E-pregnadiene-3;16-dione  (8xi;9xi;14xi;17E)-20-methoxypregna-4;17-diene-3;16-dione  pregna-4;17-diene-3;16-dione; 20-methoxy-; (8xi;9xi;14xi;17E)-  17-(1-Methoxy-e","342.47","C22H30O3","(8S;9R;10R;13S;14S;17E)-17-(1-methoxyethylidene)-10;13-dimethyl-1;2;6;7;8;9;11;12;14;15-decahydrocyclopenta[a]phenanthrene-3;16-dione","CC(=C1C(=O)CC2C1(CCC3C2CCC4=CC(=O)CCC34C)C)OC","NA","NA","HMDB0002726","NA","NA","NA","Q3SZL0; Q96RI1; Q60641; Q62735; Q811W9; Q811X0; Q811X1; Q811X2; Q8JHU2","HMDB"
"20246","13472","1;4-androstadiene-3;17-dione","structure","Boldione 1;4-androstadiene-3;17-dione  Androstadienedione  1-Dehydroandrostenedione  androsta-1;4-diene-3;17-dione","284.39","C19H24O2","(8R;9S;10R;13S;14S)-10;13-dimethyl-7;8;9;11;12;14;15;16-octahydro-6H-cyclopenta[a]phenanthrene-3;17-dione","CC12CCC3C(C1CCC2=O)CCC4=CC(=O)C=CC34C","1EUP;1H62;1XF0","NA","HMDB0003422","NA","NA","NA","NA","HMDB"
"20247","439479","3;7;12-trihydroxycholestan-26-al","structure in first source","3;7;12-Trihydroxycholestan-26-al  3alpha;7alpha;12alpha-Trihydroxy-5beta-cholestan-26-al  (3alpha;5beta;7alpha;12alpha)-3;7;12-trihydroxycholestan-26-al  Cholestan-26-al; 3;7;12-trihydroxy-;  (3alpha;","434.65","C27H46O4","(6R)-2-methyl-6-[(3R;5S;7R;8R;9S;10S;12S;13R;14S;17R)-3;7;12-trihydroxy-10;13-dimethyl-2;3;4;5;6;7;8;9;11;12;14;15;16;17-tetradecahydro-1H-cyclopenta[a]phenanthren-17-yl]heptanal","CC(CCCC(C)C1CCC2C1(C(CC3C2C(CC4C3(CCC(C4)O)C)O)O)C)C=O","NA","C01301","HMDB0003533","NA","NA","NA","NA","HMDB"
"20248","440114","5beta-Androstane-3;17-dione","NA","Androstanedione  Etiocholanedione  5beta-Androstanedione  5beta-androstane-3;17-dione  Etiocholane-3;17-dione  5-Beta-Androstane-3;17-Dione  Androstane-3;17-dione; (5beta)-","288.42","C19H28O2","(5R;8R;9S;10S;13S;14S)-10;13-dimethyl-2;4;5;6;7;8;9;11;12;14;15;16-dodecahydro-1H-cyclopenta[a]phenanthrene-3;17-dione","CC12CCC(=O)CC1CCC3C2CCC4(C3CCC4=O)C","2O5Z","C03772","HMDB0003769","NA","NA","NA","NA","HMDB"
"20249","440558","Cholesta-5;7;24-trien-3 beta-ol","major metabolite of incubation in vitro of mevalonic acid with yeast;  structure","7-Dehydrodesmosterol cholesta-5;7;24-trien-3 beta-ol  24-Dehydroprovitamin D3 cholesta-5;7;24-trien-3 beta-ol  cholest-5Z;7Z;24-trien-3beta-ol  (3beta)-cholesta-5;7;24-trien-3-ol  Cholesta-5;7;24-trie","382.62","C27H42O","(3S;9S;10R;13R;14R;17R)-10;13-dimethyl-17-[(2R)-6-methylhept-5-en-2-yl]-2;3;4;9;11;12;14;15;16;17-decahydro-1H-cyclopenta[a]phenanthren-3-ol","CC(CCC=C(C)C)C1CCC2C1(CCC3C2=CC=C4C3(CCC(C4)O)C)C","NA","C05107","HMDB0003896","NA","NA","NA","NA","HMDB"
"20250","160615","4;17 beta-dihydroxy-4-androstene-3-one","NA","7alpha-Hydroxytestosterone 4;17beta-dihydroxy-4-androstene-3-one  4-OHT 4-Androstene-7alpha-17beta-diol-3-one  Androst-4-en-3-one; 4;17-dihydroxy-; (17beta)-","304.42","C19H28O3","(8R;9S;10R;13S;14S;17S)-4;17-dihydroxy-10;13-dimethyl-1;2;6;7;8;9;11;12;14;15;16;17-dodecahydrocyclopenta[a]phenanthren-3-one","CC12CCC3C(C1CCC2O)CCC4=C(C(=O)CCC34C)O","NA","C05291","HMDB0003956","NA","NA","NA","NA","HMDB"
"20251","440705","21-hydroxypregnenolone","RN given refers to (3beta)-isomer;","21-Hydroxypregnenolone 5-Pregnen-3.beta.;21-diol-20-one","332.48","C21H32O3","2-hydroxy-1-(3-hydroxy-10;13-dimethyl-2;3;4;7;8;9;11;12;14;15;16;17-dodecahydro-1H-cyclopenta[a]phenanthren-17-yl)ethanone","CC12CCC3C(C1CCC2C(=O)CO)CC=C4C3(CCC(C4)O)C","NA","C05485","HMDB0004026","NA","NA","NA","NA","HMDB"
"20252","65517","7-hydroxydehydroepiandrosterone","RN given refers to (3beta;7alpha)-isomer","7beta-OH-DHEA 7-Hydroxydehydroepiandrosterone 7beta-hydroxydehydroepiandrosterone 7alpha-Hydroxydehydroepiandrosterone  Androst-5-en-17-one; 3;7-dihydroxy-; (3beta;7alpha)-","304.42","C19H28O3","(3S;7S;8R;9S;10R;13S;14S)-3;7-dihydroxy-10;13-dimethyl-1;2;3;4;7;8;9;11;12;14;15;16-dodecahydrocyclopenta[a]phenanthren-17-one","CC12CCC3C(C1CCC2=O)C(C=C4C3(CCC(C4)O)C)O","NA","NA","HMDB0004611","NA","NA","NA","NA","HMDB"
"20253","9817954","7b-Hydroxydehydroepiandrosterone","NA","NA","304.42","C19H28O3","(3S;7R;8R;9S;10R;13S;14S)-3;7-dihydroxy-10;13-dimethyl-1;2;3;4;7;8;9;11;12;14;15;16-dodecahydrocyclopenta[a]phenanthren-17-one","CC12CCC3C(C1CCC2=O)C(C=C4C3(CCC(C4)O)C)O","NA","NA","HMDB0004624","NA","NA","NA","NA","HMDB"
"20254","98521","4-Chloromethandienone","NA","Oral turinabol D-4-chloro-17 beta-hydroxy-3-oxo-17alpha-methylandrosta-1;4-diene  Turinabol-oral CDMT 4-Chloro-methandienone Dehydrochlormethyltestosterone 4-Chloro-17alpha-methyl-17beta-hydroxy-1;4-a","334.88","C20H27ClO2","(8R;9S;10R;13S;14S;17S)-4-chloro-17-hydroxy-10;13;17-trimethyl-7;8;9;11;12;14;15;16-octahydro-6H-cyclopenta[a]phenanthren-3-one","CC12CCC3C(C1CCC2(C)O)CCC4=C(C(=O)C=CC34C)Cl","NA","NA","HMDB0004634","NA","NA","NA","NA","HMDB"
"20255","54580","Fluticasone","used in nasal spray for seasonal allergic rhinitis","atemur  fluticasone Cultivate  Cutivate Flixonase Flixotide Flusonal  Fluspiral  Flutivate  Inalacor","500.57","C25H31F3O5S","[(6S;9R;10S;11S;13S;14S;16R;17R)-6;9-difluoro-17-(fluoromethylsulfanylcarbonyl)-11-hydroxy-10;13;16-trimethyl-3-oxo-6;7;8;11;12;14;15;16-octahydrocyclopenta[a]phenanthren-17-yl] propanoate","CCC(=O)OC1(C(CC2C1(CC(C3(C2CC(C4=CC(=O)C=CC43C)F)F)O)C)C)C(=O)SCF","NA","NA","HMDB0005036","NA","NA","NA","P79686; Q6XLJ0; P49115; P04150; P06537; P49843; O73673; Q9N1U3; Q5R9P5; P59667; P06536; P79269; O13186; O46567; P35547; Q95267; P49844; Q3MSN1; Q3MSN4","HMDB"
"20256","134881","Beta-Cortol","structure given in first source","Cortol-3-glucuronide 20beta-Cortol-3-glucuronide  20alpha-Cortol-3-glucuronide  85071-10-9 cortol-3-glucuronide  beta-D-Glucopyranosiduronic acid;  (3alpha;5beta;11beta;20S)-11;17;20;21-tetrahydroxypr","368.51","C27H44O11","(2S;3S;4R;5R;6R)-6-[(10S;11R;13S;17R)-17-[(1S)-1;2-dihydroxyethyl]-11;17-dihydroxy-10;13-dimethyl-1;2;3;4;5;6;7;8;9;11;12;14;15;16-tetradecahydrocyclopenta[a]phenanthren-3-yl]-3;4;5;6-tetrahydroxyoxane-2-carboxylic acid","CC12CCC(CC1CCC3C2C(CC4(C3CCC4(C(CO)O)O)C)O)C5(C(C(C(C(O5)C(=O)O)O)O)O)O","NA","NA","HMDB0005821","NA","NA","NA","NA","HMDB"
"20257","136297","4-Androstenediol","NA","4-Androstenediol  Androst-4-ene-3beta;17beta-diol  3beta;17beta-Dihydroxy-4-androstene  delta4-Androstene-3beta;17beta-diol  Androst-4-ene-3.beta.;17.beta.-diol  3.beta.;17.beta.-Dihydroxy-4-androsten","290.44","C19H30O2","(3S;8R;9S;10R;13S;14S;17S)-10;13-dimethyl-2;3;6;7;8;9;11;12;14;15;16;17-dodecahydro-1H-cyclopenta[a]phenanthrene-3;17-diol","CC12CCC3C(C1CCC2O)CCC4=CC(CCC34C)O","NA","C14210","HMDB0005849","NA","NA","NA","Q9TT90; Q8MIK0; O97776; P10275; O97952; Q6QT55; P19091; O97775; O97960; Q9GKL7; P49699; Q7T1K4; P15207; O18925; O18928; O55065; O55066; O93244; O93245","HMDB"
"20258","4141504","Tetrahydro-11-deoxycortisol","(3alpha;5beta)-isomer has angiostatic activity","Tetrahydro-S  Tetrahydrocortexolone  Tetrahydrodeoxycortisol tetrahydro-11-deoxycortisol  11-Deoxytetrahydrocortisol  5beta-Pregnane-3alpha;17alpha;21-triol-20-one  3alpha;17alpha;21-Trihydroxy-5beta-","350.49","C21H34O4","1-(3;17-dihydroxy-10;13-dimethyl-1;2;3;4;5;6;7;8;9;11;12;14;15;16-tetradecahydrocyclopenta[a]phenanthren-17-yl)-2-hydroxyethanone","CC12CCC(CC1CCC3C2CCC4(C3CCC4(C(=O)CO)O)C)O","NA","C14594","HMDB0005972","NA","NA","NA","NA","HMDB"
"20259","628988","Ethyltestosterone","NA","Pregn-4-en-3-one; 17-hydroxy-  17.alpha.-Pregn-4-en-3-one; 17-hydroxy-  Pregn-4-en-3-one; 17-hydroxy-; (17.alpha.)-","316.48","C21H32O2","17-ethyl-17-hydroxy-10;13-dimethyl-2;6;7;8;9;11;12;14;15;16-decahydro-1H-cyclopenta[a]phenanthren-3-one","CCC1(CCC2C1(CCC3C2CCC4=CC(=O)CCC34C)C)O","NA","NA","HMDB0006002","NA","NA","NA","NA","HMDB"
"20260","6429895","7a;17-dimethyl-5b-Androstane-3a;17b-diol","NA","NA","320.51","C21H36O2","(3R;5R;7R;17S)-7;10;13;17-tetramethyl-1;2;3;4;5;6;7;8;9;11;12;14;15;16-tetradecahydrocyclopenta[a]phenanthrene-3;17-diol","CC1CC2CC(CCC2(C3C1C4CCC(C4(CC3)C)(C)O)C)O","NA","NA","HMDB0006013","NA","NA","NA","NA","HMDB"
"20261","72061","Oxymesterone","NA","Oxymesterone  Oranabol  Oximesteronum  Anamidol  Aranabol  Ossimesterone  Oxymesteronum  Oximesterona","318.45","C20H30O3","(8R;9S;10R;13S;14S;17S)-4;17-dihydroxy-10;13;17-trimethyl-2;6;7;8;9;11;12;14;15;16-decahydro-1H-cyclopenta[a]phenanthren-3-one","CC12CCC(=O)C(=C1CCC3C2CCC4(C3CCC4(C)O)C)O","NA","C14665","HMDB0006027","4.16","NA","NA","Q9TT90; Q8MIK0; O97776; P10275; O97952; Q6QT55; P19091; O97775; O97960; Q9GKL7; P49699; Q7T1K4; P15207","HMDB"
"20262","101850","11-ketoetiocholanolone","RN given refers to (3alpha;5beta)-isomer","11-Ketoetiocholanolone Etiocholanol-11-one  11-Oxoetiocholanolone 11-Oxoaetiocholanolone  Ba 2684  5beta-Androstan-3alpha-ol-11;17-dione  3alpha-Hydroxy-5beta-androstane-11;17-dione  3alpha-Hydroxy-11","304.42","C19H28O3","(3R;5R;8S;9S;10S;13S;14S)-3-hydroxy-10;13-dimethyl-2;3;4;5;6;7;8;9;12;14;15;16-dodecahydro-1H-cyclopenta[a]phenanthrene-11;17-dione","CC12CCC(CC1CCC3C2C(=O)CC4(C3CCC4=O)C)O","NA","C14552","HMDB0006031","NA","NA","NA","NA","HMDB"
"20263","10214816","4-Dihydroboldenone","NA","NA","288.42","C19H28O2","(6S;9S;10R;13S;14S;17S)-17-hydroxy-6;13-dimethyl-2;6;7;8;9;10;11;12;14;15;16;17-dodecahydro-1H-cyclopenta[a]phenanthren-3-one","CC1CC2C(CCC3(C2CCC3O)C)C4C1=CC(=O)CC4","NA","NA","HMDB0006035","NA","NA","NA","NA","HMDB"
"20264","9547253","1-a;24R;25-Trihydroxyvitamin D2","NA","(24R)-1alpha;24;25-trihydroxyvitamin D2  (24R)-1alpha;24;25-trihydroxyergocalciferol  (5Z;7E;22E)-(1S;3R;24R)-9;10-seco-5;7;10(19);22-ergostatetraene-1;  3;24;25-tetrol","444.65","C28H44O4","(1R;3S;5Z)-5-[(2E)-2-[(1R;3aS;7aR)-1-[(E;2R;5R)-5;6-dihydroxy-5;6-dimethylhept-3-en-2-yl]-7a-methyl-2;3;3a;5;6;7-hexahydro-1H-inden-4-ylidene]ethylidene]-4-methylidenecyclohexane-1;3-diol","CC(C=CC(C)(C(C)(C)O)O)C1CCC2C1(CCCC2=CC=C3CC(CC(C3=C)O)O)C","NA","NA","HMDB0006227","NA","NA","NA","NA","HMDB"
"20265","6446280","Calcitetrol","NA","calcitetrol  (24R)-24-Hydroxycalcitriol  1alpha;24R;25(OH)3D3  1alpha;24R;25-trihydroxyvitamin D3  1-alpha;24(R);25-Trihydroxyvitamin D3  1alpha;24R;25-trihydroxycholecalciferol  (1-alpha;3-beta;5Z;7E","432.64","C27H44O4","(1R;3S;5Z)-5-[(2E)-2-[(1R;3aS;7aR)-1-[(2R;5R)-5;6-dihydroxy-6-methylheptan-2-yl]-7a-methyl-2;3;3a;5;6;7-hexahydro-1H-inden-4-ylidene]ethylidene]-4-methylidenecyclohexane-1;3-diol","CC(CCC(C(C)(C)O)O)C1CCC2C1(CCCC2=CC=C3CC(CC(C3=C)O)O)C","NA","NA","HMDB0006228","NA","NA","NA","NA","HMDB"
"20266","92746","zymosterol","a 4;14-desmethyl intermediate between LANOSTEROL and CHOLESTEROL","Zymosterol zymostrol  5alpha-Cholesta-8;24-dien-3beta-ol  delta8;24-Cholestadien-3beta-ol  5-alpha-Cholesta-8;24-dien-3-beta-ol","384.64","C27H44O","(3S;5S;10S;13R;14R;17R)-10;13-dimethyl-17-[(2R)-6-methylhept-5-en-2-yl]-2;3;4;5;6;7;11;12;14;15;16;17-dodecahydro-1H-cyclopenta[a]phenanthren-3-ol","CC(CCC=C(C)C)C1CCC2C1(CCC3=C2CCC4C3(CCC(C4)O)C)C","NA","C05437","HMDB0006271","8.65","NA","NA","NA","HMDB"
"20267","NA","7-a;25-Dihydroxycholesterol","7 alpha-hydroxylation is not directly involved; positively or negatively; in the action of 25- or 27-hydroxycholesterol as suppressors of HMG-CoA reductase activity. Human diploid fibroblasts (HDF) and the human melanoma cell line SK-MEL-2 converted 25-hydroxycholesterol into 7 alpha;25-dihydroxycho","7alpha;25-Dihydroxycholesterol#Cholest-5-ene-3beta;7alpha;25-triol#7-alpha;25-Dihydroxycholesterol#Cholest-5-ene-3-beta;7-alpha;25-triol#Cholest-5-ene-3-b;7-a;25-triol#Cholest-5-ene-3b;7a;25-triol#7-a","418.65","C27H46O3","cholest-5-ene-3beta;7alpha;25-triol","CC(CCCC(C)(C)O)C1CCC2C3C(O)C=C4CC(O)CCC4(C)C3CCC12C","NA","C15520","HMDB0006280","NA","NA","NA","NA","HMDB"
"20268","111049","Dehydrocholesterol","NA","Dehydrocholesterol  9beta;10alpha-Cholesta-5;7-dien-3beta-ol","384.64","C27H44O","(3S;9R;10S;13R;14R;17R)-10;13-dimethyl-17-[(2R)-6-methylheptan-2-yl]-2;3;4;9;11;12;14;15;16;17-decahydro-1H-cyclopenta[a]phenanthren-3-ol","CC(C)CCCC(C)C1CCC2C1(CCC3C2=CC=C4C3(CCC(C4)O)C)C","NA","NA","HMDB0006505","NA","NA","NA","NA","HMDB"
"20269","101770","zymostenol","RN given refers to (3beta;5alpha)-isomer; RN for cpd without isomeric  designation not available 9/88","Zymostenol Cholestenol  delta(8)-Cholestenol 5alpha-Cholest-8-en-3beta-ol  5alpha-Cholest-8(9)-en-3beta-ol Cholest-8-en-3-ol; (3beta;5alpha)-","386.65","C27H46O","(3S;5S;10S;13R;14R;17R)-10;13-dimethyl-17-[(2R)-6-methylheptan-2-yl]-2;3;4;5;6;7;11;12;14;15;16;17-dodecahydro-1H-cyclopenta[a]phenanthren-3-ol","CC(C)CCCC(C)C1CCC2C1(CCC3=C2CCC4C3(CCC(C4)O)C)C","NA","C03845","HMDB0006541","NA","NA","NA","NA","HMDB"
"20270","5283711","Cholecalciferol","Derivative of 7-dehydroxycholesterol formed by ULTRAVIOLET RAYS  breaking of the C9-C10 bond. It differs from ERGOCALCIFEROL in having  a single bond between C22 and C23 and lacking a methyl group at  C24.","Cholecalciferol  Colecalciferol  Delta-D  Vitamin D3 Delta-D (TN)","384.64","C27H44O","(1S;3E)-3-[(2E)-2-[(1R;3aS;7aR)-7a-methyl-1-[(2R)-6-methylheptan-2-yl]-2;3;3a;5;6;7-hexahydro-1H-inden-4-ylidene]ethylidene]-4-methylidenecyclohexan-1-ol","CC(C)CCCC(C)C1CCC2C1(CCCC2=CC=C3CC(CCC3=C)O)C","NA","C05443; D00188","HMDB0006719","NA","NA","NA","NA","HMDB"
"20271","6368826","5;6-trans-25-Hydroxyvitamin D3","NA","5;6-trans-25-Hydroxyvitamin D3  25-Hydroxy-5;6-trans-vitamin D3  5;6-trans-25-Hydroxycholecalciferol  25-Hydroxy-5;6-trans-cholecalciferol  (3beta;5E;7E)-9;10-Secocholesta-5;7;10(19)-triene-3;25-diol ","400.64","C27H44O2","(3E)-3-[(2Z)-2-[1-(6-hydroxy-6-methylheptan-2-yl)-7a-methyl-2;3;3a;5;6;7-hexahydro-1H-inden-4-ylidene]ethylidene]-4-methylidenecyclohexan-1-ol","CC(CCCC(C)(C)O)C1CCC2C1(CCCC2=CC=C3CC(CCC3=C)O)C","NA","NA","HMDB0006721","NA","NA","NA","NA","HMDB"
"20272","NA","25-Hydroxytachysterol3","25-Hydroxytachysterol3 is a hydroxylated derivative of tachysterol3. 25-hydroxytachysterol is converted to 25-hydroxyprevitamin D3; which is then converted to the hydroxyvitamin D3 through a thermally induced rearrangement. It is now established that; during exposure to sunlight; the cutaneous reser","9;10-Secocholesta-5(10);6;8-triene-3;25-diol#25-Hydroxytachysterol3#25-Hydroxytachysterol","400.64","C27H44O2","NA","CC(CCCC(C)(C)O)C1CCC2C(=CCCC12C)C=CC1=C(C)CCCC1O","NA","NA","HMDB0006722","NA","NA","NA","NA","HMDB"
"20273","16061338","20:2 Cholesteryl ester","NA","20:2 Cholesteryl ester  cholest-5-en-3beta-yl (11Z;14Z-eicosadienoate)","677.14","C47H80O2","[(3S;8S;9S;10R;13R;14S;17R)-10;13-dimethyl-17-[(2R)-6-methylheptan-2-yl]-2;3;4;7;8;9;11;12;14;15;16;17-dodecahydro-1H-cyclopenta[a]phenanthren-3-yl](11Z;14Z)-icosa-11;14-dienoate","CCCCCC=CCC=CCCCCCCCCCC(=O)OC1CCC2(C3CCC4(C(C3CC=C2C1)CCC4C(C)CCCC(C)C)C)C","NA","C02530","HMDB0006734","NA","NA","NA","NA","HMDB"
"20274","16061340","22:2 Cholesteryl ester","NA","22:2 Cholesteryl ester  cholest-5-en-3beta-yl (13Z;16Z-docosadienoate)","705.19","C49H84O2","[(3S;8S;9S;10R;13R;14S;17R)-10;13-dimethyl-17-[(2R)-6-methylheptan-2-yl]-2;3;4;7;8;9;11;12;14;15;16;17-dodecahydro-1H-cyclopenta[a]phenanthren-3-yl](13Z;16Z)-docosa-13;16-dienoate","CCCCCC=CCC=CCCCCCCCCCCCC(=O)OC1CCC2(C3CCC4(C(C3CC=C2C1)CCC4C(C)CCCC(C)C)C)C","NA","C02530","HMDB0006737","NA","NA","NA","NA","HMDB"
"20275","439423","7-dehydrocholesterol","RN given refers to (3beta)-isomer; structure; main provitamin in skin  that is converted by sunlight to cholecalciferol (vitamin D3)","7-Dehydrocholesterol Provitamin D3  Dehydrocholesterol  Cholesta-5;7-dien-3beta-ol  5;7-Cholestadien-3-beta-ol  3beta-Hydroxy-5;7-cholestadiene","384.64","C27H44O","(3S;9S;10R;13R;14R;17R)-10;13-dimethyl-17-[(2R)-6-methylheptan-2-yl]-2;3;4;9;11;12;14;15;16;17-decahydro-1H-cyclopenta[a]phenanthren-3-ol","CC(C)CCCC(C)C1CCC2C1(CCC3C2=CC=C4C3(CCC(C4)O)C)C","NA","C01164","HMDB0000032","NA","NA","NA","NA","HMDB"
"20276","NA","3a;16a-Dihydroxyandrostenone","3a;16a-Dihydroxyandrostenone is the most abundant single urinary metabolite of 16a-hydroxydehydroisoandrosterone (PMID 6049445); present in normal; non-pregnant human. It was found in the urine sample from a patient who had an inoperable asymptomatic adrenal carcinoma and who excreted about 5 mg/day","3a;16a-Dihydroxyandrost-5-en-17-one#3a;16a-Dihydroxyandrostenone","304.42","C19H28O3","(3a;16a)-3;16-dihydroxy-Androst-5-en-17-one","CC12CC(O)CC1C3CCC4CC(O)=CC(=O)C4(C)C3CC2","NA","NA","HMDB0000324","NA","NA","NA","NA","HMDB"
"20277","247304","2-hydroxyestradiol","catechol estrogen; RN given refers to (17 beta)-isomer","2-Hydroxyestradiol 2-hydroxyestradiol  2-OH-Estradiol  2-hydroxy-estradiol  2-Hydroxyestradiol-17beta  2-OH-E2  2-hydroxy-17beta-estradiol","288.38","C18H24O3","(8R;9S;13S;14S;17S)-13-methyl-6;7;8;9;11;12;14;15;16;17-decahydrocyclopenta[a]phenanthrene-2;3;17-triol","CC12CCC3C(C1CCC2O)CCC4=CC(=C(C=C34)O)O","2BW7","C05301","HMDB0000338","NA","NA","NA","P06211; Q62986","HMDB"
"20278","6434253","24;25-Dihydroxyvitamin D3","A physiologically active metabolite of VITAMIN D. The compound is  involved in the regulation of calcium metabolism; alkaline phosphatase  activity; and enhances the calcemic effect of CALCITRIOL.","24;25-Dihydroxyvitamin D  24;25-dihydroxyvitamin D3 24;25-Dihydroxycholecalciferol (3beta;5Z;7E)-9;10-Secocholesta-5;7;10(19)-triene-3;24;25-triol","416.64","C27H44O3","(6R)-6-[(1R;3aS;4E;7aR)-4-[(2Z)-2-[(5S)-5-hydroxy-2-methylidenecyclohexylidene]ethylidene]-7a-methyl-2;3;3a;5;6;7-hexahydro-1H-inden-1-yl]-2-methylheptane-2;3-diol","CC(CCC(C(C)(C)O)O)C1CCC2C1(CCCC2=CC=C3CC(CCC3=C)O)C","NA","NA","HMDB0000430","NA","NA","NA","NA","HMDB"
"20279","535378","Methyl-3;7-diketo-5.alpha.-cholanoate","NA","Methyl-3;7-diketo-5.alpha.-cholanoate  Methyl 5-.beta.-cholan-3;7-dione-24-oate  5.alpha.-Cholan-24-oic acid; 3;7-dioxo-; methyl ester","402.57","C25H38O4","methyl4-(10;13-dimethyl-3;7-dioxo-2;4;5;6;8;9;11;12;14;15;16;17-dodecahydro-1H-cyclopenta[a]phenanthren-17-yl)pentanoate","CC(CCC(=O)OC)C1CCC2C1(CCC3C2C(=O)CC4C3(CCC(=O)C4)C)C","NA","NA","HMDB0000541","NA","NA","NA","NA","HMDB"
"20280","227041","Cholesteryl linoleate","RN given refers to (Z;Z)-isomer","Cholesterol linolate  Cholesterol; linoleate  Cholest-5-en-3-ol (3.beta.)-; 9;12-octadecadienoate; (Z;Z)-","649.08","C45H76O2","[10;13-dimethyl-17-(6-methylheptan-2-yl)-2;3;4;7;8;9;11;12;14;15;16;17-dodecahydro-1H-cyclopenta[a]phenanthren-3-yl]octadeca-9;12-dienoate","CCCCCC=CCC=CCCCCCCCC(=O)OC1CCC2(C3CCC4(C(C3CC=C2C1)CCC4C(C)CCCC(C)C)C)C","NA","C15441","HMDB0000610","NA","NA","NA","NA","HMDB"
"20281","79062","Cholesteryl palmitate","NA","Cholesterol palmitate  Cholesteryl hexadecanoate  Cholesterol; palmitate (8CI)  Cholest-5-ene-3-beta-yl palmitate  Hexadecanoic acid; cholesteryl ester  Cholest-5-en-3-ol (3beta)-; hexadecanoate","625.06","C43H76O2","[(9S;14S;17R)-10;13-dimethyl-17-[(2R)-6-methylheptan-2-yl]-2;3;4;7;8;9;11;12;14;15;16;17-dodecahydro-1H-cyclopenta[a]phenanthren-3-yl]hexadecanoate","CCCCCCCCCCCCCCCC(=O)OC1CCC2(C3CCC4(C(C3CC=C2C1)CCC4C(C)CCCC(C)C)C)C","NA","C11251","HMDB0000885","NA","NA","NA","NA","HMDB"
"20282","92730","11alpha-Hydroxyprogesterone","NA","11alpha-Hydroxyprogesterone  Progesterone; 11alpha-hydroxy-  4-Pregnen-11alpha-ol-3;20-dione","330.46","C21H30O3","(8S;9S;10R;11R;13S;14S;17S)-17-acetyl-11-hydroxy-10;13-dimethyl-1;2;6;7;8;9;11;12;14;15;16;17-dodecahydrocyclopenta[a]phenanthren-3-one","CC(=O)C1CCC2C1(CC(C3C2CCC4=CC(=O)CCC34C)O)C","NA","C03747","HMDB0000920","2.13","NA","NA","NA","HMDB"
"20283","168408","Tauromuricholic acid","RN given refers to (3 alpha;5 beta;6 beta;7 beta)-isomer","NA","515.7","C26H45NO7S","2-[[(4R)-4-[(3R;5R;6S;7R;10R;13R;17R)-3;6;7-trihydroxy-10;13-dimethyl-2;3;4;5;6;7;8;9;11;12;14;15;16;17-tetradecahydro-1H-cyclopenta[a]phenanthren-17-yl]pentanoyl]amino]ethanesulfonic acid","CC(CCC(=O)NCCS(=O)(=O)O)C1CCC2C1(CCC3C2C(C(C4C3(CCC(C4)O)C)O)O)C","NA","NA","HMDB0000932","NA","NA","NA","NA","HMDB"
"20284","439260","Norepinephrine","Precursor of epinephrine that is secreted by the adrenal medulla and  is a widespread central and autonomic neurotransmitter. Norepinephrine  is the principal transmitter of most postganglionic sympathetic fibers  and of the diffuse projection system in the brain arising from the  locus ceruleus. It","norepinephrine noradrenaline L-Noradrenaline  Arterenol  Levarterenol  L-Norepinephrine  L-arterenol  Levophed Adrenor  Aktamin","169.18","C8H11NO3","4-[(1R)-2-amino-1-hydroxyethyl]benzene-1;2-diol","C1=CC(=C(C=C1C(CN)O)O)O","NA","C00547; D00076","HMDB0000216","NA","NA","DB00368","P08588; P08913; P18825; P35348; P18089; P35368; P07550; P25100; P13945","Endonet"
"20285","66255","Norbolethone","structure given in first source","Genabol  Norbalethone  DL-Norbolethone  NORBOLETHONE  13-ethyl-17-hydroxy-18;19-dinor-17-pregn-4-en-20-yn-3-one  Norboletonum  Norboletona","316.48","C21H32O2","(8R;9S;10R;13S;14S;17S)-13;17-diethyl-17-hydroxy-1;2;6;7;8;9;10;11;12;14;15;16-dodecahydrocyclopenta[a]phenanthren-3-one","CCC12CCC3C(C1CCC2(CC)O)CCC4=CC(=O)CCC34","NA","D05204","HMDB0006026","NA","NA","NA","Q9TT90; Q8MIK0; O97776; P10275; O97952; Q6QT55; P19091; O97775; O97960; Q9GKL7; P49699; Q7T1K4; P15207","HMDB"
"20286","6437855","1;25-dihydroxyergocalciferol","RN given refers to (3beta;5Z;7E;22E)-isomer","1;25-Dihydroxyvitamin D2 1;25-Dihydroxyergocalciferol 1alpha;25-Dihydroxyvitamin D2  1;25-(OH)2D2 9;10-Segoergosta-5;7;10(19);22-tetraene-1;3;25-triol;  (3beta;5Z;7E;22E)-","428.65","C28H44O3","(1R;5Z)-5-[(2E)-2-[(1R;3aS;7aR)-1-[(E;2R;5S)-6-hydroxy-5;6-dimethylhept-3-en-2-yl]-7a-methyl-2;3;3a;5;6;7-hexahydro-1H-inden-4-ylidene]ethylidene]-4-methylidenecyclohexane-1;3-diol","CC(C=CC(C)C(C)(C)O)C1CCC2C1(CCCC2=CC=C3CC(CC(C3=C)O)O)C","NA","NA","HMDB0006225","NA","NA","NA","NA","HMDB"
"20287","6438871","23;25-dihydroxyvitamin D3","metabolite of vitamin D3 in chickens and rats; RN given refers to  (3beta;5Z;7E)-isomer","23S;25-Dihydroxyvitamin D  23;25-Dihydroxyvitamin D3 23;25-Dihydroxycholecalciferol 9;10-Secocholesta-5;7;10(19)-triene-3;23;25-triol; (3beta;5Z;7E)-","416.64","C27H44O3","(6R)-6-[(1R;3aS;4E;7aR)-4-[(2Z)-2-[(5R)-5-hydroxy-2-methylidenecyclohexylidene]ethylidene]-7a-methyl-2;3;3a;5;6;7-hexahydro-1H-inden-1-yl]-2-methylheptane-2;4-diol","CC(CC(CC(C)(C)O)O)C1CCC2C1(CCCC2=CC=C3CC(CCC3=C)O)C","NA","NA","HMDB0006720","NA","NA","NA","NA","HMDB"
"20288","6479222","Cholesteryl arachidonate","RN given refers to (3beta)-isomer","Cholesteryl arachidonate 20:4 Cholesteryl ester  cholest-5-en-3beta-yl (5Z;8Z;11Z;14Z-eicosatetraenoate)  Cholest-5-en-3-ol (3beta)-; 5;8;11;14-eicosatetraenoate; (all-Z)-","673.11","C47H76O2","[(3S;8S;9S;10R;13R;14S;17R)-10;13-dimethyl-17-[(2R)-6-methylheptan-2-yl]-2;3;4;7;8;9;11;12;14;15;16;17-dodecahydro-1H-cyclopenta[a]phenanthren-3-yl](5Z;8Z;11Z;14Z)-icosa-5;8;11;14-tetraenoate","CCCCCC=CCC=CCC=CCC=CCCCC(=O)OC1CCC2(C3CCC4(C(C3CC=C2C1)CCC4C(C)CCCC(C)C)C)C","NA","C02530","HMDB0006726","NA","NA","NA","NA","HMDB"
"20289","16061342","24:1 Cholesteryl ester","NA","24:1 Cholesteryl ester  cholest-5-en-3beta-yl (15Z-tetracosenoate)","735.26","C51H90O2","[(3S;8S;9S;10R;13R;14S;17R)-10;13-dimethyl-17-[(2R)-6-methylheptan-2-yl]-2;3;4;7;8;9;11;12;14;15;16;17-dodecahydro-1H-cyclopenta[a]phenanthren-3-yl] (Z)-tetracos-5-enoate","CCCCCCCCCCCCCCCCCCC=CCCCC(=O)OC1CCC2(C3CCC4(C(C3CC=C2C1)CCC4C(C)CCCC(C)C)C)C","NA","C02530","HMDB0006728","NA","NA","NA","NA","HMDB"
"20290","16061341","22:4 Cholesteryl ester","NA","22:4 Cholesteryl ester  cholest-5-en-3beta-yl (7Z;10Z;13Z;16Z-docosatetraenoate)","701.16","C49H80O2","[(3S;8S;9S;10R;13R;14S;17R)-10;13-dimethyl-17-[(2R)-6-methylheptan-2-yl]-2;3;4;7;8;9;11;12;14;15;16;17-dodecahydro-1H-cyclopenta[a]phenanthren-3-yl](7Z;10Z;13Z;16Z)-docosa-7;10;13;16-tetraenoate","CCCCCC=CCC=CCC=CCC=CCCCCCC(=O)OC1CCC2(C3CCC4(C(C3CC=C2C1)CCC4C(C)CCCC(C)C)C)C","NA","C02530","HMDB0006729","NA","NA","NA","NA","HMDB"
"20291","16061337","20:1 Cholesteryl ester","NA","20:1 Cholesteryl ester  cholest-5-en-3beta-yl (11Z-eicosenoate)","679.15","C47H82O2","[(3S;8S;9S;10R;13R;14S;17R)-10;13-dimethyl-17-[(2R)-6-methylheptan-2-yl]-2;3;4;7;8;9;11;12;14;15;16;17-dodecahydro-1H-cyclopenta[a]phenanthren-3-yl] (Z)-icos-11-enoate","CCCCCCCCC=CCCCCCCCCCC(=O)OC1CCC2(C3CCC4(C(C3CC=C2C1)CCC4C(C)CCCC(C)C)C)C","NA","C02530","HMDB0006732","NA","NA","NA","NA","HMDB"
"20292","14274978","22:6 Cholesteryl ester","NA","22:6 Cholesteryl ester  cholest-5-en-3beta-yl (4Z;7Z;10Z;13Z;16Z;19Z-docosahexaenoate)","697.13","C49H76O2","[(3S;8S;9S;10R;13R;14S;17R)-10;13-dimethyl-17-[(2R)-6-methylheptan-2-yl]-2;3;4;7;8;9;11;12;14;15;16;17-dodecahydro-1H-cyclopenta[a]phenanthren-3-yl](4Z;7Z;10Z;13Z;16Z;19Z)-docosa-4;7;10;13;16;19-hexaenoate","CCC=CCC=CCC=CCC=CCC=CCC=CCCC(=O)OC1CCC2(C3CCC4(C(C3CC=C2C1)CCC4C(C)CCCC(C)C)C)C","NA","C02530","HMDB0006733","NA","NA","NA","NA","HMDB"
"20293","14274976","20:3 Cholesteryl ester","NA","20:3 Cholesteryl ester  cholest-5-en-3beta-yl (8Z;11Z;14Z-eicosatrienoate)","675.12","C47H78O2","[(3S;8S;9S;10R;13R;14S;17R)-10;13-dimethyl-17-[(2R)-6-methylheptan-2-yl]-2;3;4;7;8;9;11;12;14;15;16;17-dodecahydro-1H-cyclopenta[a]phenanthren-3-yl](8Z;11Z;14Z)-icosa-8;11;14-trienoate","CCCCCC=CCC=CCC=CCCCCCCC(=O)OC1CCC2(C3CCC4(C(C3CC=C2C1)CCC4C(C)CCCC(C)C)C)C","NA","C02530","HMDB0006736","NA","NA","NA","NA","HMDB"
"20294","5283631","19:0 Cholesteryl ester","NA","19:0 Cholesteryl ester  cholest-5-en-3beta-yl nonadecanoate","667.14","C46H82O2","[(3S;8S;9S;10R;13R;14S)-10;13-dimethyl-17-[(2R)-6-methylheptan-2-yl]-2;3;4;7;8;9;11;12;14;15;16;17-dodecahydro-1H-cyclopenta[a]phenanthren-3-yl] nonadecanoate","CCCCCCCCCCCCCCCCCCC(=O)OC1CCC2(C3CCC4(C(C3CC=C2C1)CCC4C(C)CCCC(C)C)C)C","NA","C02530","HMDB0006738","NA","NA","NA","NA","HMDB"
"20295","440567","Taurocholic Acid","The product of conjugation of cholic acid with taurine. Its sodium  salt is the chief ingredient of the bile of carnivorous animals. It  acts as a detergent to solubilize fats for absorption and is itself  absorbed. It is used as a cholagogue and cholerectic.","Cholyltaurine Taurocholic Acid  Taurocholate","515.7","C26H45NO7S","2-[4-[(3R;5S;7R;12S)-3;7;12-trihydroxy-10;13-dimethyl-2;3;4;5;6;7;8;9;11;12;14;15;16;17-tetradecahydro-1H-cyclopenta[a]phenanthren-17-yl]pentanoylamino]ethanesulfonic acid","CC(CCC(=O)NCCS(=O)(=O)O)C1CCC2C1(C(CC3C2C(CC4C3(CCC(C4)O)C)O)O)C","NA","C05122","HMDB0000036","NA","NA","NA","Q3SZL0; Q96RI1; Q60641; Q62735; Q811W9; Q811X0; Q811X1; Q811X2; Q8JHU2","HMDB"
"20296","92748","Allotetrahydrocortisol","RN given refers to (3alpha;5alpha;11beta)-isomer","alpha-THF  Allotetrahydrocortisol Tetrahydroallocortisol  ATHF  Kendall's compound C  .alpha.-THF  Allotetrahydrocompound F  Reichstein's substance C  Allocortisol; tetrahydro-","366.49","C21H34O5","2-hydroxy-1-[(3R;5S;8S;9S;10S;11S;13S;14S;17R)-3;11;17-trihydroxy-10;13-dimethyl-1;2;3;4;5;6;7;8;9;11;12;14;15;16-tetradecahydrocyclopenta[a]phenanthren-17-yl]ethanone","CC12CCC(CC1CCC3C2C(CC4(C3CCC4(C(=O)CO)O)C)O)O","NA","NA","HMDB0000526","1.92","NA","NA","NA","HMDB"
"20297","6449983","Cholesteryl 9-hexadecenoate","RN given refers to (Z)-isomer","Cholesteryl 9-palmitoleate cholesteryl 9-hexadecenoate  Cholesteryl 9-hexadecenoate Cholesteryl 9-palmitelaidate Cholesteryl cis-9-hexadecenoate Cholest-5-en-3-ol (3beta)-; 9-hexadecenoate; (Z)-","623.05","C43H74O2","[(3S;8S;9S;10R;13R;14S;17R)-10;13-dimethyl-17-[(2R)-6-methylheptan-2-yl]-2;3;4;7;8;9;11;12;14;15;16;17-dodecahydro-1H-cyclopenta[a]phenanthren-3-yl] (E)-hexadec-9-enoate","CCCCCCC=CCCCCCCCC(=O)OC1CCC2(C3CCC4(C(C3CC=C2C1)CCC4C(C)CCCC(C)C)C)C","NA","C02530","HMDB0000658","NA","NA","NA","NA","HMDB"
"20298","439763","Taurolithocholic Acid","A bile salt formed in the liver from lithocholic acid conjugation with  taurine; usually as the sodium salt. It solubilizes fats for  absorption and is itself absorbed. It is a cholagogue and  choleretic.","Taurolithocholate Taurolithocholic Acid  Lithocholyltaurine  N-(3alpha-hydroxy-5beta-cholan-24-oyl)-taurine  2-ethanesulfonic  acid","483.7","C26H45NO5S","2-[[(4R)-4-[(3R;5R;8R;9S;10S;13R;14S;17R)-3-hydroxy-10;13-dimethyl-2;3;4;5;6;7;8;9;11;12;14;15;16;17-tetradecahydro-1H-cyclopenta[a]phenanthren-17-yl]pentanoyl]amino]ethanesulfonic acid","CC(CCC(=O)NCCS(=O)(=O)O)C1CCC2C1(CCC3C2CCC4C3(CCC(C4)O)C)C","NA","C02592","HMDB0000722","NA","NA","NA","Q3SZL0; Q96RI1; Q60641; Q62735; Q811W9; Q811X0; Q811X1; Q811X2; Q8JHU2","HMDB"
"20299","6744","Azuprostat","NA","Azuprostat  Nimbosterol  Quebrachol  Triastonal  Angelicin  Cinchol  Cupreol  Rhamnol  Sobatum  beta-Sitosterin","414.71","C29H50O","(3S;8S;9S;10R;13R;14S;17R)-17-[(2S;5S)-5-ethyl-6-methylheptan-2-yl]-10;13-dimethyl-2;3;4;7;8;9;11;12;14;15;16;17-dodecahydro-1H-cyclopenta[a]phenanthren-3-ol","CCC(CCC(C)C1CCC2C1(CCC3C2CC=C4C3(CCC(C4)O)C)C)C(C)C","NA","C01753","HMDB0000852","9.65","NA","NA","NA","HMDB"
"20300","5280794","Stigmasterol","NA","Stigmasterin  Stigmasterol  sterol  Phytosterol  beta-Stigmasterol  D5-Stigmasterol  Delta5-Stigmasterol  .beta.-Stigmasterol  Stigmasta-5;22-dien-3-ol","412.69","C29H48O","(3S;8S;9S;10R;13R;14S;17R)-17-[(E;2R;5S)-5-ethyl-6-methylhept-3-en-2-yl]-10;13-dimethyl-2;3;4;7;8;9;11;12;14;15;16;17-dodecahydro-1H-cyclopenta[a]phenanthren-3-ol","CCC(C=CC(C)C1CCC2C1(CCC3C2CC=C4C3(CCC(C4)O)C)C)C(C)C","NA","C05442","HMDB0000937","9.43","NA","NA","Q5BIS6; P55055; Q60644; Q62755; Q5E9B6; Q13133; Q9Z0Y9; Q62685; Q8AXU8; Q8JHU1","HMDB"
"20301","2723897","Cholesterol acetate","NA","Cholesteryl acetate 3beta-Acetoxy-5-cholestene  5-Cholesten-3beta-ol 3-acetate  3beta-Hydroxy-5-cholestene 3-acetate","428.69","C29H48O2","[(3S;8S;9S;10R;13R;14S;17R)-10;13-dimethyl-17-[(2R)-6-methylheptan-2-yl]-2;3;4;7;8;9;11;12;14;15;16;17-dodecahydro-1H-cyclopenta[a]phenanthren-3-yl] acetate","CC(C)CCCC(C)C1CCC2C1(CCC3C2CC=C4C3(CCC(C4)OC(=O)C)C)C","NA","C02530","HMDB0003822","NA","NA","NA","NA","HMDB"
"20302","440709","21-deoxycortisol","RN given refers to (11beta)-isomer; structure","21-Deoxycortisol 21-deoxycortisol  4-Pregnene-11beta;17alpha-diol-3;20-dione  11 beta;17 alpha-dihydroxypregn-4-ene-3;20-dione","346.46","C21H30O4","(8S;9S;10R;13S;14S;17R)-17-acetyl-11;17-dihydroxy-10;13-dimethyl-2;6;7;8;9;11;12;14;15;16-decahydro-1H-cyclopenta[a]phenanthren-3-one","CC(=O)C1(CCC2C1(CC(C3C2CCC4=CC(=O)CCC34C)O)C)O","NA","C05497","HMDB0004030","NA","NA","NA","NA","HMDB"
"20303","17150","Formyldienolone","structure; RN given refers to (11alpha;17beta)-isomer","Formebolone Formyldienolone formyldienolone  Esiclene formyldienolone  Hubernol  Formebolonum  Formebolona","344.44","C21H28O4","(8S;9S;10R;11R;13S;14S;17S)-11;17-dihydroxy-10;13;17-trimethyl-3-oxo-7;8;9;11;12;14;15;16-octahydro-6H-cyclopenta[a]phenanthrene-2-carbaldehyde","CC1(CCC2C1(CC(C3C2CCC4=CC(=O)C(=CC34C)C=O)O)C)O","NA","NA","HMDB0004631","1.43","NA","NA","NA","HMDB"
"20304","NA","Cholesteryl 1-vaccenoate","CE(18:1(11Z)) is a cholesterol fatty acid ester or simply a cholesterol ester (CE). Cholesterol esters are cholesterol molecules with long-chain fatty acids linked to the hydroxyl group. They are much less polar than free cholesterol and appear to be the preferred form for transport in plasma and fo","cholesterol 1-(11Z-octadecenoate)#cholesterol 1-(11Z-octadecenoic acid)#cholesteryl 1-(11Z-octadecenoic acid)#CE(18:1n7/0:0)#1-vaccenoyl-cholesterol#18:1(11Z) Cholesterol ester#cholesterol 1-vaccenoic","651.1","C45H78O2","1-(11Z-octadecenoyl)-cholesterol","CCCCCCC=CCCCCCCCCCC(=O)OC1CCC2(C)C3CCC4(C)C(CCC4C3CC=C2C1)C(C)CCCC(C)C","NA","NA","HMDB0005189","NA","NA","NA","NA","HMDB"
"20305","NA","Cholesterol 1-eicosenoate","CE(20:1(11Z)) is a cholesterol fatty acid ester or simply a cholesterol ester (CE). Cholesterol esters are cholesterol molecules with long-chain fatty acids linked to the hydroxyl group. They are much less polar than free cholesterol and appear to be the preferred form for transport in plasma and fo","Cholesterol Ester(20:1/0:0)#Cholesterol Ester(20:1n9/0:0)#1-eicosenoyl-cholesterol#cholesteryl 1-(11-eicosenoate)#cholesteryl 1-eicosenoate#CE(20:1w9/0:0)#Cholesterol Ester(20:1)#cholesteryl 1-(11-eic","679.15","C47H82O2","1-(11-eicosenoyl)-cholesterol","CCCCCCCCC=CCCCCCCCCCC(=O)OC1CCC2(C)C3CCC4(C)C(CCC4C3CC=C2C1)C(C)CCCC(C)C","NA","NA","HMDB0005193","NA","NA","NA","NA","HMDB"
"20306","NA","Cholesterol 1-arachidonoic acid","CE(20:4(5Z;8Z;11Z;14Z)) is a cholesterol fatty acid ester or simply a cholesterol ester (CE). Cholesterol esters are cholesterol molecules with long-chain fatty acids linked to the hydroxyl group. They are much less polar than free cholesterol and appear to be the preferred form for transport in pla","cholesterol 1-(5Z;8Z;11Z;14Z-eicosatetraenoate)#cholesterol 1-(5Z;8Z;11Z;14Z-eicosatetraenoic acid)#CE(20:4n6/0:0)#Cholesterol Ester(20:4w6/0:0)#cholesteryl 1-arachidonoate#CE(20:4w6/0:0)#cholesteryl ","673.11","C47H76O2","1-(5Z;8Z;11Z;14Z-eicosatetraenoyl)-cholesterol","CCCCCC=CCC=CCC=CCC=CCCCC(=O)OC1CCC2(C)C3CCC4(C)C(CCC4C3CC=C2C1)C(C)CCCC(C)C","NA","NA","HMDB0005195","NA","NA","NA","NA","HMDB"
"20307","102146","Bolasterone","7alpha; 17alpha-dimethyl-testosterone; anabolic (Merck Index; 13th  ed)","Bolasterone Myagen  Bolasteronum  Bolasterona  7alpha;17-Dimethyltestosterone  7alpha;17alpha-Dimethyltestosterone  7.alpha.;17-Dimethyltestosterone","316.48","C21H32O2","(7R;8R;9S;10R;13S;14S;17S)-17-hydroxy-7;10;13;17-tetramethyl-2;6;7;8;9;11;12;14;15;16-decahydro-1H-cyclopenta[a]phenanthren-3-one","CC1CC2=CC(=O)CCC2(C3C1C4CCC(C4(CC3)C)(C)O)C","NA","C14475; D03144","HMDB0006048","4.14","NA","NA","Q9TT90; Q8MIK0; O97776; P10275; O97952; Q6QT55; P19091; O97775; O97960; Q9GKL7; P49699; Q7T1K4; P15207; O18925; O18928; O55065; O55066; O93244; O93245","HMDB"
"20308","99486","Cholesteryl myristate","NA","Cholestryl myristate  Cholesteryl tetradecanoate  14:0 Cholesteryl ester  Cholesterol; myristate (8CI)  Cholest-5-en-3beta-yl myristate  cholest-5-en-3beta-yl tetradecanoate","597.01","C41H72O2","[(3S;8S;9S;10R;13R;14S;17R)-10;13-dimethyl-17-[(2R)-6-methylheptan-2-yl]-2;3;4;7;8;9;11;12;14;15;16;17-dodecahydro-1H-cyclopenta[a]phenanthren-3-yl] tetradecanoate","CCCCCCCCCCCCCC(=O)OC1CCC2(C3CCC4(C(C3CC=C2C1)CCC4C(C)CCCC(C)C)C)C","NA","NA","HMDB0006725","NA","NA","NA","NA","HMDB"
"20309","16061339","Cholesteryl behenate","NA","Cholesteryl behenate  Cholesteryl docosanoate  22:0 Cholesteryl ester  cholest-5-en-3beta-yl docosanoate  5-Cholesten-3beta-ol 3-docosanoate 3beta-Hydroxy-5-cholestene 3-docosanoate","709.22","C49H88O2","[(3S;8S;9S;10R;13R;14S;17R)-10;13-dimethyl-17-[(2R)-6-methylheptan-2-yl]-2;3;4;7;8;9;11;12;14;15;16;17-dodecahydro-1H-cyclopenta[a]phenanthren-3-yl] docosanoate","CCCCCCCCCCCCCCCCCCCCCC(=O)OC1CCC2(C3CCC4(C(C3CC=C2C1)CCC4C(C)CCCC(C)C)C)C","NA","C02530","HMDB0006727","NA","NA","NA","NA","HMDB"
"20310","10372299","20:5 Cholesteryl ester","NA","20:5 Cholesteryl ester  cholest-5-en-3beta-yl (5Z;8Z;11Z;14Z;17Z-eicosapentaenoate)","671.09","C47H74O2","[(3S;8S;9S;10R;13R;14S;17R)-10;13-dimethyl-17-[(2R)-6-methylheptan-2-yl]-2;3;4;7;8;9;11;12;14;15;16;17-dodecahydro-1H-cyclopenta[a]phenanthren-3-yl](5Z;8Z;11Z;14Z;17Z)-icosa-5;8;11;14;17-pentaenoate","CCC=CCC=CCC=CCC=CCC=CCCCC(=O)OC1CCC2(C3CCC4(C(C3CC=C2C1)CCC4C(C)CCCC(C)C)C)C","NA","C02530","HMDB0006731","NA","NA","NA","NA","HMDB"
"20311","16061336","20:0 Cholesteryl ester","NA","20:0 Cholesteryl ester  cholest-5-en-3beta-yl eicosanoate","681.17","C47H84O2","[(3S;8S;9S;10R;13R;14S;17R)-10;13-dimethyl-17-[(2R)-6-methylheptan-2-yl]-2;3;4;7;8;9;11;12;14;15;16;17-dodecahydro-1H-cyclopenta[a]phenanthren-3-yl] icosanoate","CCCCCCCCCCCCCCCCCCCC(=O)OC1CCC2(C3CCC4(C(C3CC=C2C1)CCC4C(C)CCCC(C)C)C)C","NA","C02530","HMDB0006740","NA","NA","NA","NA","HMDB"
"20312","150890","16-Oxoandrostenediol","synthesized by hepatic microsomes from previable and anencephalic  human fetuses; abundant steroid of umbilical cord blood and the  physiologic precursor for 16-ketoestradiol-17 beta; major urinary  estrogen of human pregnancy; structure","16-Oxoandrostenediol 3 beta;17  beta-dihydroxyandrost-5-en-16-one  16-Ketoandrostenediol Androst-5-en-16-one; 3;17-dihydroxy-; (3.beta.;17.beta.)-  Androst-5-en-16-one; 3;17-dihydroxy-; (3beta;17beta)","304.42","C19H28O3","(3S;8R;9S;10R;13S;14S;17R)-3;17-dihydroxy-10;13-dimethyl-1;2;3;4;7;8;9;11;12;14;15;17-dodecahydrocyclopenta[a]phenanthren-16-one","CC12CCC(CC1=CCC3C2CCC4(C3CC(=O)C4O)C)O","NA","NA","HMDB0000322","NA","NA","NA","NA","HMDB"
"20313","91474","7-ketocholesterol","inhibits uptake of cholesterol in rabbit aorta","7-Ketocholesterol 7-Oxocholesterol Cholesterol; 7-oxo-  5-Cholesten-3beta-ol-7-one  5-cholesten-3 beta-ol-7-one 3beta-Hydroxycholest-5-en-7-one  3beta-hydroxy-5-cholestene-7-one","400.64","C27H44O2","(3S;8S;9S;10R;13R;14S;17R)-3-hydroxy-10;13-dimethyl-17-[(2R)-6-methylheptan-2-yl]-1;2;3;4;8;9;11;12;14;15;16;17-dodecahydrocyclopenta[a]phenanthren-7-one","CC(C)CCCC(C)C1CCC2C1(CCC3C2C(=O)C=C4C3(CCC(C4)O)C)C","NA","NA","HMDB0000501","NA","NA","NA","NA","HMDB"
"20314","5283632","Cholesteryl oleate","RN given refers to ((Z)-isomer)","Cholesteryl oleate Oleoylcholesterol  Cholesteryl oleic ester  Cholesteryl cis-9-octadecenoate  Cholesterol 3beta-oleate  Oleic acid cholesteryl ester  18:1 Cholesteryl ester  Cholest-5-en-3-beta-yl o","651.1","C45H78O2","[(3S;8S;9S;10R;13R;14S;17R)-10;13-dimethyl-17-[(2R)-6-methylheptan-2-yl]-2;3;4;7;8;9;11;12;14;15;16;17-dodecahydro-1H-cyclopenta[a]phenanthren-3-yl] (Z)-octadec-9-enoate","CCCCCCCCC=CCCCCCCCC(=O)OC1CCC2(C3CCC4(C(C3CC=C2C1)CCC4C(C)CCCC(C)C)C)C","2OBD","C14641","HMDB0000918","NA","NA","NA","NA","HMDB"
"20315","30322","Digoxin","A cardiotonic glycoside obtained mainly from Digitalis lanata; it  consists of three sugars and the aglycone DIGOXIGENIN. Digoxin has  positive inotropic and negative chronotropic activity. ","Digoxin  Cardiogoxin  Coragoxine  Lanacordin Lanoxicaps Lenoxicaps  Neodioxanin  Acygoxin  Cardigox  Cardioxin","780.94","C41H64O14","4-[(3S;5R;8R;9S;10S;12R;13S;14S)-3-[(2R;4S;5S;6R)-5-[(2S;4S;5S;6R)-5-[(2S;4S;5S;6R)-4;5-dihydroxy-6-methyloxan-2-yl]oxy-4-hydroxy-6-methyloxan-2-yl]oxy-4-hydroxy-6-methyloxan-2-yl]oxy-12;14-dihydroxy-10;13-dimethyl-1;2;3;4;5;6;7;8;9;11;12;15;16;17-tetradecahydrocyclopenta[a]phenanthren-17-yl]-5H-furan-2-one","CC1C(C(CC(O1)OC2C(OC(CC2O)OC3C(OC(CC3O)OC4CCC5(C(C4)CCC6C5CC(C7(C6(CCC7C8=CC(=O)OC8)O)C)O)C)C)C)O)O","NA","C06956","HMDB0001917","1.26","NA","DB00390","NA","HMDB"
"20316","5283159","5-Oxoete","RN given is for cpd without isomeric designation; an arachidonate  metabolite which stimulates neutrophils to mobilize Ca and promotes  PMN degranulation responses","5-Oxoete 5-oxo-6;8;11;14-eicosatetraenoic acid  5-Oxo-ETE  5-Oxoicosatetraenoic acid","318.45","C20H30O3","(6E;8Z;11Z;14Z)-5-oxoicosa-6;8;11;14-tetraenoic acid","CCCCCC=CCC=CCC=CC=CC(=O)CCCC(=O)O","NA","C14732","NA","NA","NA","NA","Q8TDS5","Endonet"
"20317","99470","Cholest-5-ene-3 beta;26-diol","isolated from human brain","26-Hydroxycholesterol 27-hydroxycholesterol  Cholest-5-ene-3beta;26-diol  Cholest-5-ene-3beta;27-diol","402.65","C27H46O2","(3S;8S;9S;10R;13R;14S;17R)-17-[(2R)-7-hydroxy-6-methylheptan-2-yl]-10;13-dimethyl-2;3;4;7;8;9;11;12;14;15;16;17-dodecahydro-1H-cyclopenta[a]phenanthren-3-ol","CC(CCCC(C)C1CCC2C1(CCC3C2CC=C4C3(CCC(C4)O)C)C)CO","NA","C15610","HMDB0002103","NA","NA","NA","NA","HMDB"
"20318","119207","Testosterone-17-sulfate","RN given refers to (17beta)-isomer","Testosterone sulfate  Testosterone-17-sulfate 17beta-(Sulfooxy)androst-4-en-3-one  Androst-4-en-3-one; 17-(sulfooxy)-; (17beta)-","368.49","C19H28O5S","[(8R;9S;10R;13S;14S;17S)-10;13-dimethyl-3-oxo-1;2;6;7;8;9;11;12;14;15;16;17-dodecahydrocyclopenta[a]phenanthren-17-yl] hydrogen sulfate","CC12CCC3C(C1CCC2OS(=O)(=O)O)CCC4=CC(=O)CCC34C","NA","C00535","HMDB0002833","NA","NA","NA","NA","HMDB"
"20319","9416","Testosterone enanthate","an androgen administered to treat micropenis","Delatestryl testosterone enanthate  Andropository Androtardyl  Testanthate  Testostroval  Durathate Testoenant  Atlatest  Testinon","400.59","C26H40O3","[(8R;9S;10R;13S;14S;17S)-10;13-dimethyl-3-oxo-1;2;6;7;8;9;11;12;14;15;16;17-dodecahydrocyclopenta[a]phenanthren-17-yl]heptanoate","CCCCCCC(=O)OC1CCC2C1(CCC3C2CCC4=CC(=O)CCC34C)C","NA","C08157","HMDB0005814","6.73","NA","NA","Q9TT90; Q8MIK0; O97776; P10275; O97952; Q6QT55; P19091; O97775; O97960; Q9GKL7; P49699; Q7T1K4; P15207","HMDB"
"20320","121948","24-Hydroxycholesterol","NA","Cerebrosterol 24-hydroxycholesterol  24S-hydroxy-cholesterol  Cholest-5-ene-3;24-diol 24-hydroxycholesterol  24(S)-hydroxycholesterol  (24S)-24-Hydroxycholesterol  cholest-5-en-3beta;24S-diol","402.65","C27H46O2","(3S;8S;9S;10R;13R;14S;17R)-17-[(2R;5S)-5-hydroxy-6-methylheptan-2-yl]-10;13-dimethyl-2;3;4;7;8;9;11;12;14;15;16;17-dodecahydro-1H-cyclopenta[a]phenanthren-3-ol","CC(C)C(CCC(C)C1CCC2C1(CCC3C2CC=C4C3(CCC(C4)O)C)C)O","NA","C13550","HMDB0001419","NA","NA","NA","NA","HMDB"
"20321","92786","Allopregnanolone","A pregnane found in the urine of pregnant women and sows. It has  anesthetic; hypnotic; and sedative properties.","3alpha-OH-DHP  3-alpha-OH DHP  Allotetrahydroprogesterone  Allopregnan-3alpha-ol-20-one  3-alpha;5-alpha-Pregnanolone  5alpha-Pregnan-3alpha-ol-20-one","318.49","C21H34O2","1-[(3R;5S;8R;9S;10S;13S;14S;17S)-3-hydroxy-10;13-dimethyl-2;3;4;5;6;7;8;9;11;12;14;15;16;17-tetradecahydro-1H-cyclopenta[a]phenanthren-17-yl]ethanone","CC(=O)C1CCC2C1(CCC3C2CCC4C3(CCC(C4)O)C)C","NA","C13712","HMDB0001449","NA","NA","NA","A3F8U8; 9GYU4; 9ARY7; 6H6R7; Q0VEX8; Q14AH9; 53WT3; 543Z0; 544F7; 544G1; 5SUU4; 5SUU5; 8BHM6; 8C446; 8C7N0; 8CAB3; 9JLE7; 9JLE8; 9JLE9","HMDB"
"20322","14985","Alpha-Tocopherol","A generic descriptor for all TOCOPHEROLS and TOCOTRIENOLS that exhibit  ALPHA-TOCOPHEROL activity. By virtue of the phenolic hydrogen on the  2H-1-benzopyran-6-ol nucleus; these compounds exhibit varying degree  of antioxidant activity; depending on the site and number of methyl  groups and the type","alpha-Tocopherol  Vitamin E  Ephanyl  Phytogermine  Waynecomycin  Viteolin  Eprolin  Vitaped  Esorb  Aquasol E","430.71","C29H50O2","(2R)-2;5;7;8-tetramethyl-2-[(4R;8R)-4;8;12-trimethyltridecyl]chroman-6-ol","CC1=C(C(=C2CCC(OC2=C1C)(C)CCCC(C)CCCC(C)CCCC(C)C)C)O","1R5L;1OIP","C02477","HMDB0001893","NA","NA","NA","NA","HMDB"
"20323","541103","Medroxyprogesterone","(6 alpha)-17-Hydroxy-6-methylpregn-4-ene-3;20-dione. A synthetic  progestational hormone used in veterinary practice as an estrus  regulator.","Medroxyprogesterone  Pregn-4-ene-3;20-dione; 17-hydroxy-6-methyl-; (6.alpha.)-","344.49","C22H32O3","17-acetyl-17-hydroxy-6;10;13-trimethyl-2;6;7;8;9;11;12;14;15;16-decahydro-1H-cyclopenta[a]phenanthren-3-one","CC1CC2C(CCC3(C2CCC3(C(=O)C)O)C)C4(C1=CC(=O)CC4)C","NA","C07119","HMDB0001939","NA","NA","DB00603","P03372; P06401","HMDB"
"20324","102182","Cholesteryl laurate","NA","Cholesteryl laurate  Cholesteryl dodecanoate  Cholesterol laurate  Cholesterol; laurate  12:0 Cholesteryl ester  Cholesterol; laurate (8CI)  Dodecanoic acid; cholesteryl ester  Cholest-5-en-3-beta-yl ","568.96","C39H68O2","[(3S;8S;9S;10R;13R;14S;17R)-10;13-dimethyl-17-[(2R)-6-methylheptan-2-yl]-2;3;4;7;8;9;11;12;14;15;16;17-dodecahydro-1H-cyclopenta[a]phenanthren-3-yl] dodecanoate","CCCCCCCCCCCC(=O)OC1CCC2(C3CCC4(C(C3CC=C2C1)CCC4C(C)CCCC(C)C)C)C","NA","C02530","HMDB0002262","NA","NA","NA","NA","HMDB"
"20325","439577","Desmosterol","An intermediate in the synthesis of cholesterol.","Desmosterol  24-Dehydrocholesterol Cholesta-5;24-dien-3beta-ol  5;24-Cholestadien-3beta-ol 5;24-cholestadien-3beta-ol  cholest-5;24-dien-3beta-ol  3beta-cholesta-5;24-dien-3-ol  3beta-Hydroxy-5;24-cho","384.64","C27H44O","(3S;8S;9S;10R;13R;14S;17R)-10;13-dimethyl-17-[(2R)-6-methylhept-5-en-2-yl]-2;3;4;7;8;9;11;12;14;15;16;17-dodecahydro-1H-cyclopenta[a]phenanthren-3-ol","CC(CCC=C(C)C)C1CCC2C1(CCC3C2CC=C4C3(CCC(C4)O)C)C","NA","C01802","HMDB0002719","NA","NA","NA","Q5BIS6; P55055; Q60644; Q62755; Q5E9B6; Q13133; Q9Z0Y9; Q62685; Q8AXU8; Q8JHU1","HMDB"
"20326","312822","Campesterol","RN refers to (3beta;24R)-isomer; structure","Campesterin  Campestrol  Ergost-5-en-3.beta.-ol  24.alpha.-Methylcholesterol  (24S)-beta-Methyl cholesterol  24-Methylcholest-5-en-3beta-ol  (24R)-5-Ergosten-3.beta.-ol  5-Cholestene-3-ol; 24-methyl- ","400.68","C28H48O","17-(5;6-dimethylheptan-2-yl)-10;13-dimethyl-2;3;4;7;8;9;11;12;14;15;16;17-dodecahydro-1H-cyclopenta[a]phenanthren-3-ol","CC(C)C(C)CCC(C)C1CCC2C1(CCC3C2CC=C4C3(CCC(C4)O)C)C","NA","C01789","HMDB0002869","NA","NA","NA","NA","HMDB"
"20327","111329","Cholesteryl valerate","NA","Cholesteryl valerate Cholesteryl pentanoate  Cholest-5-en-3beta-yl valerate  Cholest-5-en-3-ol (3beta); pentanoate","470.77","C32H54O2","[(3S;8S;9S;10R;13R;14S;17R)-10;13-dimethyl-17-[(2R)-6-methylheptan-2-yl]-2;3;4;7;8;9;11;12;14;15;16;17-dodecahydro-1H-cyclopenta[a]phenanthren-3-yl] pentanoate","CCCCC(=O)OC1CCC2(C3CCC4(C(C3CC=C2C1)CCC4C(C)CCCC(C)C)C)C","NA","C02530","HMDB0003442","NA","NA","NA","NA","HMDB"
"20328","4225619","Cholesteryl decanoate","NA","Cholesteryl caprate  Cholesteryl decanoate Cholesteryl n-decanoate  5-Cholesten-3beta-ol 3-decanoate","540.9","C37H64O2","[10;13-dimethyl-17-(6-methylheptan-2-yl)-2;3;4;7;8;9;11;12;14;15;16;17-dodecahydro-1H-cyclopenta[a]phenanthren-3-yl] decanoate","CCCCCCCCCC(=O)OC1CCC2(C3CCC4(C(C3CC=C2C1)CCC4C(C)CCCC(C)C)C)C","NA","C02530","HMDB0003603","NA","NA","NA","NA","HMDB"
"20329","7048589","19-Oxotestosterone","NA","NA","288.42","C19H28O2","(8R;9S;10R;13S;14R;17R)-17-hydroxy-10;13-dimethyl-1;2;6;7;8;9;11;12;14;15;16;17-dodecahydrocyclopenta[a]phenanthren-3-one","CC12CCC3C(C1CCC2O)CCC4=CC(=O)CCC34C","NA","C05295","HMDB0003959","NA","NA","NA","NA","HMDB"
"20330","6290","11-Dehydrocorticosterone","NA","17-Deoxycortisone  Dehydrocorticosterone  Kendall's compound A  Corticosterone; dehydro-  11-Dehydrocorticosteron  Cortisone; 17-deoxy-  11-dehydrocorticosterone  Corticosterone; 11-dehydro-  11-Oxo-1","344.44","C21H28O4","17-(2-hydroxyacetyl)-10;13-dimethyl-2;6;7;8;9;12;14;15;16;17-decahydro-1H-cyclopenta[a]phenanthrene-3;11-dione","CC12CCC(=O)C=C1CCC3C2C(=O)CC4(C3CCC4C(=O)CO)C","NA","C05490","HMDB0004029","183.5","NA","NA","NA","HMDB"
"20331","220502","11b-Hydroxyprogesterone","NA","11beta-Hydroxyprogesterone  11.alpha.-Hydroxyprogesterone  Progesterone; 11.alpha.-hydroxy-  Pregn-4-ene-3;20-dione; 11.alpha.-hydroxy-  Pregn-4-ene-3;20-dione; 11-hydroxy-; (11.alpha.)-  Pregn-4-ene-","330.46","C20H28O4","17-acetyl-11-hydroxy-10;13-dimethyl-1;2;6;7;8;9;11;12;14;15;16;17-dodecahydrocyclopenta[a]phenanthren-3-one","CC(=O)C1CCC2C1(CC(C3C2CCC4=CC(=O)CCC34C)O)C","NA","C05498","HMDB0004031","NA","NA","NA","NA","HMDB"
"20332","9900246","19-Nor-5-androstenediol","NA","NA","276.41","C18H28O2","(3S;8R;9S;10R;13S;14S;17S)-13-methyl-1;2;3;4;7;8;9;10;11;12;14;15;16;17-tetradecahydrocyclopenta[a]phenanthrene-3;17-diol","CC12CCC3C4CCC(CC4=CCC3C1CCC2O)O","NA","NA","HMDB0004590","NA","NA","NA","NA","HMDB"
"20333","6857686","Tetrahydrogestrinone","NA","17-HYDROXY-18A-HOMO-19-NOR-17ALPHA-PREGNA-4;9;11-TRIEN-3-ONE","312.45","C17H16O2T2","(8S;13S;14S;17S)-13;17-diethyl-17-hydroxy-1;2;6;7;8;14;15;16-octahydrocyclopenta[a]phenanthren-3-one","CCC1(CCC2C1(C=CC3=C4CCC(=O)C=C4CCC23)CC)O","NA","NA","HMDB0004626","NA","NA","NA","NA","HMDB"
"20334","28204","Calusterone","was MH 1975-92 (see under METHYLTESTOSTERONE 1975-90); use  METHYLTESTOSTERONE to search CALUSTERONE 1975-92; RN given refers to  the (7beta;17beta)-isomer","Methosarb  CALUSTERONE Dimethyltestosterone  Calusteron  Calusteronum  Calusterona  7beta;17-Dimethyltestosterone  7-beta;17-Dimethyltestosterone","316.48","C21H32O2","(7S;8R;9S;10R;13S;14S;17S)-17-hydroxy-7;10;13;17-tetramethyl-2;6;7;8;9;11;12;14;15;16-decahydro-1H-cyclopenta[a]phenanthren-3-one","CC1CC2=CC(=O)CCC2(C3C1C4CCC(C4(CC3)C)(C)O)C","NA","D03338","HMDB0004627","NA","NA","NA","NA","HMDB"
"20335","10891128","19-Noretiocholanolone","NA","NA","276.41","C18H28O2","(3S;5R;8R;9R;10S;13S;14S)-3-hydroxy-13-methyl-2;3;4;5;6;7;8;9;10;11;12;14;15;16-tetradecahydro-1H-cyclopenta[a]phenanthren-17-one","CC12CCC3C4CCC(CC4CCC3C1CCC2=O)O","NA","NA","HMDB0005886","NA","NA","NA","NA","HMDB"
"20336","5280778","5S-HpETE","5-HPETE is used inconsistently in literature as syn for cpds with  various tetraene locants; RN given refers to (6;8;11;14)-isomer; RN in  CA Vol 91 Form Index for (E;Z;Z;Z)-isomer: 70968-82-0; RN for  (5;8;11;13)-isomer: 71133-12-5; in Merck; arachidonic acid is the  (5;8;11;14)-isomer","5S-HpETE  5(S)-HPETE  5(S)-Hydroperoxyeicosatetraenoic acid","336.47","C20H32O4","(5S;6E;8Z;11Z;14Z)-5-hydroperoxyicosa-6;8;11;14-tetraenoic acid","CCCCCC=CCC=CCC=CC=CC(CCCC(=O)O)OO","NA","C05356","HMDB0001193","NA","NA","NA","Q8TDS5","HMDB"
"20337","5283128","6-trans-LTB4","NA","6-trans-LTB4  5S;12R-dihydroxy-6E;8E;10E;14Z-eicosatetraenoic acid","336.47","C20H32O4","(5S;6E;8E;10E;12R;14Z)-5;12-dihydroxyicosa-6;8;10;14-tetraenoic acid","CCCCCC=CCC(C=CC=CC=CC(CCCC(=O)O)O)O","NA","NA","HMDB0005087","NA","NA","NA","Q15722; Q9Y271; Q9NPC1","HMDB"
"20338","5283130","12-epi-LTB4","NA","12-epi-LTB4  5S;12S-dihydroxy-6Z;8E;10E;14Z-eicsatetraenoic acid","336.47","C20H32O4","(5S;6Z;8E;10E;12S;14Z)-5;12-dihydroxyicosa-6;8;10;14-tetraenoic acid","CCCCCC=CCC(C=CC=CC=CC(CCCC(=O)O)O)O","NA","NA","HMDB0005089","NA","NA","NA","Q15722; Q9Y271; Q9NPC1","HMDB"
"20339","5283122","12-keto-10;11;14;15-tetrahydro-LTB4","NA","12-keto-10;11;14;15-tetrahydro-LTB4  5S-hydroxy-12-keto-6Z;8E-eicosadienoic acid","338.48","C20H34O4","(5S;6Z;8E)-5-hydroxy-12-oxoicosa-6;8-dienoic acid","CCCCCCCCC(=O)CCC=CC=CC(CCCC(=O)O)O","NA","NA","HMDB0002995","NA","NA","NA","Q15722; Q9Y271; Q9NPC1","HMDB"
"20340","5280876","12-Oxo-LTB4","structure given in first source","12-Oxo-ltb4 12-oxoleukotriene B4  12-Oxoleukotriene B4 12-oxoleukotriene B4  12-Keto-LTB4  12-Keto-leukotriene B4  12-dehydro-leukotriene B4  5-Hydroxy-12-oxo-delta5;8;11;14-eicosapolyenoic acid  5S-h","334.45","C20H30O4","(5S;6Z;8E;10E;14Z)-5-hydroxy-12-oxoicosa-6;8;10;14-tetraenoic acid","CCCCCC=CCC(=O)C=CC=CC=CC(CCCC(=O)O)O","NA","C05949","HMDB0004234","NA","NA","NA","Q15722; Q9Y271; Q9NPC1","HMDB"
"20341","5283132","14;15-dehydro-LTB4","NA","14;15-dehydro-LTB4  5S;12R-dihydroxy-6Z;8E;10E-eicosatriene-14-ynoic acid","333.45","C20H30O4","(5S;6Z;8E;10E;12R)-5;12-dihydroxyicosa-6;8;10-trien-14-ynoic acid","CCCCCC#CCC(C=CC=CC=CC(CCCC(=O)O)O)O","NA","NA","NA","NA","NA","NA","Q15722; Q9Y271; Q9NPC1","HMDB"
"20342","5280877","20-carboxyleukotriene B4","metabolite of leukotriene B4","20-COOH-Leukotriene B4  20-Carboxy-leukotriene B4","366.45","C20H30O6","(5S;6Z;8E;10E;12R;14Z)-5;12-dihydroxyicosa-6;8;10;14-tetraenedioic acid","C(CCC(=O)O)CC=CCC(C=CC=CC=CC(CCCC(=O)O)O)O","NA","C05950","HMDB0006059","NA","NA","NA","Q15722; Q9Y271; Q9NPC1","HMDB"
"20343","5280745","20-hydroxy LTB4","RN given refers to (S-(R*;R*-(E;E;Z;Z)))-isomer","20-hydroxy LTB4 20-OH-Leukotriene B4  20-Hydroxy-leukotriene B4  20-OH-LTB4  20-hydroxyleukotriene B4  5;12;20-trihydroxy-6;8;10;14-eicosatetraenoic acid","352.47","C20H32O5","(5S;6Z;8E;10E;12R;14Z)-5;12;20-trihydroxyicosa-6;8;10;14-tetraenoic acid","C(CCC=CCC(C=CC=CC=CC(CCCC(=O)O)O)O)CCO","NA","C04853","HMDB0001509","NA","NA","NA","Q15722; Q9Y271; Q9NPC1","HMDB"
"20344","5280492","Leukotriene B4","The major metabolite in neutrophil polymorphonuclear leukocytes. It  stimulates polymorphonuclear cell function (degranulation; formation  of oxygen-centered free radicals; arachidonic acid release; and  metabolism). (From Dictionary of Prostaglandins and Related Compounds;  1990)","LEUKOTRIENE B4 LTB4 Leukotriene- B4  5;12-Dihete 5;12-Hete","336.47","C20H32O4","(5S;6Z;8E;10E;12R;14Z)-5;12-dihydroxyicosa-6;8;10;14-tetraenoic acid","CCCCCC=CCC(C=CC=CC=CC(CCCC(=O)O)O)O","NA","C02165","HMDB0001085","NA","NA","NA","Q15722; Q9Y271; Q9NPC1;  Q9NPC1;  Q15722;  Q9JJL9;  O88855;  Q9R0Q2;  Q3T181;  Q924U0","HMDB"
"20345","5283126","LTB4 dimethyl amide","NA","LTB4 dimethyl amide  N;N-dimethyl-5S;12R-dihydroxy-6Z;8E;10E;14Z-eicosatetraen-1-amide","363.53","C22H37NO3","(5S;6Z;8E;10E;12R;14Z)-5;12-dihydroxy-N;N-dimethylicosa-6;8;10;14-tetraenamide","CCCCCC=CCC(C=CC=CC=CC(CCCC(=O)N(C)C)O)O","NA","NA","HMDB0005085","NA","NA","NA","Q15722; Q9Y271; Q9NPC1","HMDB"
"20346","5283127","LTB4 ethanol amide","NA","LTB4 ethanol amide  N-(2-hydroxyethyl)-5S;12R-dihydroxy-6Z;8E;10E;14Z-eicosatetraen-1-amide","379.53","C22H37NO4","(5S;6Z;8E;10E;12R;14Z)-5;12-dihydroxy-N-(2-hydroxyethyl)icosa-6;8;10;14-tetraenamide","CCCCCC=CCC(C=CC=CC=CC(CCCC(=O)NCCO)O)O","NA","NA","HMDB0002304","NA","NA","NA","Q15722; Q9Y271; Q9NPC1","HMDB"
"20347","16061113","LTB4-d4","NA","LTB4-d4  5S;12R-dihydroxy-6Z;8E;10E;14Z-eicosatetraenoic acid-d4","340.49","C20H32O4","(5S;6Z;8E;10E;12R;14Z)-6;7;14;15-tetradeuterio-5;12-dihydroxyicosa-6;8;10;14-tetraenoic acid","CCCCCC=CCC(C=CC=CC=CC(CCCC(=O)O)O)O","NA","NA","NA","NA","NA","NA","Q15722; Q9Y271; Q9NPC1","HMDB"
"20348","5283125","LTB5","NA","LTB5  5S;12S-dihydroxy-6Z;8E;14Z;17Z-eicosapentanenoic acid","334.45","C20H30O4","(5S;6Z;8E;10E;12R;14Z;17Z)-5;12-dihydroxyicosa-6;8;10;14;17-pentaenoicacid","CCC=CCC=CCC(C=CC=CC=CC(CCCC(=O)O)O)O","NA","NA","HMDB0005073","NA","NA","NA","Q9NPC1","HMDB"
"20349","5280493","Leukotriene C4","The conjugation product of LEUKOTRIENE A4 and glutathione. It is the  major arachidonic acid metabolite in macrophages and human mast cells  as well as in antigen-sensitized lung tissue. ","leukotriene C4 Leukotriene C4  LTC4 LTC (sub 4)  5S;6R-Ltc(sub 4)","625.77","C30H47N3O9S","(5S;6R;7E;9E;11Z;14Z)-6-[(2R)-2-[[(4S)-4-amino-5-hydroxy-5-oxopentanoyl]amino]-3-(carboxymethylamino)-3-oxopropyl]sulfanyl-5-hydroxyicosa-7;9;11;14-tetraenoic acid","CCCCCC=CCC=CC=CC=CC(C(CCCC(=O)O)O)SCC(C(=O)NCC(=O)O)NC(=O)CCC(C(=O)O)N","NA","C02166","HMDB0001198","NA","NA","NA","Q9NS75; Q9Y271","HMDB"
"20350","5280878","Leukotriene D4","One of the biologically active principles of SRS-A. It is generated  from LEUKOTRIENE C4 after partial hydrolysis of the peptide chain;  i.e.; cleavage of the gamma-glutamyl portion. Its biological actions  include stimulation of vascular and nonvascular smooth muscle; and  increases in vascular per","leukotriene D4 Leukotriene D4  LTD4 5S-hydroxy-6R-(S-cysteinylglycinyl)-7E;9E;11E;14Z-eicosatetraenoi  (R-(R*;S*-(E;E;Z;Z)))-N-(S-(1-(4-Carboxy-1-hydroxybutyl)-2;4;6;9-  pentadecatetraenyl)-L-cysteiny","496.66","C25H40N2O6S","(5S;6R;7E;9E;11Z;14Z)-6-[(2R)-2-amino-3-(carboxymethylamino)-3-oxopropyl]sulfanyl-5-hydroxyicosa-7;9;11;14-tetraenoicacid","CCCCCC=CCC=CC=CC=CC(C(CCCC(=O)O)O)SCC(C(=O)NCC(=O)O)N","NA","C05951","NA","NA","NA","NA","Q9NS75; Q9Y271","HMDB"
"20351","5280879","Leukotriene E4","A biologically active principle of SRS-A that is formed from  LEUKOTRIENE D4 via a peptidase reaction that removes the glycine  residue. The biological actions of LTE4 are similar to LTC4 and LTD4.  (From Dictionary of Prostaglandins and Related Compounds; 1990)","leukotriene E4 Leukotriene E4  LTE4 5S-hydroxy;6R-(S-cysteinyl);7E;9E;11Z;14Z-eicosatetraenoic acid  (7E;9E;11Z;14Z)-(5S;6R)-6-(Cystein-S-yl)-5-hydroxyeicosa-7;9;11;1  4-tetraenoate","439.61","C23H37NO5S","(5S;6R;7E;9E;11Z;14Z)-6-[(2R)-2-amino-3-hydroxy-3-oxopropyl]sulfanyl-5-hydroxyicosa-7;9;11;14-tetraenoic acid","CCCCCC=CCC=CC=CC=CC(C(CCCC(=O)O)O)SCC(C(=O)O)N","NA","C05952","NA","NA","NA","NA","Q9NS75; Q9Y271","HMDB"
"20352","5280914","Lipoxin A4","structure given in first source; a role in ASPIRIN antiinflammatory  activity","lipoxin A4 5S;6R-LipoxinA4  LXA4","352.47","C20H32O5","(5S;6R;7E;9E;11Z;13E;15S)-5;6;15-trihydroxyicosa-7;9;11;13-tetraenoicacid","CCCCCC(C=CC=CC=CC=CC(C(CCCC(=O)O)O)O)O","NA","C06314","HMDB0004385","NA","NA","NA","Q9Y271; P25090","HMDB"
"20353","5280915","LipoxinB4","structure in first source","LipoxinB4  Lipoxin B  LXB4 5;14;15-Thet 5S;14R;15S-trihydroxy-6E;8Z;10E;12E-Eicosatetraenoic acid","352.47","C20H32O5","(5S;6E;8Z;10E;12E;14R;15S)-5;14;15-trihydroxyicosa-6;8;10;12-tetraenoicacid","CCCCCC(C(C=CC=CC=CC=CC(CCCC(=O)O)O)O)O","NA","C06315","HMDB0005082","NA","NA","NA","Q9Y271","HMDB"
"20354","5283157","20-Hete","stimulator of renal sodium; potassium atpase; RN given is for the  (all-Z) isomer","20-Hete 20-Hydroxyeicosatetraenoic acid 20-Hydroxy arachidonic acid  20-Hydroxyarachidonic acid  20-Hydroxyicosatetraenoic acid","320.47","C20H32O3","(5Z;8Z;11Z;14Z)-20-hydroxyicosa-5;8;11;14-tetraenoic acid","C(CCC=CCC=CCC=CCC=CCCCC(=O)O)CCO","NA","C14748","HMDB0005998","NA","NA","NA","NA","HMDB"
"20355","5282411","Prostacyclin","A prostaglandin that is a powerful vasodilator and inhibits platelet  aggregation. It is biosynthesized enzymatically from PROSTAGLANDIN  ENDOPEROXIDES in human vascular tissue. The sodium salt has been also  used to treat primary pulmonary hypertension (HYPERTENSION;  PULMONARY).","epoprostenol prostacyclin Vasocyclin  Flolan Prostaglandin X  Prostacyclin I2  prostaglandin I2 PGI2","352.47","C20H32O5","(5Z)-5-[(3aR;4R;5R;6aS)-5-hydroxy-4-[(E;3S)-3-hydroxyoct-1-enyl]-3;3a;4;5;6;6a-hexahydrocyclopenta[d]furan-2-ylidene]pentanoic acid","CCCCCC(C=CC1C(CC2C1CC(=CCCCC(=O)O)O2)O)O","NA","C01312; D00106","HMDB0001335","NA","NA","DB01240","P43119","HMDB"
"20356","5311211","15-Deoxy-PGJ2","15-deoxy-PGJ2 is also available; check for double bonds (indicated by  delta) at 12 and 14 positions","15-Deoxy-PGJ2  PGJ2  delta12;14-PGJ 2  15d-PGJ2  15-deoxy-delta-12;14-PGJ2  15-Deoxy-delta12;14-PGJ2  AIDS039990  15-Deoxy .delta.12;14PGJ2","316.43","C20H28O3","(Z)-7-[(1S;5E)-5-[(E)-oct-2-enylidene]-4-oxo-1-cyclopent-2-enyl]hept-5-enoic acid","CCCCCC=CC=C1C(C=CC1=O)CC=CCCCC(=O)O","NA","C14717","HMDB0005079","NA","NA","NA","P37231","HMDB"
"20357","448457","Prostaglandin D2","The principal cyclooxygenase metabolite of arachidonic acid. It is  released upon activation of mast cells and is also synthesized by  alveolar macrophages. Among its many biological actions; the most  important are its bronchoconstrictor;  platelet-activating-factor-inhibitory; and cytotoxic effect","prostaglandin D2 Prostaglandin D2  PGD2 Prostaglandin D2  11-Dehydroprostaglandin F2-alpha","352.47","C20H32O5","(Z)-7-[(1R;2R;5S)-5-hydroxy-2-[(E;3S)-3-hydroxyoct-1-enyl]-3-oxocyclopentyl]hept-5-enoic acid","CCCCCC(C=CC1C(C(CC1=O)O)CC=CCCCC(=O)O)O","1RY0","C00696","HMDB0001403","NA","NA","DB02056","Q13258;  Q13258, Q9Y5Y4;  P70263;  Q9R261;  Q9Z2J6","HMDB"
"20358","5280723","Prostaglandin E1","prostaglandin oligomeric derivative; RN given refers to cpd with  unknown MF; inhibits several lipolytic and proteolytic enzymes","alprostadil  Prostaglandin E1  Befar  Prostandin  Prostavasin  Caverject  Topiglan  Femprox  Sugiran  Viridal","354.48","C20H34O5","7-[(1R;2R;3R)-3-hydroxy-2-[(E;3S)-3-hydroxyoct-1-enyl]-5-oxocyclopentyl]heptanoic acid","CCCCCC(C=CC1C(CC(=O)C1CCCCCCC(=O)O)O)O","NA","C04741; D00180","NA","NA","NA","DB00770","P34995; P43116; P43115; P35408; P43119","HMDB"
"20359","5280360","Prostaglandin E2","The most common and most biologically active of the mammalian  prostaglandins. It exhibits most biological activities characteristic  of prostaglandins and has been used extensively as an oxytocic agent.  The compound also displays a protective effect on the intestinal  mucosa.","Dinoprostone Dinoprostone  Prostaglandin E2 Dinoprostone  Dinoproston  Prepidil  Prostin  PGE2 Dinoprostone  Prostin E2  Cervidil  Glandin  l-Prostaglandin E2","352.47","C20H32O5","(Z)-7-[(1R;2R;3R)-3-hydroxy-2-[(E;3S)-3-hydroxyoct-1-enyl]-5-oxocyclopentyl]hept-5-enoic acid","CCCCCC(C=CC1C(CC(=O)C1CC=CCCCC(=O)O)O)O","NA","C00584; D00079","HMDB0001220","67","58.1mg/ml","DB00917","P34995; P43116; P43115; P35408;  Q9Z2J6;  P35375;  P70597;  Q9BGL8;  P43116;  Q62053;  Q62928","HMDB"
"20360","5280363","prostaglandin F2alpha","A naturally occurring prostaglandin that has oxytocic; luteolytic; and  abortifacient activities. Due to its vasocontractile properties; the  compound has a variety of other biological actions.","Dinoprost amoglandin cyclosin panacelan Protamodin Enzaprost Enzaprost F Cerviprost PGF2alpha prostaglandin F2alpha","354.48","C20H34O5","(Z)-7-[(1R;2R;3R;5S)-3;5-dihydroxy-2-[(E;3S)-3-hydroxyoct-1-enyl]cyclopentyl]hept-5-enoic acid","CCCCCC(C=CC1C(CC(C1CC=CCCCC(=O)O)O)O)O","NA","C00639; D00081","HMDB0001139","30","2.58mg/ml","NA","P43088;  Q62786;  Q9P2B2;  Q9WV91;  P37289","HMDB"
"20361","5280497","Thromboxane A2","An unstable intermediate between the prostaglandin endoperoxides and  thromboxane B2. The compound has a bicyclic oxaneoxetane structure. It  is a potent inducer of platelet aggregation and causes  vasoconstriction. It is the principal component of rabbit aorta  contracting substance (RCS).","Thromboxane A2 TXA2 TXA-2 9S;11S-epoxy;15S-hydroxy-thromboxa-5Z;13E-dien-1-oic acid","352.47","C20H32O5","(Z)-7-[(1S;2S;3R;5S)-3-[(E;3S)-3-hydroxyoct-1-enyl]-4;7-dioxabicyclo[3.1.1]heptan-2-yl]hept-5-enoic acid","CCCCCC(C=CC1C(C2CC(O2)O1)CC=CCCCC(=O)O)O","NA","C02198","HMDB0001452","NA","NA","NA","P21731","HMDB"
"20362","5997","Cholesterol","The principal sterol of all higher animals; distributed in body  tissues; especially the brain and spinal cord; and in animal fats and  oils.","cholesterol Cholesterin Cordulan Dusoline Dusoran Cholesterine Hydrocerin Provitamin D","386.65","C27H46O","(3S;8S;9S;10R;13R;14S;17R)-10;13-dimethyl-17-[(2R)-6-methylheptan-2-yl]-2;3;4;7;8;9;11;12;14;15;16;17-dodecahydro-1H-cyclopenta[a]phenanthren-3-ol","CC(C)CCCC(C)C1CCC2C1(CCC3C2CC=C4C3(CCC(C4)O)C)C","1LRI;1N83;1ZHY;2RH1;3D4S","C00187","HMDB0000067","148.5","0.095mg/ml","DB04540","P35398; P51448","HMDB"
"20363","5280453","Calcitriol","NA","calcitriol Rocaltrol Calcijex Topitriol Soltriol Asentar Silkis vit D Dihydroxyvitamin D3","416.64","C27H44O3","(1R;3S;5Z)-5-[(2E)-2-[(1R;3aS;7aR)-1-[(2R)-6-hydroxy-6-methylheptan-2-yl]-7a-methyl-2;3;3a;5;6;7-hexahydro-1H-inden-4-ylidene]ethylidene]-4-methylidenecyclohexane-1;3-diol","CC(CCCC(C)(C)O)C1CCC2C1(CCCC2=CC=C3CC(CC(C3=C)O)O)C","NA","C01673","HMDB0001903","NA","NA","DB00136","Q9PTN2; Q1L673; Q28037; O42392; P49701; P11473; P48281; A3RGC1; P13053; Q95MH5; O13124","HMDB"
"20364","440624","2-Methoxyestrone","2-Methoxyestrone (or 2-ME1) belongs to the class of organic compounds known as estrogens and derivatives. These are steroids with a structure containing a 3-hydroxylated estrane. Thus; 2-methoxyestrone is considered to be a steroid or steroid derivative. ","2-(8S;9S;13S;14S)-3-Hydroxy-2-methoxy-13-methyl-7;8;9;11;12;14;15;16-octahydro-6H-cyclopenta[a]phenanthren-17-one;2-Hydroxyestrone 2-methyl ether;2-Methoxy-17-oxoestra-1;3;5(10)-trien-3-ol;2-Methoxy-3","300.3921","C19H24O3","(1S;10R;11S;15S)-5-hydroxy-4-methoxy-15-methyltetracyclo[8.7.0.0^{2;7}.0^{11;15}]heptadeca-2(7);3;5-trien-14-one","[H][C@@]12CCC(=O)[C@@]1(C)CC[C@]1([H])C3=C(CC[C@@]21[H])C=C(O)C(OC)=C3","NA","C05299","HMDB0000010","188","NA","NA","NA","HMDB"
"20365","440707","Cortexolone","Cortexolone; also known as cortodoxone or 11-deoxycortisol; belongs to the class of organic compounds known as 21-hydroxysteroids. These are steroids carrying a hydroxyl group at the 21-position of the steroid backbone. ","11-Desoxy-17-hydroxycorticosterone;Cortodoxone;Reichstein substance S;Substance S; reichstein's;11 Deoxycortisol;11 Desoxycortisol;11 Desoxycortisone;S; Reichstein's substance;11-Desoxycortisol;11-Des","346.4605","C21H30O4","(1S;2R;10R;11S;14R;15S)-14-hydroxy-14-(2-hydroxyacetyl)-2;15-dimethyltetracyclo[8.7.0.0^{2;7}.0^{11;15}]heptadec-6-en-5-one","[H][C@@]12CC[C@](O)(C(=O)CO)[C@@]1(C)CC[C@@]1([H])[C@@]2([H])CCC2=CC(=O)CC[C@]12C","NA","C05488","HMDB0000015","215","NA","NA","NA","HMDB"
"20366","6166","Deoxycorticosterone","11-Deoxycorticosterone (also called desoxycortone; 21-hydroxyprogesterone; DOC; or simply deoxycorticosterone) is a steroid hormone produced by the adrenal gland that possesses mineralocorticoid activity and acts as a precursor to aldosterone. ","21-Hydroxy-4-pregnene-3;20-dione;21-Hydroxyprogesterone;4-Pregnen-21-ol-3;20-dione;Cortexone;DESOXYCORTICOSTERONE;Desoxycortone;DOC;Kendall's desoxy compound b;Reichstein's substance Q;11-Dehydroxycor","330.4611","C21H30O3","(1S;2R;10S;11S;14S;15S)-14-(2-hydroxyacetyl)-2;15-dimethyltetracyclo[8.7.0.0^{2;7}.0^{11;15}]heptadec-6-en-5-one","[H][C@@]12CC[C@H](C(=O)CO)[C@@]1(C)CC[C@@]1([H])[C@@]2([H])CCC2=CC(=O)CC[C@]12C","NA","C03205","HMDB0000016","141.5","0.06 mg/mL at 37 °C","NA","NA","HMDB"
"20367","439744","Iodotyrosine","Iodotyrosine is an iodated derivative of L-tyrosine. This is an early precursor to L-thyroxine; one of the primary thyroid hormones. In the thyroid gland; iodide is trapped; transported; and concentrated in the follicular lumen for thyroid hormone synthesis.","(2S)-2-Amino-3-(4-hydroxy-3-iodophenyl)propanoic acid;3-IODO-tyrosine;MIT;(2S)-2-Amino-3-(4-hydroxy-3-iodophenyl)propanoate;3-Iodo-4-hydroxyphenylalanine;3-Iodo-L-tyrosine;3-Iodotyrosine;3-Monoiodo-L-","307.0851","C9H10INO3","(2S)-2-amino-3-(4-hydroxy-3-iodophenyl)propanoic acid","N[C@@H](CC1=CC=C(O)C(I)=C1)C(O)=O","NA","C02515","HMDB0000021","205","3 mg/mL","NA","NA","HMDB"
"20368","439423","7-Dehydrocholesterol","7-Dehydrocholesterol (7-DHC); also known as provitamin D3 or 5;7-cholestadien-3-b-ol; belongs to the class of organic compounds known as cholesterols and derivatives. Cholesterols and derivatives are compounds containing a 3-hydroxylated cholestane core.","(3beta)-Cholesta-5;7-dien-3-ol;5;7-Cholestadien-3-beta-ol;5;7-Cholestadien-3beta-ol;Provitamin D3;Cholesta-5;7-dien-3beta-ol;(3b)-Cholesta-5;7-dien-3-ol;(3Β)-cholesta-5;7-dien-3-ol;5;7-Cholestadien-3-","384.6377","C27H44O","(1S;2R;5S;11R;14R;15R)-2;15-dimethyl-14-[(2R)-6-methylheptan-2-yl]tetracyclo[8.7.0.0^{2;7}.0^{11;15}]heptadeca-7;9-dien-5-ol","[H][C@@]1(CC[C@@]2([H])C3=CC=C4C[C@@H](O)CC[C@]4(C)[C@@]3([H])CC[C@]12C)[C@H](C)CCCC(C)C","NA","C01164","HMDB0000032","150.5","1 mg/mL","NA","NA","HMDB"
"20369","6675","Taurocholic acid","Taurocholic acid is a bile acid and is the product of the conjugation of cholic acid with taurine. Its sodium salt is the chief ingredient of the bile of carnivorous animals. Bile acids are steroid acids found predominantly in the bile of mammals. ","3alpha;7alpha;12alpha-Trihydroxy-5beta-cholanic acid 24-taurine;Cholic acid taurine conjugate;Choloyl-taurine;Cholyltaurine;N-Choloyltaurine;Taurocholate;3a;7a;12a-Trihydroxy-5b-cholanate 24-taurine;3","515.703","C26H45NO7S","2-[(4R)-4-[(1S;2S;5R;7S;9R;10R;11S;14R;15R;16S)-5;9;16-trihydroxy-2;15-dimethyltetracyclo[8.7.0.0^{2;7}.0^{11;15}]heptadecan-14-yl]pentanamido]ethane-1-sulfonic acid","[H][C@@]1(CC[C@@]2([H])[C@]3([H])[C@H](O)C[C@]4([H])C[C@H](O)CC[C@]4(C)[C@@]3([H])C[C@H](O)[C@]12C)[C@H](C)CCC(=O)NCCS(O)(=O)=O","NA","C05122","HMDB0000036","125","NA","NA","NA","HMDB"
"20370","NA","Ascorbic acid","Ascorbic acid is found naturally in citrus fruits and many vegetables and is an essential nutrient in human diets. It is necessary to maintain connective tissue and bone. The biologically active form of ascorbic acid is vitamin C. ","Acide ascorbique;Acido ascorbico;Acidum ascorbicum;Acidum ascorbinicum;Ascoltin;Ascorbicap;Ascorbinsaeure;e 300;e-300;e300;L-(+)-Ascorbic acid;L-Ascorbate;Vitamin C;Monodehydroascorbate radical;Ascorb","176.1241","C6H8O6","(5R)-5-[(1S)-1;2-dihydroxyethyl]-3;4-dihydroxy-2;5-dihydrofuran-2-one","[H][C@@]1(OC(=O)C(O)=C1O)[C@@H](O)CO","NA","C01041","HMDB0000044","191","400 mg/mL at 40 °C","NA","NA","HMDB"
"20371","6076","Cyclic AMP","Cyclic AMP (cAMP) or cyclic adenosine monophosphate is an adenine nucleotide containing one phosphate group which is esterified to both the 3'- and 5'-positions of the sugar moiety. cAMP is found in all organisms ranging from bacteria to plants to animals. ","Adenosine 3';5'-cyclic monophosphate;Adenosine 3';5'-cyclic phosphate;Adenosine 3';5'-phosphate;ADENOSINE-3';5'-cyclic-monophosphATE;CAMP;Cyclic adenylic acid;Adenosine 3';5'-cyclic monophosphoric aci","329.2059","C10H12N5O6P","(4aR;6R;7R;7aS)-6-(6-amino-9H-purin-9-yl)-2;7-dihydroxy-hexahydro-2lambda5-furo[3;2-d][1;3;2]dioxaphosphinin-2-one","[H][C@@]12COP(O)(=O)O[C@@]1([H])[C@@H](O)[C@@H](O2)N1C=NC2=C1N=CN=C2N","NA","C00575","HMDB0000058","219.5","4 mg/mL","NA","P34907;  Q9TX43;  P35352","HMDB"
"20372","5754","Cortisol","Cortisol is the main glucocorticoid secreted by the adrenal cortex and it is involved in the stress response. Its synthetic counterpart hydrocortisone is used; either as an injection or topically; in the treatment of inflammation; allergy; collagen diseases; asthma; adrenocortical deficiency; shock;","(11beta)-11;17;21-Trihydroxypregn-4-ene-3;20-dione;11beta;17alpha;21-Trihydroxy-4-pregnene-3;20-dione;11beta-Hydrocortisone;17-Hydroxycorticosterone;4-Pregnen-11beta;17alpha;21-triol-3;20-dione;Hidroc","362.4599","C21H30O5","(1S;2R;10S;11S;14R;15S;17S)-14;17-dihydroxy-14-(2-hydroxyacetyl)-2;15-dimethyltetracyclo[8.7.0.0^{2;7}.0^{11;15}]heptadec-6-en-5-one","[H][C@@]12CC[C@](O)(C(=O)CO)[C@@]1(C)C[C@H](O)[C@@]1([H])[C@@]2([H])CCC2=CC(=O)CC[C@]12C","NA","C00735","HMDB0000063","220","0.32 mg/mL","NA","NA","HMDB"
"20373","444791","D-Glucuronic acid","Glucuronic acid (CAS: 6556-12-3) is a carboxylic acid that has the structure of a glucose molecule that has had its sixth carbon atom (of six total) oxidized. The salts of glucuronic acid are known as glucuronates. Glucuronic acid is highly soluble in water.","GlcAa;GlcAalpha;D-Glucuronate;alpha-D-Glucopyranuronic acid;alpha-D-Glucuronic acid;D-(+)-Glucuronate;D-(+)-Glucuronic acid;GCU;Glucosiduronate;Glucosiduronic acid;Glucuronate;Glucuronic acid;D-Glucop","194.1394","C6H10O7","(2S;3S;4S;5R;6S)-3;4;5;6-tetrahydroxyoxane-2-carboxylic acid","O[C@H]1O[C@@H]([C@@H](O)[C@H](O)[C@H]1O)C(O)=O","NA","C00191","HMDB0000127","143.5","485 mg/mL","NA","NA","HMDB"
"20374","764","Guanine","Guanine is one of the five main nucleobases found in the nucleic acids DNA and RNA. Guanine is a derivative of purine; consisting of a fused pyrimidine-imidazole ring system with conjugated double bonds. Being unsaturated; the bicyclic molecule is planar. ","2-Amino-6-hydroxypurine;2-Amino-6-oxopurine;G;Gua;2-Amino-1;7-dihydro-6H-purin-6-one;2-Amino-1;9-dihydro-6H-purin-6-one;2-Amino-1;9-dihydro-purin-6-one;2-Amino-3;7-dihydro-6H-purin-6-one;2-Amino-6-hyd","151.1261","C5H5N5O","2-amino-6;7-dihydro-3H-purin-6-one","NC1=NC(=O)C2=C(N1)N=CN2","NA","C00242","HMDB0000132","360","2.08 mg/mL at 37 °C","NA","NA","HMDB"
"20375","6057","L-Tyrosine","Tyrosine (Tyr) or L-tyrosine is an alpha-amino acid. These are amino acids in which the amino group is attached to the carbon atom immediately adjacent to the carboxylate group (alpha carbon). ","(-)-alpha-Amino-p-hydroxyhydrocinnamic acid;(2S)-2-Amino-3-(4-hydroxyphenyl)propanoic acid;(S)-(-)-Tyrosine;(S)-2-Amino-3-(p-hydroxyphenyl)propionic acid;(S)-3-(p-Hydroxyphenyl)alanine;(S)-alpha-Amino","181.1885","C9H11NO3","(2S)-2-amino-3-(4-hydroxyphenyl)propanoic acid","N[C@@H](CC1=CC=C(O)C=C1)C(O)=O","NA","C00082","HMDB0000158","343","0.48 mg/mL","NA","NA","HMDB"
"20376","51","Oxoglutaric acid","Oxoglutaric acid; also known as alpha-ketoglutarate; alpha-ketoglutaric acid; AKG; or 2-oxoglutaric acid; is classified as a gamma-keto acid or a gamma-keto acid derivative. gamma-","2-Ketoglutaric acid;alpha-Ketoglutaric acid;2-Ketoglutarate;a-Ketoglutarate;a-Ketoglutaric acid;alpha-Ketoglutarate;Α-ketoglutarate;Α-ketoglutaric acid;Oxoglutarate;2-oxo-1;5-Pentanedioate;2-oxo-1;5-P","146.0981","C5H6O5","2-oxopentanedioic acid","OC(=O)CCC(=O)C(O)=O","NA","C00026","HMDB0000208","115.5","541.5 mg/mL","NA","NA","HMDB"
"20377","439174","N-Acetyl-D-glucosamine","N-Acetyl-D-glucosamine; also known as glcnac or N-acetylchitosamine; belongs to the class of organic compounds known as acylaminosugars. ","2-Acetamido-2-deoxy-D-glucose;GlcNAc;N-Acetylchitosamine;2-(Acetylamino)-2-deoxyhexose;2-Acetamido-2-deoxy-D-glucopyranose;2-Acetamido-2-deoxyglucose;2-Acetamido-D-glucose;2-Acetylamino-2-deoxy-D-gluc","221.2078","C8H15NO6","N-[(3R;4R;5S;6R)-2;4;5-trihydroxy-6-(hydroxymethyl)oxan-3-yl]acetamide","CC(=O)N[C@H]1C(O)O[C@H](CO)[C@@H](O)[C@@H]1O","NA","C00140","HMDB0000215","210","167 mg/mL","NA","NA","HMDB"
"20378","NA","Thyroxine","Thyroxine (3;5;3‚Ä≤;5‚Ä≤-tetraiodothyronine) or T4 is one of two major hormones derived from the thyroid gland; the other being triiodothyronine (T3). The major form of thyroid hormone in the blood is thyroxine (T4); which has a longer half-life than T3.","3;3';5;5'-Tetraiodo-L-thyronine;3;5;3';5'-TETRAIODO-L-thyronine;4-(4-Hydroxy-3;5-diiodophenoxy)-3;5-diiodo-L-phenylalanine;L-T4;Levothyroxin;Levothyroxine;LT4;O-(4-Hydroxy-3;5-diiodophenyl)-3;5-diiodo","776.87","C15H11I4NO4","(2S)-2-amino-3-[4-(4-hydroxy-3;5-diiodophenoxy)-3;5-diiodophenyl]propanoic acid","N[C@@H](CC1=CC(I)=C(OC2=CC(I)=C(O)C(I)=C2)C(I)=C1)C(O)=O","NA","C01829","HMDB0000248","235.5","NA","NA","NA","HMDB"
"20379","1150","Tryptamine","Tryptamine; also known as TrpN; is a catabolite of tryptophan converted by the gut microbiota. After absorption through the intestinal epithelium; tryptophan catabolites enter the bloodstream and are later excreted in the urine. Both Clostridium sp. and Ruminococcus sp. have been found to convert tr","1H-Indole-3-ethanamine;2-(1H-indol-3-yl)ETHANAMINE;2-(3-Indolyl)ethylamine;3-(2-Aminoethyl)indole;(3-Indolyl)ethylamine;2-(1H-indol-3-yl)Ethylamine;2-indol-3-yl-Aethylamin;2-indol-3-yl-Ethylamine;3-(2","160.2157","C10H12N2","2-(1H-indol-3-yl)ethan-1-amine","NCCC1=CNC2=C1C=CC=C2","NA","C00398","HMDB0000303","116","NA","NA","NA","HMDB"
"20380","44263333","3alpha;16beta-Dihydroxyandrostenone","3alpha;16beta-Dihydroxyandrostenone belongs to the class of organic compounds known as androgens and derivatives. These are 3-hydroxylated C19 steroid hormones. They are known to favour the development of masculine characteristics. ","3a;16b-Dihydroxyandrostenone;3Α;16β-dihydroxyandrostenone;(3alpha;16beta)-3;16-Dihydroxyandrost-5-en-17-one;(3Α;16β)-3;16-dihydroxyandrost-5-en-17-one;3alpha;16beta-Dihydroxyandrost-5-en-17-one;3Α;16β","304.43","C19H28O3","(1S;2R;5R;10R;11S;13S;15S)-5;13-dihydroxy-2;15-dimethyltetracyclo[8.7.0.0^{2;7}.0^{11;15}]heptadec-7-en-14-one","[H][C@@]12C[C@H](O)C(=O)[C@@]1(C)CC[C@@]1([H])[C@@]2([H])CC=C2C[C@H](O)CC[C@]12C","NA","NA","HMDB0000309","NA","NA","NA","NA","HMDB"
"20381","22833517","16b-Hydroxyestrone","16b-Hydroxyestrone belongs to the class of organic compounds known as estrogens and derivatives. These are steroids with a structure containing a 3-hydroxylated estrane. Thus; 16b-hydroxyestrone is considered to be a steroid lipid molecule. 16b-Hydroxyestrone is a very hydrophobic molecule; practica","(16beta)-3;16-Dihydroxyestra-1;3;5(10)-trien-17-one;16-Hydroxyestrone;3;16-Dihydroxyestra-1;3;5(10)-trien-17-one;3;16beta-Dihydroxy-estra-1;3;5(10)-trien-17-one;(16b)-3;16-Dihydroxyestra-1;3;5(10)-tri","286.3655","C18H22O3","(1S;10R;11S;13S;15S)-5;13-dihydroxy-15-methyltetracyclo[8.7.0.0²;⁷.0¹¹;¹⁵]heptadeca-2(7);3;5-trien-14-one","[H][C@@]12C[C@H](O)C(=O)[C@@]1(C)CC[C@]1([H])C3=C(CC[C@@]21[H])C=C(O)C=C3","NA","C05300","HMDB0000313","NA","NA","NA","NA","HMDB"
"20382","6452574","16-a-Hydroxypregnenolone","16-alpha-hydroxypregnenolone; also known as 16A OH-Preg or (3beta;16alpha)-3;16-dihydroxypregn-5-en-20-one; is classified as a gluco/mineralocorticoid; a progestogin or aprogestogin derivative. ","(3beta;16alpha)-3;16-Dihydroxypregn-5-en-20-one;16-alpha-Hydroxypregnenolone;(3b;16a)-3;16-Dihydroxypregn-5-en-20-one;(3Β;16α)-3;16-dihydroxypregn-5-en-20-one;16-Α-hydroxypregnenolone;16 alpha-Hydroxy","332.477","C21H32O3","1-[(1S;2R;5S;10S;11S;13R;14R;15S)-5;13-dihydroxy-2;15-dimethyltetracyclo[8.7.0.0^{2;7}.0^{11;15}]heptadec-7-en-14-yl]ethan-1-one","[H][C@@]12C[C@@H](O)[C@H](C(C)=O)[C@@]1(C)CC[C@@]1([H])[C@@]2([H])CC=C2C[C@@H](O)CC[C@]12C","NA","C06390","HMDB0000315","NA","NA","NA","NA","HMDB"
"20383","20848927","3alpha;16alpha-Dihydroxyandrostenone","3alpha;16alpha-Dihydroxyandrostenone belongs to the class of organic compounds known as androgens and derivatives. These are 3-hydroxylated C19 steroid hormones. They are known to favour the development of masculine characteristics. ","3a;16a-Dihydroxyandrostenone;3Α;16α-dihydroxyandrostenone;(3alpha;16alpha)-3;16-Dihydroxyandrost-5-en-17-one;(3Α;16α)-3;16-dihydroxyandrost-5-en-17-one;3alpha;16alpha-Dihydroxyandrost-5-en-17-one;3Α;1","304.43","C19H28O3","(1S;2R;5R;10R;11S;13R;15S)-5;13-dihydroxy-2;15-dimethyltetracyclo[8.7.0.0^{2;7}.0^{11;15}]heptadec-7-en-14-one","[H][C@@]12C[C@@H](O)C(=O)[C@@]1(C)CC[C@@]1([H])[C@@]2([H])CC=C2C[C@H](O)CC[C@]12C","NA","NA","HMDB0000324","NA","NA","NA","NA","HMDB"
"20384","44263344","18-Oxocortisol","18-Oxocortisol belongs to the class of organic compounds known as 21-hydroxysteroids. These are steroids carrying a hydroxyl group at the 21-position of the steroid backbone. Thus; 18-oxocortisol is considered to be a steroid. Based on a literature review a small amount of articles have been publish","11b;17;21-Trihydroxy-3;20-dioxo-pregn-4-en-18-al;11 beta;17 alpha;21-Trihydroxy-3;20-diketo-4-pregnene-18-al;11b;17;21-Trihydroxy-3;20-dioxo-pregn-4-en-18-al;11 beta;17 alpha;21-Trihydroxy-3;20-diketo","376.4434","C21H28O6","(1S;2R;10S;11S;14S;15R;17S)-14;17-dihydroxy-14-(2-hydroxyacetyl)-2-methyl-5-oxotetracyclo[8.7.0.0²;⁷.0¹¹;¹⁵]heptadec-6-ene-15-carbaldehyde","[H][C@@]12CC[C@@](O)(C(=O)CO)[C@]1(C[C@H](O)[C@@]1([H])[C@@]2([H])CCC2=CC(=O)CC[C@]12C)C=O","NA","NA","HMDB0000332","NA","NA","NA","NA","HMDB"
"20385","115116","16a-Hydroxyestrone","16a-Hydroxyestrone or 16alpha-hydroxyestrone (16alpha-OH-E1 or 16a OHE1); or hydroxyestrone; is an endogenous steroidal estrogen and a major metabolite of estrone and estradiol.  16a-hydroxyestrone belongs to the class of organic compounds known as estrogens and derivatives. ","16 alpha OHE;3;16alpha-Dihydroxy-1;3;5(10)-estratrien-17-one;3;16alpha-Dihydroxyestra-1;3;5(10)-trien-17-one;Estra-1;3;5(10)-triene-3;16alpha-diol-17-one;16 a OHE;16 Α ohe;3;16a-Dihydroxy-1;3;5(10)-es","286.3655","C18H22O3","(1S;10R;11S;13R;15S)-5;13-dihydroxy-15-methyltetracyclo[8.7.0.0^{2;7}.0^{11;15}]heptadeca-2(7);3;5-trien-14-one","[H][C@@]12C[C@@H](O)C(=O)[C@@]1(C)CC[C@]1([H])C3=C(CC[C@@]21[H])C=C(O)C=C3","NA","C05300","HMDB0000335","NA","NA","NA","NA","HMDB"
"20386","247304","2-Hydroxyestradiol","2-Hydroxyestradiol (2-OHE2); also known as estra-1;3;5(10)-triene-2;3;17beta-triol; is an endogenous steroid; catechol estrogen. 2-Hydroxyestradiol belongs to the class of organic compounds known as estrogens and derivatives. ","(17beta)-Estra-1;3;5(10)-triene-2;3;17-triol;2-Hydroxyestradiol-17beta;2-OH-e2;2-OH-Estradiol;(17b)-Estra-1;3;5(10)-triene-2;3;17-triol;(17Β)-estra-1;3;5(10)-triene-2;3;17-triol;2-Hydroxyestradiol-17b","288.3814","C18H24O3","(1S;10R;11S;14S;15S)-15-methyltetracyclo[8.7.0.0^{2;7}.0^{11;15}]heptadeca-2(7);3;5-triene-4;5;14-triol","[H][C@@]12CC[C@H](O)[C@@]1(C)CC[C@]1([H])C3=C(CC[C@@]21[H])C=C(O)C(O)=C3","NA","C05301","HMDB0000338","190.5","NA","NA","NA","HMDB"
"20387","NA","2-Hydroxyestrone","2-Hydroxyestrone (2-OHE1); also known as estra-1;3;5(10)-trien-2;3-diol-17-one; is an endogenous; naturally occurring catechol estrogen and a major metabolite of estrone and estradiol. 2-Hydroxyestrone belongs to the class of organic compounds known as estrogens and derivatives. ","2;3-Dihydroxyestra-1;3;5(10)-trien-17-one;2-OHE1;Catecholestrone;2-Hydroxyestrone; 4-(14)C-labeled;2;3-Dihydroxyestra-1;3;5(10)-trien-17-one;2-OHE1;Catecholestrone;2-Hydroxyestrone; 4-(14)C-labeled;2-","286.3655","C18H22O3","(1S;10R;11S;15S)-4;5-dihydroxy-15-methyltetracyclo[8.7.0.0^{2;7}.0^{11;15}]heptadeca-2(7);3;5-trien-14-one","[H][C@@]12CCC(=O)[C@@]1(C)CC[C@]1([H])C3=C(CC[C@@]21[H])C=C(O)C(O)=C3","NA","C05298","HMDB0000343","NA","NA","NA","NA","HMDB"
"20388","68929","16b-Hydroxyestradiol","16b-Hydroxyestradiol; which is better known as epiestriol (or 16beta-epiestriol or 16beta-hydroxy-17beta-estriol); belongs to the class of organic compounds known as estrogens and derivatives. These are steroids with a structure containing a 3-hydroxylated estrane. ","16-Epiestriol;16beta;17beta-Estriol;Actriol;Epiestriol;Epiestriolum;Epioestriolum;Estra-1;3;5(10)-triene-3;16beta;17-triol;Estra-1;3;5(10)-triene-3;16beta;17beta-triol;16b;17b-Estriol;16Β;17β-estriol;","288.3814","C18H24O3","(1S;10R;11S;13S;14R;15S)-15-methyltetracyclo[8.7.0.0^{2;7}.0^{11;15}]heptadeca-2(7);3;5-triene-5;13;14-triol","[H][C@@]12C[C@H](O)[C@H](O)[C@@]1(C)CC[C@]1([H])C3=C(CC[C@@]21[H])C=C(O)C=C3","NA","NA","HMDB0000347","NA","NA","NA","NA","HMDB"
"20389","102030","16a-Hydroxydehydroisoandrosterone","16a-Hydroxydehydroisoandrosterone; also known as 3b;16a-dihydroxy-androst-5-en-17-one or 5-androstene-3beta;16alpha-diol-17-one; belongs to the class of organic compounds known as androgens and derivatives. These are 3-hydroxylated C19 steroid hormones. ","16alpha-Hydroxydehydroisoandrosterone;3beta;16alpha-Dihydroxy-androst-5-en-17-one;5-Androstene-3beta;16alpha-diol-17-one;16Α-hydroxydehydroisoandrosterone;3b;16a-Dihydroxy-androst-5-en-17-one;3Β;16α-d","304.4238","C19H28O3","(1S;2R;5S;10R;11S;13R;15S)-5;13-dihydroxy-2;15-dimethyltetracyclo[8.7.0.0²;⁷.0¹¹;¹⁵]heptadec-7-en-14-one","[H][C@@]12C[C@@H](O)C(=O)[C@@]1(C)CC[C@@]1([H])[C@@]2([H])CC=C2C[C@@H](O)CC[C@]12C","NA","C05139","HMDB0000352","NA","NA","NA","NA","HMDB"
"20390","133455","3b;15b;17a-Trihydroxy-pregnenone","3b;15b;17a-Trihydroxy-pregnenone is a major 15 beta-hydroxylated metabolite unique to the human perinatal period.","3 beta;15 beta;17 alpha-Trihydroxy-5-pregnen-20-one;(3beta;15beta)3;15;17-Trihydroxy-pregn-5-en-20-one;3b;15b;17a-Trihydroxy-5-pregnen-20-one;3beta;15beta;17alpha-Trihydroxy-5-pregnen-20-one;3 beta;15","348.4764","C21H32O4","(1S;2S;10R;11S;12R;14R;15S)-14-ethyl-5;12;14-trihydroxy-2;15-dimethyltetracyclo[8.7.0.0²;⁷.0¹¹;¹⁵]heptadec-4-en-3-one","[H][C@@]12[C@H](O)C[C@](O)(CC)[C@@]1(C)CC[C@@]1([H])[C@@]2([H])CCC2CC(O)=CC(=O)[C@]12C","NA","NA","HMDB0000353","NA","NA","NA","NA","HMDB"
"20391","91451","17a-Hydroxypregnenolone","17a-Hydroxypregnenolone is a 21-carbon steroid that is converted from pregnenolone by cytochrome P450 17alpha hydroxylase/C17;20 lyase (CYP17; EC 1.14.99.9). 17a-Hydroxypregnenolone is an intermediate in the delta-5 pathway of biosynthesis of gonadal steroid hormones and the adrenal corticosteroids.","(3beta)-3;17-Dihydroxypregn-5-en-20-one;17-Hydroxypregnenolone;5-Pregnen-3beta;17alpha-diol-20-one;(3b)-3;17-Dihydroxypregn-5-en-20-one;(3Β)-3;17-dihydroxypregn-5-en-20-one;5-Pregnen-3b;17a-diol-20-on","332.477","C21H32O3","1-[(1S;2R;5S;10R;11S;14R;15S)-5;14-dihydroxy-2;15-dimethyltetracyclo[8.7.0.0^{2;7}.0^{11;15}]heptadec-7-en-14-yl]ethan-1-one","[H][C@@]12CC[C@](O)(C(C)=O)[C@@]1(C)CC[C@@]1([H])[C@@]2([H])CC=C2C[C@@H](O)CC[C@]12C","NA","C05138","HMDB0000363","268","NA","NA","NA","HMDB"
"20392","53477688","16-Oxoestrone","Estrone (also oestrone) is an estrogenic hormone secreted by the ovary. Its molecular formula is C18H22O2. estrone has a melting point of 254.5 degrees Celsius. estrone is one of the three estrogens; which also include estriol and estradiol. ","16-Ketoestrone;3-Hydroxy-1;3;5(10)-estratriene-16;17-dione;16-Ketoestrone;3-Hydroxy-1;3;5(10)-estratriene-16;17-dione;3-Hydroxy-1;3;5(10)-estratriene-16;17-dione","284.3496","C18H20O3","(15S)-5-hydroxy-15-methyltetracyclo[8.7.0.0²;⁷.0¹¹;¹⁵]heptadeca-2(7);3;5-triene-13;14-dione","C[C@]12CCC3C(CCC4=C3C=CC(O)=C4)C1CC(=O)C2=O","NA","C14441","HMDB0000372","231","NA","NA","NA","HMDB"
"20393","6238","17-Hydroxyprogesterone","17-Hydroxyprogesterone also known as 17-OH progesterone (17-OHP); or hydroxyprogesterone (OHP); is an endogenous progestogen steroid hormone related to progesterone. Formally it is a 17alpha-hydroxy steroid that is the 17alpha-hydroxy derivative of progesterone. ","17-Hydroxypregn-4-en-3;20-dione;17alpha-Hydroxy-4-pregnene-3;20-dione;17alpha-Hydroxy-progesterone;delta(4)-Pregnene-17alpha-ol-3;20-dione;Hidroxiprogesterona;Hydroxyprogesterone;Hydroxyprogesteronum;","330.4611","C21H30O3","(1S;2R;10R;11S;14R;15S)-14-acetyl-14-hydroxy-2;15-dimethyltetracyclo[8.7.0.0^{2;7}.0^{11;15}]heptadec-6-en-5-one","[H][C@@]12CC[C@](O)(C(C)=O)[C@@]1(C)CC[C@@]1([H])[C@@]2([H])CCC2=CC(=O)CC[C@]12C","NA","C01176","HMDB0000374","219","0.0065 mg/mL","NA","NA","HMDB"
"20394","515","2-Hydroxyestradiol-3-methyl ether","2-Hydroxyestradiol-3-methylether is a methoxylated derivative of 2-hydroxyestradiol. 2-hydroxy estrogen metabolites can be converted to anticarcinogenic methoxylated metabolites (2-methoxyestrone and 2-methoxyestradiol; 2-hydroxyestrone and 2-hydroxyestradiol 3-methyl ether) by catechol O-methyltran","2-Hydroxy-1;2;3-butanetricarboxylic acid;2-Hydroxy-1;2;3-butanetricarboxylate;2-Methylcitrate;(2S;3S)-2-Methylcitrate;2-Hydroxybutane-1;2;3-tricarboxylate;2-Hydroxybutane-1;2;3-tricarboxylic acid;2-Me","302.4079","C19H26O3","(1S;10R;11S;14S;15S)-5-methoxy-15-methyltetracyclo[8.7.0.0²;⁷.0¹¹;¹⁵]heptadeca-2(7);3;5-triene-4;14-diol","[H][C@@]12CC[C@H](O)[C@@]1(C)CC[C@]1([H])C3=C(CC[C@@]21[H])C=C(OC)C(O)=C3","NA","NA","HMDB0000380","NA","NA","NA","NA","HMDB"
"20395","53477690","3a;17a-Dihydroxy-5b-androstane","3a;17a-Dihydroxy-5b-androstane; also known as 5b-androstane-3a;17a-diol or 3;7-dharn-17-one; belongs to the class of organic compounds known as androgens and derivatives. These are 3-hydroxylated C19 steroid hormones.","3 alpha;5 beta;7 alpha-3;7-Dihydroxyandrostan-17-one;5b-Androstane-3a;17a-diol;3;7-DHARN-17-one;3;7-Dihydroxyandrostan-17-one; (3beta;5beta;7beta)-isomer;3;7-Dihydroxyandrostan-17-one; (3beta;5alpha;7","292.4562","C19H32O2","(2S;5R;14R;15S)-2;15-dimethyltetracyclo[8.7.0.0²;⁷.0¹¹;¹⁵]heptadecane-5;14-diol","C[C@]12CCC3C(CCC4C[C@H](O)CC[C@]34C)C1CC[C@H]2O","NA","C07632","HMDB0000383","NA","NA","NA","NA","HMDB"
"20396","66414","2-Methoxyestradiol","2-Methoxyestradiol (2ME2) is a drug that prevents the formation of new blood vessels that tumours need in order to grow (angiogenesis). ","1;3;5(10)-ESTRATRIEN-2;3;17-BETA-triol 2-methyl ether;2-Hydroxyestradol 2-methyl ether;2-Methoxyestradiol-17beta;Panzem;1;3;5(10)-ESTRATRIEN-2;3;17-b-triol 2-methyl ether;1;3;5(10)-ESTRATRIEN-2;3;17-β","302.4079","C19H26O3","(1S;10R;11S;14S;15S)-4-methoxy-15-methyltetracyclo[8.7.0.0^{2;7}.0^{11;15}]heptadeca-2(7);3;5-triene-5;14-diol","[H][C@@]12CC[C@H](O)[C@@]1(C)CC[C@]1([H])C3=C(CC[C@@]21[H])C=C(O)C(OC)=C3","NA","C05302","HMDB0000405","189","NA","NA","NA","HMDB"
"20397","66417","16-Ketoestradiol","16-Ketoestradiol is found in the estrogen patch. The estrogen patch is a delivery system for estradiol used as hormone replacement therapy to treat the symptoms of menopause; such as hot flashes and vaginal dryness; and to prevent osteoporosis. ","16-oxo-17beta-Estradiol;16-oxo-17b-Estradiol;16-oxo-17Β-estradiol;1;3;5(10)-Estratriene-3;17b-diol-16-one;16-Keto-17b-estradiol;16-Oxoestradiol;16-Oxoestradiol-17b;3;17b-Dihydroxyestra-1;3;5(10)-trien","286.3655","C18H22O3","(1S;10R;11S;14R;15S)-5;14-dihydroxy-15-methyltetracyclo[8.7.0.0²;⁷.0¹¹;¹⁵]heptadeca-2(7);3;5-trien-13-one","[H][C@@]12CC(=O)[C@H](O)[C@@]1(C)CC[C@]1([H])C3=C(CC[C@@]21[H])C=C(O)C=C3","NA","C14383","HMDB0000406","NA","NA","NA","NA","HMDB"
"20398","446934","3beta;17alpha-Dihydroxy-5alpha-androstane","3beta;17alpha-Dihydroxy-5alpha-androstane is a steroid found in the monosulfate fraction of normal human feces. Several steroids identified in the disulfate fraction of human bile are found in the monosulfate fraction of human feces; indicating partial hydrolysis of diconjugates in the intestine. ","5-ALPHA-ANDROSTANE-3-BETA;17-ALPHA-diol;5-a-ANDROSTANE-3-b;17-a-diol;5-Α-androstane-3-β;17-α-diol;3b;17a-Dihydroxy-5a-androstane;3Β;17α-dihydroxy-5α-androstane;5 Androstane 3;17 diol;5 alpha Androstan","292.4562","C19H32O2","(1S;2S;5S;7S;10R;11S;14R;15S)-2;15-dimethyltetracyclo[8.7.0.0^{2;7}.0^{11;15}]heptadecane-5;14-diol","[H][C@@]12CC[C@@H](O)[C@@]1(C)CC[C@@]1([H])[C@@]2([H])CC[C@@]2([H])C[C@@H](O)CC[C@]12C","NA","NA","HMDB0000412","NA","NA","NA","NA","HMDB"
"20399","152971","17-Hydroxypregnenolone sulfate","17-Hydroxypregnenolone sulfate is a precursor steroid. 17-Hydroxypregnenolone is a C21 steroid that is obtained by hydroxylation of pregnenolone at the C17 alpha position.17-Hydroxypregnenolone is considered a prohormone in the formation of dehydroepiandrosterone (DHEA); itself a prohormone of the s","17-Hydroxypregnenolone sulfuric acid;17-Hydroxypregnenolone sulphate;17-Hydroxypregnenolone sulphuric acid;17-Hydroxy-pregnenolone sulfate;17-Hydroxy-pregnenolone sulphate;17-Hydroxypregnenolone 3-sul","412.54","C21H32O6S","[(1S;2R;10R;11S;14R;15S)-14-acetyl-14-hydroxy-2;15-dimethyltetracyclo[8.7.0.0²;⁷.0¹¹;¹⁵]heptadec-7-en-5-yl]oxidanesulfonic acid","[H][C@@]12CC[C@](O)(C(C)=O)[C@@]1(C)CC[C@@]1([H])[C@@]2([H])CC=C2CC(CC[C@]12C)OS(O)(=O)=O","NA","NA","HMDB0000416","NA","NA","NA","NA","HMDB"
"20400","44263343","18-Hydroxycortisol","18-Hydroxycortisol is a derivative of cortIsolated It may be synthesized by zona fasciculata 11-beta hydroxylase in normal human adrenal cortex.","11;17;18;21-Tetrahydroxy-pregn-4-ene-3;20-dione;11;17;18;21-Tetrahydroxy-pregn-4-ene-3;20-dione;","378.4593","C21H30O6","(1S;2R;10S;11S;14S;15S;17S)-14;17-dihydroxy-14-(2-hydroxyacetyl)-15-(hydroxymethyl)-2-methyltetracyclo[8.7.0.0²;⁷.0¹¹;¹⁵]heptadec-6-en-5-one","[H][C@@]12CC[C@@](O)(C(=O)CO)[C@@]1(CO)C[C@H](O)[C@@]1([H])[C@@]2([H])CCC2=CC(=O)CC[C@]12C","NA","NA","HMDB0000418","NA","NA","NA","NA","HMDB"
"20401","68570","17alpha-Estradiol","17alpha-Estradiol (also known as 17alpha-E2; 17-epiestradiol) belongs to the class of organic compounds known as estrogens and derivatives. These are steroids with a structure containing a 3-hydroxylated estrane. ","Alfatradiol;alpha-Estradiol;Estra-1;3;5(10)trien-3;17alpha-diol;Estradiol-17alpha;a-Estradiol;Α-estradiol;Estra-1;3;5(10)trien-3;17a-diol;Estra-1;3;5(10)trien-3;17α-diol;Estradiol-17a;Estradiol-17α;17","272.382","C18H24O2","(1S;10R;11S;14R;15S)-15-methyltetracyclo[8.7.0.0^{2;7}.0^{11;15}]heptadeca-2(7);3;5-triene-5;14-diol","[H][C@@]12CC[C@@H](O)[C@@]1(C)CC[C@]1([H])C3=C(CC[C@@]21[H])C=C(O)C=C3","NA","C02537","HMDB0000429","216","0.0039 mg/mL","NA","NA","HMDB"
"20402","12895043","24;25-Dihydroxyvitamin D","24;25-Dihydroxyvitamin D (24R;25(OH)2D3) circulates in blood at concentrations about 1000 times higher than 1alpha;25(OH)2D3. 24-Hydroxylase is present in the proximal convoluted tubule cells of the kidney and in virtual all target cells of 1alpha;25(OH)2D3. ","(3b;5Z;7E)-9;10-Secocholesta-5;7;10(19)-triene-3;24;25-triol;24;25-Dihydroxycholecalciferol;24;25-Dihydroxyvitamin;24;25-Dihydroxyvitamin D3;24-Hydroxycalcidiol;Vitamin D;24;25 Dihydroxyvitamin D3;(24","416.6365","C27H44O3","(6R)-6-[(1R;3aS;4E;7aR)-4-{2-[(1Z;5R)-5-hydroxy-2-methylidenecyclohexylidene]ethylidene}-7a-methyl-octahydro-1H-inden-1-yl]-2-methylheptane-2;3-diol","C[C@H](CCC(O)C(C)(C)O)[C@H]1CC[C@@]2([H])C(CCC[C@]12C)=CC=C1C[C@H](O)CCC1=C","NA","NA","HMDB0000430","NA","NA","NA","NA","HMDB"
"20403","101790","5a-Tetrahydrocorticosterone","5a-Tetrahydrocorticosterone; also known as allothb; belongs to the class of organic compounds known as 21-hydroxysteroids. These are steroids carrying a hydroxyl group at the 21-position of the steroid backbone. ","3a;11b;21-Trihydroxy-5a-pregnan-20-one;3a;5a-Tetrahydrocorticosterone;5a-Pregnane-3a;11b;21-triol-20-one;Allotetrahydrocorticosterone;5Α-tetrahydrocorticosterone;Tetrahydrocorticosterone;Tetrahydrocor","350.4923","C21H34O4","1-[(1S;2S;5R;7S;10S;11S;14S;15S;17S)-5;17-dihydroxy-2;15-dimethyltetracyclo[8.7.0.0²;⁷.0¹¹;¹⁵]heptadecan-14-yl]-2-hydroxyethan-1-one","[H][C@@]12CC[C@H](C(=O)CO)[C@@]1(C)C[C@H](O)[C@@]1([H])[C@@]2([H])CC[C@@]2([H])C[C@H](O)CC[C@]12C","NA","NA","HMDB0000449","NA","NA","NA","NA","HMDB"
"20404","12702257","cis-4-Hydroxycyclohexylacetic acid","cis-4-Hydroxycyclohexylacetic acid is a tyrosine metabolite that has been found in the urine of a patient with a defect of 4-hydroxyphenylpyruvate dioxygenase (or HPPD) (EC 1.13.11.27); an inborn error of metabolism","cis-4-Hydroxycyclohexylacetate;4-Hydroxy-cyclohexylessigsaeure;4-Hydroxycyclohexylacetate;4-Hydroxycyclohexylacetic acid;2-(4-Hydroxycyclohexyl)acetate;cis-4-Hydroxycyclohexylacetate;4-Hydroxy-cyclohe","158.195","C8H14O3","2-(4-hydroxycyclohexyl)acetic acid","OC1CCC(CC(O)=O)CC1","NA","NA","HMDB0000451","NA","NA","NA","NA","HMDB"
"20405","9857254","5alpha-Androstane-3alpha;17alpha-diol","5alpha-Androstane-3alpha;17a-diol belongs to the class of organic compounds known as androgens and derivatives. These are 3-hydroxylated C19 steroid hormones. They are known to favour the development of masculine characteristics.","5a-Androstane-3a;17a-diol;5Α-androstane-3α;17α-diol;3a;17a-Dihydroxy-5a-androstane;(3alpha;5alpha;17alpha)-Androstane-3;17-diol;(3Α;5α;17α)-androstane-3;17-diol;3alpha;17alpha-Dihydroxy-5alpha-androst","292.4562","C19H32O2","(1S;2S;5R;7S;10R;11S;14R;15S)-2;15-dimethyltetracyclo[8.7.0.0^{2;7}.0^{11;15}]heptadecane-5;14-diol","[H][C@@]12CC[C@@H](O)[C@@]1(C)CC[C@@]1([H])[C@@]2([H])CC[C@@]2([H])C[C@H](O)CC[C@]12C","NA","NA","HMDB0000458","NA","NA","NA","NA","HMDB"
"20406","53477695","5b-Cholestane-3a;7a;12a;23S;25-pentol","5b-Cholestane-3a;7a;12a;23S;25-pentol belongs to the class of organic compounds known as pentahydroxy bile acids; alcohols and derivatives. These are bile acids; alcohols or derivatives bearing five hydroxyl groups. ","(23S)-5b-Cholestane-3a;7a;12a;23;25-pentol;(3alpha;5beta;7alpha;12alpha;23S)-Cholestane-3;7;12;23;25-pentol;(23S)-5b-Cholestane-3a;7a;12a;23;25-pentol;(3alpha;5beta;7alpha;12alpha;23S)-Cholestane-3;7;","452.667","C27H48O5","(1S;2S;5R;7S;9R;10R;15R;16S)-14-[(2S;4S)-4;6-dihydroxy-6-methylheptan-2-yl]-2;15-dimethyltetracyclo[8.7.0.0²;⁷.0¹¹;¹⁵]heptadecane-5;9;16-triol","[H]C1CC([C@@H](C)C[C@H](O)CC(C)(C)O)[C@]2(C)C1[C@]1([H])[C@H](O)C[C@]3([H])C[C@H](O)CC[C@]3(C)[C@@]1([H])C[C@@H]2O","NA","NA","HMDB0000483","NA","NA","NA","NA","HMDB"
"20407","242332","5alpha-Androstane-3beta;17beta-diol","5alpha-Androstane-3beta;17beta-diol; also known as 5-α-androstane-3-β;17β-diol or 3beta;17beta-dihydroxy-5alpha-androstane; belongs to the class of organic compounds known as androgens and derivatives. ","(3beta;5alpha;17beta)-Androstane-3;17-diol;3beta;17beta-Dihydroxy-5alpha-androstane;5-ALPHA-ANDROSTANE-3-BETA;17BETA-diol;5alpha-Androstan-3beta;17beta-diol;(3b;5a;17b)-Androstane-3;17-diol;(3Β;5α;17β","292.4562","C19H32O2","(1S;2S;5S;7S;10R;11S;14S;15S)-2;15-dimethyltetracyclo[8.7.0.0^{2;7}.0^{11;15}]heptadecane-5;14-diol","[H][C@@]12CC[C@H](O)[C@@]1(C)CC[C@@]1([H])[C@@]2([H])CC[C@@]2([H])C[C@@H](O)CC[C@]12C","NA","C12525","HMDB0000493","NA","3 mg/mL","NA","NA","HMDB"
"20408","NA","Androstanediol","Androstanediol is a metabolite of dihydrotestosterone; itself a metabolite of testosterone. Androstanediol is implicated in the regulation of gonadotropin secretion. As a metabolite of dihydroxytestosterone formed in the peripheral tissues; androstanediol and androstnediol-glucuronide can be used to","Androstane-3;17-diol;3-a-Androstanediol;3-alpha-Androstanediol;3alpha-Androstanediol;5 a-Androstane-3 a; 17 b-diol;5 alpha-Androstane-3 alpha; 17 beta-diol;5-a-Androstane-3-a; 17-b-diol;5-alpha-Andros","292.4562","C19H32O2","(1S;2S;5R;7S;10R;11S;15S)-2;15-dimethyltetracyclo[8.7.0.0²;⁷.0¹¹;¹⁵]heptadecane-5;14-diol","[H][C@@]12CCC(O)[C@@]1(C)CC[C@@]1([H])[C@@]2([H])CC[C@@]2([H])C[C@H](O)CC[C@]12C","NA","NA","HMDB0000495","NA","NA","NA","NA","HMDB"
"20409","53477696","7-Ketocholesterol","7-Ketocholesterol is a major oxidation product of cholesterol (oxysterol) found in human atherosclerotic plaque and is more atherogenic than cholesterol in some animal studies. Oxysterols (oxygenated forms of cholesterol) are present at low levels in the circulation and accumulate is plasma and tiss","3b-Hydroxycholest-5-en-7-one;7-Oxocholesterol;Cholest-5-en-3b-ol-7-one;Delta5-Cholesten-3b-ol-7-one;3beta-Hydroxy-5-cholestene-7-one;5-Cholesten-3 beta-ol-7-one;3b-Hydroxycholest-5-en-7-one;7-Oxochole","400.6371","C27H44O2","(1S;2R;10S;11S;15R)-5-hydroxy-2;15-dimethyl-14-[(2R)-6-methylheptan-2-yl]tetracyclo[8.7.0.0^{2;7}.0^{11;15}]heptadec-7-en-9-one","[H][C@@]12CCC([C@H](C)CCCC(C)C)[C@@]1(C)CC[C@@]1([H])[C@@]2([H])C(=O)C=C2CC(O)CC[C@]12C","NA","NA","HMDB0000501","168","NA","NA","NA","HMDB"
"20410","6322","L-Arginine","Arginine (Arg); also known as L-argninine; belongs to the class of organic compounds known as L-alpha-amino acids. These are alpha amino acids which have the L-configuration of the alpha-carbon atom. ","(2S)-2-Amino-5-(carbamimidamido)pentanoic acid;(2S)-2-Amino-5-guanidinopentanoic acid;(S)-2-Amino-5-guanidinopentanoic acid;(S)-2-Amino-5-guanidinovaleric acid;Arg;Arginine;L-(+)-Arginine;L-Arg;L-Argi","174.201","C6H14N4O2","(2S)-2-amino-5-carbamimidamidopentanoic acid","N[C@@H](CCCNC(N)=N)C(O)=O","NA","C00062","HMDB0000517","222","182 mg/mL at 25 °C","NA","NA","HMDB"
"20411","167758","5beta-Cholestane-3alpha;7alpha;12alpha;25-tetrol","5β-Cholestane-3α;7α;12α;25-tetrol is an intermediate in the bile acid synthetic pathway; and is secreted into the bile and urine following glucuronidation. It does not undergo enterohepatic circulation. ","5b-Cholestane-3a;7a;12a;25-tetrol;5Β-cholestane-3α;7α;12α;25-tetrol;5 beta Cholestane-3 alpha;7 alpha;12 alpha;25-tetrol;5 beta-Cholestane-3 beta;7 alpha;12 alpha;25-tetrol;Cholestane-3;7;12;25-tetrol","436.677","C27H48O4","(1S;2S;5R;7S;9R;10R;11S;14R;15R;16S)-14-[(2R)-6-hydroxy-6-methylheptan-2-yl]-2;15-dimethyltetracyclo[8.7.0.0^{2;7}.0^{11;15}]heptadecane-5;9;16-triol","[H][C@@]1(CC[C@@]2([H])[C@]3([H])[C@H](O)C[C@]4([H])C[C@H](O)CC[C@]4(C)[C@@]3([H])C[C@H](O)[C@]12C)[C@H](C)CCCC(C)(C)O","NA","NA","HMDB0000524","NA","NA","NA","NA","HMDB"
"20412","92748","5alpha-Tetrahydrocortisol","5alpha-Tetrahydrocortisol is a normal human metabolite. However its increased ratio (5alpha-tetrahydrocortisol + tetrahydrocortisol) over tetrahydrocortisone in urine is the biochemical marker for the syndrome of apparent mineralocorticoid excess (AME). ","5a-Tetrahydrocortisol;5Α-tetrahydrocortisol;3;11;17;21-Tetrahydroxypregnan-20-one;3a;11b;17;21-Tetrahydroxy-5a-pregnan-20-one;3a;11b;17a;21-Tetrahydroxy-5a-pregnan-20-one;3a;5a-Tetrahydrocortisol;3a-A","366.4917","C21H34O5","2-hydroxy-1-[(1S;2S;5R;7S;10S;11S;14R;15S;17S)-5;14;17-trihydroxy-2;15-dimethyltetracyclo[8.7.0.0^{2;7}.0^{11;15}]heptadecan-14-yl]ethan-1-one","[H][C@@]12CC[C@](O)(C(=O)CO)[C@@]1(C)C[C@H](O)[C@@]1([H])[C@@]2([H])CC[C@@]2([H])C[C@H](O)CC[C@]12C","NA","NA","HMDB0000526","244.5","NA","NA","NA","HMDB"
"20413","22833531","7b-Hydroxy-3-oxo-5b-cholanoic acid","7b-Hydroxy-3-oxo-5b-cholanoic acid was one of the bile acids present in significant proportions during early gestation; identified in amniotic fluid.","7b-Hydroxy-3-oxo-5b-cholanoate;(5b;7b)-7-Hydroxy-3-oxo-cholan-24-Oate;(5b;7b)-7-Hydroxy-3-oxo-cholan-24-Oic acid;7b-Hydroxy-3-oxo-5b-cholan-24-Oate;7b-Hydroxy-3-oxo-5b-cholan-24-Oic acid;Methyl (4R)-4","402.5668","C25H38O4","methyl (4R)-4-[(1S;2S;10R;11S;14R;15R)-2;15-dimethyl-5;9-dioxotetracyclo[8.7.0.0²;⁷.0¹¹;¹⁵]heptadecan-14-yl]pentanoate","[H][C@@]12CC[C@H]([C@H](C)CCC(=O)OC)[C@@]1(C)CC[C@@]1([H])[C@@]2([H])C(=O)CC2CC(=O)CC[C@]12C","NA","NA","HMDB0000541","171","NA","NA","NA","HMDB"
"20414","9818021","5-Androstenetriol","5-Androstenetriol belongs to the class of organic compounds known as androgens and derivatives. These are 3-hydroxylated C19 steroid hormones. They are known to favor the development of masculine characteristics. They also show profound effects on scalp and body hair in humans. ","5-Androstene-3 beta;16 alpha;17 beta-triol;5-Androstene-3;16;17-triol;5-Androstene-3 beta;16 alpha;17 beta-triol;5-Androstene-3;16;17-triol;5-Androstene-3;16;17-triol","306.4397","C19H30O3","(1S;2R;5S;10R;11S;13R;14R;15S)-2;15-dimethyltetracyclo[8.7.0.0²;⁷.0¹¹;¹⁵]heptadec-7-ene-5;13;14-triol","[H][C@@]12C[C@@H](O)[C@H](O)[C@@]1(C)CC[C@@]1([H])[C@@]2([H])CC=C2C[C@@H](O)CC[C@]12C","NA","NA","HMDB0000550","NA","NA","NA","NA","HMDB"
"20415","134494","Etiocholanediol","Etiocholanediol is one of the compounds tested to allow for the unequivocal identification of the presence of urinary anabolic steroids and metabolites banned for use in sport by athletes. In urine samples collected for anti-doping purposes with moderately elevated testosterone and epitestosterone r","(3alpha;5beta;17beta)-Androstane-3;17-diol;3alpha;17beta-Dihydroxyetiocholane;(3a;5b;17b)-Androstane-3;17-diol;(3Α;5β;17β)-androstane-3;17-diol;3a;17b-Dihydroxyetiocholane;3Α;17β-dihydroxyetiocholane;","292.4562","C19H32O2","(1S;2S;5R;7R;10R;11S;14S;15S)-2;15-dimethyltetracyclo[8.7.0.0^{2;7}.0^{11;15}]heptadecane-5;14-diol","[H][C@@]12CC[C@H](O)[C@@]1(C)CC[C@@]1([H])[C@@]2([H])CC[C@]2([H])C[C@H](O)CC[C@]12C","NA","NA","HMDB0000551","NA","NA","NA","NA","HMDB"
"20416","15818","Dihydroandrosterone","Dihydroandrosterone is a major metabolite of testosterone. Dihydroandrosterone is the main steroid produced by the immature ovary; at puberty the synthesis of steroids shifts toward 4-ene-3-oxo steroids. testosterone 5a-reduced metabolites; including dihydrotestosterone are produced in the anterior ","(3alpha;5alpha;17beta)-Androstane-3;17-diol;3alpha;17beta-Dihydroxy-5alpha-androstane;Hombreol;(3a;5a;17b)-Androstane-3;17-diol;(3Α;5α;17β)-androstane-3;17-diol;3a;17b-Dihydroxy-5a-androstane;3Α;17β-d","292.4562","C19H32O2","(1S;2S;5R;7S;10R;11S;14S;15S)-2;15-dimethyltetracyclo[8.7.0.0^{2;7}.0^{11;15}]heptadecane-5;14-diol","[H][C@@]12CC[C@H](O)[C@@]1(C)CC[C@@]1([H])[C@@]2([H])CC[C@@]2([H])C[C@H](O)CC[C@]12C","NA","NA","HMDB0000554","219","NA","NA","NA","HMDB"
"20417","21252253","5b-Cholestane-3a;7a;12a;24;25-pentol","5b-Cholestane-3a;7a;12a;24;25-pentol; also known as 3a;7a;12a;24;25-pentahydroxycoprostane; belongs to the class of organic compounds known as pentahydroxy bile acids; alcohols and derivatives. These are bile acids; alcohols or derivatives bearing five hydroxyl groups.","3a;7a;12a;24;25-Pentahydroxycoprostane;3alpha;7alpha;12alpha;24R;25-Pentahydroxy-5beta-cholestane;5beta-Cholestane-3alpha;7alpha;12alpha;24R;25-pentol;5b-Cholestane-3a;7a;12a;24R;25-pentol;5Β-cholesta","452.667","C27H48O5","(1S;2S;5R;9R;10R;11S;14R;15R;16S)-14-[(2R)-5;6-dihydroxy-6-methylheptan-2-yl]-2;15-dimethyltetracyclo[8.7.0.0^{2;7}.0^{11;15}]heptadecane-5;9;16-triol","[H][C@@]12CC[C@H]([C@H](C)CCC(O)C(C)(C)O)[C@@]1(C)[C@@H](O)C[C@@]1([H])[C@@]2([H])[C@H](O)CC2C[C@H](O)CC[C@]12C","NA","NA","HMDB0000556","NA","NA","NA","NA","HMDB"
"20418","21252254","5a-Cholestane-3a;7a;12a;23;25-pentol","5a-Cholestane-3a;7a;12a;23;25-pentol belongs to the class of organic compounds known as pentahydroxy bile acids; alcohols and derivatives. These are bile acids; alcohols or derivatives bearing five hydroxyl groups. Based on a literature review very few articles have been published on 5a-Cholestane-3","(3a;5a;7a;12a;23S)-Cholestane-3;7;12;23;25-pentol;(3a;5a;7a;12a;23S)-Cholestane-3;7;12;23;25-pentol;","452.667","C27H48O5","(1S;2S;5R;7R;9R;10R;11S;14R;15R;16S)-14-[(2S)-4;6-dihydroxy-6-methylheptan-2-yl]-2;15-dimethyltetracyclo[8.7.0.0^{2;7}.0^{11;15}]heptadecane-5;9;16-triol","[H][C@@]12CC[C@H]([C@@H](C)CC(O)CC(C)(C)O)[C@@]1(C)[C@@H](O)C[C@@]1([H])[C@@]2([H])[C@H](O)C[C@@]2([H])C[C@H](O)CC[C@]12C","NA","NA","HMDB0000558","NA","NA","NA","NA","HMDB"
"20419","5862","L-Cysteine","Cysteine (Cys); also known as L-cysteine is an alpha-amino acid. These are amino acids in which the amino group is attached to the carbon atom immediately adjacent to the carboxylate group (alpha carbon).  ","(2R)-2-Amino-3-mercaptopropanoic acid;(2R)-2-Amino-3-sulfanylpropanoic acid;(R)-2-Amino-3-mercaptopropanoic acid;C;Cys;CYSTEINE;e 920;e-920;e920;FREE cysteine;L-2-Amino-3-mercaptopropionic acid;L-Cyst","121.158","C3H7NO2S","(2R)-2-amino-3-sulfanylpropanoic acid","N[C@@H](CS)C(O)=O","NA","C00097","HMDB0000574","220","277 mg/mL at 25 °C","NA","NA","HMDB"
"20420","221122","5beta-Coprostanol","Coprosterol or coprostanol is a cholesterol derivative found in human feces; gallstones; eggs; and other biological matter. Coprosterol is the odorous principle of feces. It is formed from the biohydrogenation of cholesterol (cholest-5en-3β-ol) in the gut of most higher animals and birds. ","(3beta;5beta)-Cholestan-3-ol;5beta Coprostanol;5beta-Cholestan-3beta-ol;Coprosterol;(3b;5b)-Cholestan-3-ol;(3Β;5β)-cholestan-3-ol;5b Coprostanol;5Β coprostanol;5b-Cholestan-3b-ol;5Β-cholestan-3β-ol;5b","388.6694","C27H48O","(1S;2S;5S;7R;10R;11S;14R;15R)-2;15-dimethyl-14-[(2R)-6-methylheptan-2-yl]tetracyclo[8.7.0.0^{2;7}.0^{11;15}]heptadecan-5-ol","[H][C@@]1(CC[C@@]2([H])[C@]3([H])CC[C@]4([H])C[C@@H](O)CC[C@]4(C)[C@@]3([H])CC[C@]12C)[C@H](C)CCCC(C)C","NA","NA","HMDB0000577","102","NA","NA","NA","HMDB"
"20421","123675","3;5-Diiodothyronine","3;5-Diiodothyronine; also known as 3;5-T2; belongs to the class of organic compounds known as phenylalanines and derivatives. Phenylalanine and derivatives are compounds containing phenylalanine or a derivative thereof resulting from reaction of phenylalanine at the amino group or the carboxy group","35-Diiodothyronine;(3;5-Diiodo-4-(-p-hydroxyphenoxy)phenyl)-alanine;3';5'-Diiodothyronine;3;5-Diiodo-D-thyronine;3;5-Diiodo-DL-thryronine;3;5-Diiodo-DL-thyronine;3;5-Diiodo-L-thyronine;3;5-T2;4-(4-Hyd","525.077","C15H13I2NO4","2-amino-3-[4-(4-hydroxyphenoxy)-3;5-diiodophenyl]propanoic acid","NC(CC1=CC(I)=C(OC2=CC=C(O)C=C2)C(I)=C1)C(O)=O","NA","NA","HMDB0000582","NA","NA","NA","NA","HMDB"
"20422","813","Potassium","Potassium is an essential electrolyte. Potassium balance is crucial for regulating the excitability of nerves and muscles and so critical for regulating contractility of cardiac muscle. Although the most important changes seen in the presence of deranged potassium are cardiac; smooth muscle is also ","K(+);K+;POTASSIUM ion;Potassium(1+);Nabumeton a;Kalium;Potassium (ion);Potassium (k+);Potassium cation;Potassium ion (k+);Potassium ion (K1+);Potassium ion(+);Potassium ion(1+);Potassium monocation;Po","39.0983","K","potassium(1+) ion","[K+]","NA","C00238","HMDB0000586","63.2","NA","NA","NA","HMDB"
"20423","131801653","CE(18:2(9Z;12Z))","Cholesteryl linoleic acid is a cholesteryl ester. A cholesteryl ester is an ester of cholesterol. Fatty acid esters of cholesterol constitute about two-thirds of the cholesterol in the plasma. Cholesterol is a sterol (a combination steroid and alcohol) and a lipid found in the cell membranes of all ","Cholesterol ester(18:2);Cholesteryl 1-linoleoic acid;Cholesterol ester(18:2/0:0);Cholesterol 1-(9Z;12Z-octadecadienoate);Cholesteryl 1-(9Z;12Z-octadecadienoate);18:2(9Z;12Z) Cholesterol ester;Choleste","649.101","C45H76O2","(2R;5S;15R)-2;15-dimethyl-14-[(2R)-6-methylheptan-2-yl]tetracyclo[8.7.0.0^{2;7}.0^{11;15}]heptadec-7-en-5-yl (9Z;12Z)-octadeca-9;12-dienoate","CCCCCC=C/CC=C/CCCCCCCC(=O)O[C@H]1CC[C@]2(C)C3CC[C@]4(C)C(CCC4C3CC=C2C1)[C@H](C)CCCC(C)C","NA","C15441","HMDB0000610","NA","1.7e-13 mg/L at 25 °C","NA","NA","HMDB"
"20424","457801","Clionasterol","Clionasterol; also known as gamma-sitosterol or harzol; belongs to the class of organic compounds known as stigmastanes and derivatives. These are sterol lipids with a structure based on the stigmastane skeleton; which consists of a cholestane moiety bearing an ethyl group at the carbon atom C24. ","(3beta;24S)-Stigmast-5-en-3-ol;22;23-Dihydroporiferasterol;24-Ethylcholest-5-en-3 beta-ol;24beta-Ethyl-5-cholesten-3beta-ol;24beta-Ethylcholesterol;24S-Ethylcholest-5-en-3beta-ol;beta-Dihydrofucostero","414.7067","C29H50O","(1S;2R;5S;10S;11S;14R;15R)-14-[(2R;5S)-5-ethyl-6-methylheptan-2-yl]-2;15-dimethyltetracyclo[8.7.0.0^{2;7}.0^{11;15}]heptadec-7-en-5-ol","[H][C@@]12CC[C@H]([C@H](C)CC[C@H](CC)C(C)C)[C@@]1(C)CC[C@@]1([H])[C@@]2([H])CC=C2C[C@@H](O)CC[C@]12C","NA","C19654","HMDB0000649","147","4.6e-05 mg/L at 25 °C","NA","NA","HMDB"
"20425","65076","Cholesterol sulfate","Cholesterol sulfate; or cholest-5-en-3beta-ol sulfate; is an endogenous steroid and the C3beta sulfate ester of cholesterol. It is formed from cholesterol by steroid sulfotransferases (SSTs) such as SULT2B1b (also known as cholesterol sulfotransferase) and is converted back into cholesterol by stero","CHOLEST-5-en-3-yl hydrogen sulfATE;Cholest-5-en-3beta-ol sulfate;Cholesterol 3-sulfate;Cholesterol 3-sulphate;Cholesterol hydrogen sulfate;Cholesterol hydrogen sulphate;Cholesterol sulphate;Cholestery","466.717","C27H46O4S","[(1S;2R;5S;10S;11S;14R;15R)-2;15-dimethyl-14-[(2R)-6-methylheptan-2-yl]tetracyclo[8.7.0.0^{2;7}.0^{11;15}]heptadec-7-en-5-yl]oxidanesulfonic acid","[H][C@@]12CC[C@H]([C@H](C)CCCC(C)C)[C@@]1(C)CC[C@@]1([H])[C@@]2([H])CC=C2C[C@H](CC[C@]12C)OS(O)(=O)=O","NA","C18043","HMDB0000653","NA","NA","NA","NA","HMDB"
"20426","NA","CE(16:1(9Z))","CE(16:1(9Z)); also known as (Z)-cholesterol 9-hexadecenoate or 1-palmitoleoyl-cholesterol; is an important plasma cholesteryl ester. A cholesteryl ester is an ester of cholesterol. Fatty acid esters of cholesterol constitute about two-thirds of the cholesterol in the plasma. ","(Z)-Cholesterol 9-hexadecenoate;(Z)-Cholesterol 9-hexadecenoic acid;1-Palmitoleoyl-cholesterol;16:1(9Z) Cholesterol ester;CE(16:1(9Z));CE(16:1/0:0);CE(16:1n7/0:0);CE(16:1W7/0:0);Cholesterol cis-9-hexa","623.063","C43H74O2","(1S;2R;5S;10S;11S;14R;15R)-2;15-dimethyl-14-[(2R)-6-methylheptan-2-yl]tetracyclo[8.7.0.0^{2;7}.0^{11;15}]heptadec-7-en-5-yl (9Z)-hexadec-9-enoate","[H][C@@]1(CC[C@@]2([H])[C@]3([H])CC=C4C[C@H](CC[C@]4(C)[C@@]3([H])CC[C@]12C)OC(=O)CCCCCCCC=C/CCCCCC)[C@H](C)CCCC(C)C","NA","NA","HMDB0000658","NA","3.5e-20 mg/L at 25 °C","NA","NA","HMDB"
"20427","807","Iodine","Iodine is an essential trace element. Chemically; iodine is the least reactive of the halogens; and the most electropositive halogen after astatine. However; iodine does not occur in the free state in nature. As with all other halogens ; when freed from its compounds iodine forms diatomic molecules ","I2;Jod;Molecular iodine;Diiodine;Cadex;Iode;Iodine-molecule;Iodio;Iodum;Jood;Tincture iodine;Iodine 127;Iodine-127;Iodine;I2;Jod;Molecular iodine;Diiodine;Cadex;Iode;Iodine-molecule;Iodio;Iodum;Jood;T","253.8089","I2","diiodine","II","NA","C01382","HMDB0000675","113.6","0.33 mg/mL at 25 °C","NA","NA","HMDB"
"20428","439763","Lithocholyltaurine","Lithocholyltaurine is a bile salt formed in the liver from lithocholic acid conjugation with taurine; usually as the sodium salt. It solubilizes fats for absorption and is itself absorbed. Lithocholic acid; a hydrophobic secondary bile acid; is well known to cause intrahepatic cholestasis. ","Taurolithocholate;Taurolithocholic acid;Taurine lithocholate;Acid; taurolithocholic;Taurolithocholic acid; monosodium salt;Lithocholate; taurine;3alpha-Hydroxy-5beta-cholanoyltaurine;3alpha-Hydroxy-N-","483.71","C26H45NO5S","2-[(4R)-4-[(1S;2S;5R;7R;10R;11S;14R;15R)-5-hydroxy-2;15-dimethyltetracyclo[8.7.0.0^{2;7}.0^{11;15}]heptadecan-14-yl]pentanamido]ethane-1-sulfonic acid","[H][C@@]1(CC[C@@]2([H])[C@]3([H])CC[C@]4([H])C[C@H](O)CC[C@]4(C)[C@@]3([H])CC[C@]12C)[C@H](C)CCC(=O)NCCS(O)(=O)=O","NA","C02592","HMDB0000722","212","NA","NA","NA","HMDB"
"20429","222284","beta-Sitosterol","beta-Sitosterol; a main dietary phytosterol found in plants; may have the potential for prevention and therapy for human cancer. Phytosterols are plant sterols found in foods such as oils; nuts; and vegetables. Phytosterols; in the same way as cholesterol; contain a double bond and are susceptible t","(-)-beta-Sitosterol;(24R)-Ethylcholest-5-en-3beta-ol;(24R)-Stigmast-5-en-3beta-ol;(3beta)-Stigmast-5-en-3-ol;22;23-Dihydrostigmasterol;24alpha-Ethylcholesterol;alpha-Dihydrofucosterol;Azuprostat;beta-","414.718","C29H50O","(1S;2R;5S;10S;11S;14R;15R)-14-[(2R;5R)-5-ethyl-6-methylheptan-2-yl]-2;15-dimethyltetracyclo[8.7.0.0^{2;7}.0^{11;15}]heptadec-7-en-5-ol","[H][C@@]1(CC[C@@]2([H])[C@]3([H])CC=C4C[C@@H](O)CC[C@]4(C)[C@@]3([H])CC[C@]12C)[C@H](C)CC[C@@H](CC)C(C)C","NA","C01753","HMDB0000852","140","10 mg/mL","NA","NA","HMDB"
"20430","92128","5alpha-Cholestanone","5alpha-Cholestanone; also known as 5α-cholestanone; belongs to the class of organic compounds known as cholesterols and derivatives. Cholesterols and derivatives are compounds containing a 3-hydroxylated cholestane core. ","5a-Cholestanone;5Α-cholestanone;(5a;17b)-17-Octylandrostan-3-one;(5alpha)-Cholestan-3-one;(5alpha)-Cholestanone;5a(H)-Cholestan-3-one;5a-Cholestan-3-one;5alpha-Cholestane-3-one;5alpha-Coprostanone;Cop","386.6535","C27H46O","(1S;2S;7S;10R;11S;14R;15R)-2;15-dimethyl-14-[(2R)-6-methylheptan-2-yl]tetracyclo[8.7.0.0^{2;7}.0^{11;15}]heptadecan-5-one","[H][C@@]1(CC[C@@]2([H])[C@]3([H])CC[C@@]4([H])CC(=O)CC[C@]4(C)[C@@]3([H])CC[C@]12C)[C@H](C)CCCC(C)C","NA","C03238","HMDB0000871","128","NA","NA","NA","HMDB"
"20431","5280795","Vitamin D3","Vitamin D3; also called cholecalciferol; is one of the forms of vitamin D. Vitamin D3 is a steroid hormone that has long been known for its important role in regulating body levels of calcium and phosphorus; in mineralization of bone; and for the assimilation of Vitamin A.","(+)-Vitamin D3;(1S;3Z)-3-[(2E)-2-[(1R;3AR;7as)-7a-methyl-1-[(2R)-6-methylheptan-2-yl]-2;3;3a;5;6;7-hexahydro-1H-inden-4-ylidene]ethylidene]-4-methylidene-cyclohexan-1-ol;(3beta;5Z;7E)-9;10-Secocholest","384.6377","C27H44O","(1S;3Z)-3-{2-[(1R;3aS;4E;7aR)-7a-methyl-1-[(2R)-6-methylheptan-2-yl]-octahydro-1H-inden-4-ylidene]ethylidene}-4-methylidenecyclohexan-1-ol","[H][C@@]1(CC[C@@]2([H])C(CCC[C@]12C)=CC=C1C[C@@H](O)CCC1=C)[C@H](C)CCCC(C)C","NA","C05443","HMDB0000876","84.5","NA","NA","NA","HMDB"
"20432","246520","CE(16:0)","CE(16:0); also known as cholesteryl palmitic acid; is a cholesteryl ester. A cholesteryl ester is an ester of cholesterol. Fatty acid esters of cholesterol constitute about two-thirds of the cholesterol in the plasma. ","(3beta)-Cholest-5-en-3-ol hexadecanoate;16:0 Cholesterol ester;CE;Cholesterol palmitate;Cholesteryl hexadecanoate;Hexadecanoic acid; cholesteryl ester;Palmitic acid cholesteryl ester;(3b)-Cholest-5-en","625.0623","C43H76O2","(1S;2R;5S;10S;11S;14R;15R)-2;15-dimethyl-14-[(2R)-6-methylheptan-2-yl]tetracyclo[8.7.0.0^{2;7}.0^{11;15}]heptadec-7-en-5-yl hexadecanoate","[H][C@@]1(CC[C@@]2([H])[C@]3([H])CC=C4C[C@H](CC[C@]4(C)[C@@]3([H])CC[C@]12C)OC(=O)CCCCCCCCCCCCCCC)[C@H](C)CCCC(C)C","NA","C11251","HMDB0000885","75","7.1e-13 mg/L at 25 °C","NA","NA","HMDB"
"20433","2733768","Taurodeoxycholic acid","Taurodeoxycholic acid is a bile salt formed in the liver by conjugation of deoxycholate with taurine; usually as the sodium salt. Bile acids are steroid acids found predominantly in the bile of mammals. The distinction between different bile acids is minute; depending only on the presence or absence","Taurodeoxycholate;Acid; taurodeoxycholic;Deoxycholate; taurine;Sodium taurodeoxycholate;Taurine deoxycholate;Deoxycholyltaurine;Taurodeoxycholate; sodium;Deoxytaurocholate;Deoxytaurocholic acid;N-(3a;","499.704","C26H45NO6S","2-[(4R)-4-[(1S;2S;5R;7R;10R;11S;14R;15R;16S)-5;16-dihydroxy-2;15-dimethyltetracyclo[8.7.0.0^{2;7}.0^{11;15}]heptadecan-14-yl]pentanamido]ethane-1-sulfonic acid","[H][C@@]1(CC[C@@]2([H])[C@]3([H])CC[C@]4([H])C[C@H](O)CC[C@]4(C)[C@@]3([H])C[C@H](O)[C@]12C)[C@H](C)CCC(=O)NCCS(O)(=O)=O","NA","C05463","HMDB0000896","204","41 mg/mL","NA","NA","HMDB"
"20434","222865","Androstanedione","Androstanedione belongs to the class of organic compounds known as androgens and derivatives. These are 3-hydroxylated C19 steroid hormones. They are known to favor the development of masculine characteristics. ","5alpha-Androstan-3;17-dione;5a-Androstan-3;17-dione;5Α-androstan-3;17-dione;(5a)-Androstane-3;17-dione;5-alpha-Androstane-3;17-dione;5a-Androsta-3;17-dione;5a-Androstane-3; 17-dione;5a-Androstane-3;17","288.4244","C19H28O2","(1S;2S;7S;10R;11S;15S)-2;15-dimethyltetracyclo[8.7.0.0^{2;7}.0^{11;15}]heptadecane-5;14-dione","[H][C@@]12CCC(=O)[C@@]1(C)CC[C@@]1([H])[C@@]2([H])CC[C@@]2([H])CC(=O)CC[C@]12C","NA","C00674","HMDB0000899","133.5","NA","NA","NA","HMDB"
"20435","12444617","Tetrahydrocortisone","Cortisol is a corticosteroid hormone that is involved in the response to stress; it increases blood pressure and blood sugar levels and suppresses the immune system. ","(3a;5b)-3;17;21-Trihydroxy-pregnane-11;20-dione;3;17-Dihydroxy-17-hydroxyacetyl-10;13-dimethyl-hexadecahydro-cyclopenta[a]phenanthren-11-one;3a;17;21-Trihydroxy-5a-pregnane-11;20-dione;3a;17;21-Trihyd","364.4758","C21H32O5","(1S;2S;5S;7S;10S;11S;14R;15S)-5;14-dihydroxy-14-(2-hydroxyacetyl)-2;15-dimethyltetracyclo[8.7.0.0^{2;7}.0^{11;15}]heptadecan-17-one","[H][C@@]12CC[C@](O)(C(=O)CO)[C@@]1(C)CC(=O)[C@@]1([H])[C@@]2([H])CC[C@@]2([H])C[C@@H](O)CC[C@]12C","NA","NA","HMDB0000903","190","203.2 mg/L at 25 °C","NA","NA","HMDB"
"20436","6665","5alpha-Cholestanol","5alpha-Cholestanol; also known as cholestanol or dihydrocholesterol; belongs to the class of organic compounds known as cholesterols and derivatives. Cholesterols and derivatives are compounds containing a 3-hydroxylated cholestane core. ","(3beta;5alpha)-Cholestan-3-ol;Cholestanol;Dihydrocholesterol;Zymostanol;(3b;5a)-Cholestan-3-ol;(3Β;5α)-cholestan-3-ol;5a-Cholestanol;5Α-cholestanol;5 alpha Cholestan 3 beta ol;5 beta Cholestan 3 beta ","388.6694","C27H48O","(1S;2S;5S;7S;10R;11S;14R;15R)-2;15-dimethyl-14-[(2R)-6-methylheptan-2-yl]tetracyclo[8.7.0.0^{2;7}.0^{11;15}]heptadecan-5-ol","[H][C@@]1(CC[C@@]2([H])[C@]3([H])CC[C@@]4([H])C[C@@H](O)CC[C@]4(C)[C@@]3([H])CC[C@]12C)[C@H](C)CCCC(C)C","NA","NA","HMDB0000908","140","0.00034 mg/L at 25 °C","NA","NA","HMDB"
"20437","50938266","CE(18:1(9Z))","Cholesteryl oleate is an ester of cholesterol. Fatty acid esters of cholesterol constitute about two-thirds of the cholesterol in the plasma. Cholesterol is a sterol (a combination steroid and alcohol) and a lipid found in the cell membranes of all body tissues; and transported in the blood plasma o","1-Oleoyl-cholesterol;18:1(9Z) Cholesterol ester;3beta-Hydroxy-5-cholestene 3-oleate;5-Cholesten-3b-ol 3-oleate;CE(18:1);CE(18:1/0:0);CE(18:1n9/0:0);CE(18:1W9/0:0);Cholest-5-en-3-beta-yl oleate;Cholest","651.117","C45H78O2","(2R;5S;15R)-2;15-dimethyl-14-[(2R)-6-methylheptan-2-yl]tetracyclo[8.7.0.0^{2;7}.0^{11;15}]heptadec-7-en-5-yl (9Z)-octadec-9-enoate","CCCCCCCCC=C/CCCCCCCC(=O)O[C@H]1CC[C@]2(C)C3CC[C@]4(C)C(CCC4C3CC=C2C1)[C@H](C)CCCC(C)C","NA","C14641","HMDB0000918","94","3 mg/mL","NA","NA","HMDB"
"20438","440105","11a-Hydroxyprogesterone","Progesterone is a C-21 steroid hormone involved in the female menstrual cycle; pregnancy (supports gestation) and embryogenesis of humans and other species. Progesterone belongs to a class of hormones called progestagens; and is the major naturally occurring human progestagen. ","11-Hydroxyprogesterone;11a-Hydroxy-pregn-4-ene-3;20-dione;11a-Hydroxy-progesterone;11a-Hydroxypregn-4-ene-3;20-dione;4-Pregnene-11a-ol-3;20-dione;Pregn-4-en-11a-ol-3;20-dione;11Α-hydroxyprogesterone;1","330.4611","C21H30O3","(1S;2R;10S;11S;15S;17R)-14-acetyl-17-hydroxy-2;15-dimethyltetracyclo[8.7.0.0^{2;7}.0^{11;15}]heptadec-6-en-5-one","[H][C@@]12CCC(C(C)=O)[C@@]1(C)C[C@@H](O)[C@@]1([H])[C@@]2([H])CCC2=CC(=O)CC[C@]12C","NA","C03747","HMDB0000920","222","0.05 mg/mL","NA","NA","HMDB"
"20439","91477","Cholestenone","Cholestenone belongs to the class of organic compounds known as cholesterols and derivatives. Cholesterols and derivatives are compounds containing a 3-hydroxylated cholestane core. Thus; cholestenone is considered to be a sterol lipid molecule. Cholestenone is a very hydrophobic molecule; practical","4-Cholesten-3-one;Cholest-4-en-3-one;(17b)-17-Octylandrost-4-en-3-one;3-Oxocholest-4-ene;D4-Cholesten-3-one;D4-Cholestenone;(+)-4-Cholesten-3-one;(17beta)-17-Octylandrost-4-en-3-one;(17Β)-17-octylandr","384.6377","C27H44O","(1S;2R;10S;11S;14R;15R)-2;15-dimethyl-14-[(2R)-6-methylheptan-2-yl]tetracyclo[8.7.0.0^{2;7}.0^{11;15}]heptadec-6-en-5-one","[H][C@@]1(CC[C@@]2([H])[C@]3([H])CCC4=CC(=O)CC[C@]4(C)[C@@]3([H])CC[C@]12C)[C@H](C)CCCC(C)C","NA","C00599","HMDB0000921","79","NA","NA","NA","HMDB"
"20440","168408","Tauro-b-muricholic acid","Tauro-b-muricholic acid is a bile acid. Bile acids are steroid acids found predominantly in the bile of mammals. The distinction between different bile acids is minute; depending only on the presence or absence of hydroxyl groups on positions 3; 7; and 12. ","Tauro-b-muricholate;N-(3a;6b;7b-Trihydroxy-5b-cholan-24-oyl)-taurine;Tauro-beta-muricholate;Tauro-beta-muricholic acid;T-alpha-MC;T-beta-MC;Tauro-alpha-muricholate;Tauro-alpha-muricholic acid;Tauromur","515.703","C26H45NO7S","2-[(4R)-4-[(2R;5R;7R;8S;9R;14R;15R)-5;8;9-trihydroxy-2;15-dimethyltetracyclo[8.7.0.0²;⁷.0¹¹;¹⁵]heptadecan-14-yl]pentanamido]ethane-1-sulfonic acid","[H][C@@]12C[C@H](O)CC[C@]1(C)C1CC[C@]3(C)[C@H](CCC3C1[C@@H](O)[C@H]2O)[C@H](C)CCC(=O)NCCS(O)(=O)=O","NA","NA","HMDB0000932","NA","NA","NA","NA","HMDB"
"20441","440663","Cholest-5-ene","Cholest-5-ene; also known as 5-cholestene; belongs to the class of organic compounds known as cholestane steroids. These are steroids with a structure containing the 27-carbon cholestane skeleton. Thus; cholest-5-ene is considered to be a sterol. Based on a literature review a significant number of ","5-Cholestene;D5-Cholestene;Cholest-5-ene;5-Cholestene;D5-Cholestene;Cholest-5-ene;D5-Cholestene;Cholest-5-ene","370.6541","C27H46","(1S;2R;10S;11S;14R;15R)-2;15-dimethyl-14-[(2R)-6-methylheptan-2-yl]tetracyclo[8.7.0.0²;⁷.0¹¹;¹⁵]heptadec-7-ene","[H][C@@]12CC[C@H]([C@H](C)CCCC(C)C)[C@@]1(C)CC[C@@]1([H])[C@@]2([H])CC=C2CCCC[C@]12C","NA","C05416","HMDB0000941","NA","NA","NA","NA","HMDB"
"20442","5864","Tetrahydrocortisol","Tetrahydrocortisol; also known as urocortisol; belongs to the class of organic compounds known as 21-hydroxysteroids. These are steroids carrying a hydroxyl group at the 21-position of the steroid backbone. Thus; tetrahydrocortisol is considered to be a steroid. Based on a literature review a signif","3alpha;5beta-Tetrahydrocortisol;5beta-Pregnane-3alpha;11beta;17alpha;21-tetrol-20-one;5beta-Tetrahydrocortisol;Tetrahydrohydrocortisone;Urocortisol;3a;5b-Tetrahydrocortisol;3Α;5β-tetrahydrocortisol;5b","366.4917","C21H34O5","2-hydroxy-1-[(2S;5R;14R;15S;17S)-5;14;17-trihydroxy-2;15-dimethyltetracyclo[8.7.0.0²;⁷.0¹¹;¹⁵]heptadecan-14-yl]ethan-1-one","C[C@]12C[C@H](O)C3C(CCC4C[C@H](O)CC[C@]34C)C1CC[C@]2(O)C(=O)CO","NA","C05472","HMDB0000949","NA","NA","NA","NA","HMDB"
"20443","387316","Taurochenodesoxycholic acid","Taurochenodesoxycholic acid is a bile acid formed in the liver by conjugation of chenodeoxycholate with taurine; usually as the sodium salt. Bile acids are steroid acids found predominantly in the bile of mammals. ","Chenodeoxycholoyltaurine;Taurine chenodeoxycholate;Taurochenodeoxycholate;Taurochenodeoxycholic acid;Taurine chenodeoxycholic acid;Taurochenodesoxycholate;12-Deoxycholyltaurine;12-Desoxycholyltaurine;","499.704","C26H45NO6S","2-[(4R)-4-[(1S;2S;5R;7S;9R;10R;11S;14R;15R)-5;9-dihydroxy-2;15-dimethyltetracyclo[8.7.0.0^{2;7}.0^{11;15}]heptadecan-14-yl]pentanamido]ethane-1-sulfonic acid","[H][C@@]1(CC[C@@]2([H])[C@]3([H])[C@H](O)C[C@]4([H])C[C@H](O)CC[C@]4(C)[C@@]3([H])CC[C@]12C)[C@H](C)CCC(=O)NCCS(O)(=O)=O","NA","C05465","HMDB0000951","NA","NA","NA","NA","HMDB"
"20444","6438368","1;25-Dihydroxyvitamin D3-26;23-lactone","1;25-Dihydroxyvitamin D3-26;23-lactone (1;25(OH)2D3-26;23-lactone) is a vitamin D3 metabolite. The formation of 1;25(OH)2D3-26;23-lactone occurs in normocalcemic states and in situations in which 1;25(OH)2D3 has been administered.","1;25-Dihydroxycholecalciferol-26-23-lactone;1;25-Lactone;1alpha;25-Dihydroxyvitamin D3-26;23-lactone;23S;25R)-1a;25-Dihydroxyvitamin D3 26;23-lactone;Calcitriol lactone;Calcitriol-26;23-lactone;1 alph","444.6035","C27H40O5","(3R;5S)-5-[(2R)-2-[(1R;3aS;4E;7aR)-4-{2-[(1Z;3S;5R)-3;5-dihydroxy-2-methylidenecyclohexylidene]ethylidene}-7a-methyl-octahydro-1H-inden-1-yl]propyl]-3-hydroxy-3-methyloxolan-2-one","[H][C@@]1(CC[C@@]2([H])C(CCC[C@]12C)=CC=C1C[C@@H](O)C[C@H](O)C1=C)[C@H](C)C[C@H]1C[C@@](C)(O)C(=O)O1","NA","NA","HMDB0000969","NA","NA","NA","NA","HMDB"
"20445","22298939","4a-Methyl-5a-cholesta-8;24-dien-3-one","4a-Methyl-5a-cholesta-8;24-dien-3-one; also known as 3-keto-4alpha-methyl-zymosterol; belongs to the class of organic compounds known as cholesterols and derivatives. Cholesterols and derivatives are compounds containing a 3-hydroxylated cholestane core. ","(4alpha;5alpha)-4-Methylcholesta-8;24-dien-3-one;3-Keto-4alpha-methyl-zymosterol;3-Keto-4alpha-methylzymosterol;4alpha-Methyl-(5alpha)-cholesta-8;24-dien-3-one;(4a;5a)-4-Methylcholesta-8;24-dien-3-one","396.6484","C28H44O","(2S;6S;7S;11R;14R;15R)-2;6;15-trimethyl-14-[(2R)-6-methylhept-5-en-2-yl]tetracyclo[8.7.0.0²;⁷.0¹¹;¹⁵]heptadec-1(10)-en-5-one","[H][C@@]1(CC[C@@]2([H])C3=C(CC[C@]12C)[C@@]1(C)CCC(=O)[C@@H](C)[C@]1([H])CC3)[C@H](C)CCC=C(C)C","NA","NA","HMDB0000981","NA","NA","NA","NA","HMDB"
"20446","101964","16-Dehydroprogesterone","16-Dehydroprogesterone; also known as delta.16-progesterone; belongs to the class of organic compounds known as 20-oxosteroids. These are steroid derivatives carrying a C=O group at the 20-position of the steroid skeleton. ","3;20-Dioxopregna-4;16-diene;Delta(4;16)-Pregnadiene-3;20-dione;16;17-Didehydroprogesterone;Δ(4;16)-pregnadiene-3;20-dione;4;16-Pregnadiene-3;20-dione;D16-Progesterone;D4;16-Pregnadiene-3;20-dione;Delt","312.4458","C21H28O2","(1S;2R;10R;11S;15S)-14-acetyl-2;15-dimethyltetracyclo[8.7.0.0^{2;7}.0^{11;15}]heptadeca-6;13-dien-5-one","[H][C@@]12CC=C(C(C)=O)[C@@]1(C)CC[C@@]1([H])[C@@]2([H])CCC2=CC(=O)CC[C@]12C","NA","C03207","HMDB0000995","185","NA","NA","NA","HMDB"
"20447","443212","4;4-Dimethylcholesta-8;14;24-trienol","4;4-Dimethylcholesta-8;14;24-trienol is a product of the enzyme delta14-sterol reductase [EC 1.3.1.70] (KEGG). It is involved in the biosynthesis of steroids and is involved in the conversion of lanosterol to zymosterol. ","4;4-Dimechol-8;14;24-trienol;4;4-Dimethylcholesta-8(9);14;24-trien-3beta-ol;4;4-Dimethylcholesta-8(9);14;24-trien-3b-ol;4;4-Dimethylcholesta-8(9);14;24-trien-3β-ol;FF-MAS;Follicular fluid meiosis acti","410.6749","C29H46O","(2S;5S;7R;14R;15R)-2;6;6;15-tetramethyl-14-[(2R)-6-methylhept-5-en-2-yl]tetracyclo[8.7.0.0^{2;7}.0^{11;15}]heptadeca-1(10);11-dien-5-ol","C[C@H](CCC=C(C)C)[C@H]1CC=C2C3=C(CC[C@]12C)[C@@]1(C)CC[C@H](O)C(C)(C)[C@@H]1CC3","NA","C11455","HMDB0001023","NA","NA","NA","NA","HMDB"
"20448","164906","25-Azacholesterol","25-Azacholesterol has potent hypocholesterolemic activity.","(3beta)-24-(dimethylamino)-Chol-5-en-3-ol;24-(dimethylamino)Chol-5-en-3beta-ol;24-(dimethylamino)Chol-5-en-3 beta-ol;(3beta)-24-(dimethylamino)-Chol-5-en-3-ol;24-(dimethylamino)Chol-5-en-3beta-ol;24-(","387.6416","C26H45NO","(1S;2R;5S;10S;11S;14R;15R)-14-[(2R)-5-(dimethylamino)pentan-2-yl]-2;15-dimethyltetracyclo[8.7.0.0²;⁷.0¹¹;¹⁵]heptadec-7-en-5-ol","[H][C@@]1(CC[C@@]2([H])[C@]3([H])CC=C4C[C@@H](O)CC[C@]4(C)[C@@]3([H])CC[C@]12C)[C@H](C)CCCN(C)C","NA","NA","HMDB0001028","NA","NA","NA","NA","HMDB"
"20449","22833560","5a-Cholesta-8;24-dien-3-one","5a-Cholesta-8;24-dien-3-one belongs to the class of organic compounds known as cholesterols and derivatives. Cholesterols and derivatives are compounds containing a 3-hydroxylated cholestane core. 5a-Cholesta-8;24-dien-3-one is an extremely weak basic (essentially neutral) compound (based on its pKa","5alpha-Cholesta-8;24-dien-3-one;5alpha-Cholesta-8;24-dien-3-one;","382.6218","C27H42O","(2S;11R;14R;15R)-2;15-dimethyl-14-[(2R)-6-methylhept-5-en-2-yl]tetracyclo[8.7.0.0²;⁷.0¹¹;¹⁵]heptadec-1(10)-en-5-one","[H][C@@]12CC[C@H]([C@H](C)CCC=C(C)C)[C@@]1(C)CCC1=C2CCC2CC(=O)CC[C@]12C","NA","NA","HMDB0001093","NA","NA","NA","NA","HMDB"
"20450","656456","4a-Formyl-5a-cholesta-8;24-dien-3b-ol","4a-Formyl-5a-cholesta-8;24-dien-3b-ol belongs to the class of organic compounds known as cholesterols and derivatives. Cholesterols and derivatives are compounds containing a 3-hydroxylated cholestane core. 4a-Formyl-5a-cholesta-8;24-dien-3b-ol is an extremely weak basic (essentially neutral) compou","4alpha-Formyl-5alpha-cholesta-8;24-dien-3beta -ol;4alpha-Formyl-5alpha-cholesta-8;24-dien-3beta -ol;","412.6478","C28H44O2","5-hydroxy-2;15-dimethyl-14-(6-methylhept-5-en-2-yl)tetracyclo[8.7.0.0²;⁷.0¹¹;¹⁵]heptadec-1(10)-ene-6-carbaldehyde","CC(CCC=C(C)C)C1CCC2C3=C(CCC12C)C1(C)CCC(O)C(C=O)C1CC3","NA","NA","HMDB0001203","NA","NA","NA","NA","HMDB"
"20451","193321","27-Deoxy-5b-cyprinol","27-Deoxy-5b-cyprinol is an intermediate in Bile acid synthesis pathway; in a sequence of reactions catalyzed by sterol 27-hydroxylase (CYP27) in the oxidation of 5 beta-cholestane-3 alpha;7 alpha;12 alpha;27-tetrol into 3 alpha;7 alpha;12 alpha-trihydroxy-5 beta-cholestanoic acid","(3alpha;5beta;7alpha;12alpha)-Cholestane-3;7;12;26-tetrol;3alpha;7alpha;12alpha;26-Tetrahydroxy-5beta-cholestane;5beta-Cholestane 3alpha;7alpha;12alpha;27-tetrol;5beta-Cholestane-3alpha;7alpha;12alpha","436.6676","C27H48O4","(1S;2S;5R;7S;9R;10R;11S;14R;15R;16S)-14-[(2R)-7-hydroxy-6-methylheptan-2-yl]-2;15-dimethyltetracyclo[8.7.0.0²;⁷.0¹¹;¹⁵]heptadecane-5;9;16-triol","[H][C@@]1(CC[C@@]2([H])[C@]3([H])[C@H](O)C[C@]4([H])C[C@H](O)CC[C@]4(C)[C@@]3([H])C[C@H](O)[C@]12C)[C@H](C)CCCC(C)CO","NA","C05446","HMDB0001231","NA","NA","NA","NA","HMDB"
"20452","65252","Obtusifoliol","Obtusifoliol belongs to the class of organic compounds known as ergosterols and derivatives. These are steroids containing ergosta-5;7;22-trien-3beta-ol or a derivative thereof; which is based on the 3beta-hydroxylated ergostane skeleton. ","4alpha;14alpha-Dimethyl-5alpha-ergosta-8;24(28)-dien-3beta-ol;4alpha;14alpha-Dimethyl-24-methylene-5alpha-cholesta-8-en-3beta-ol;4a;14a-Dimethyl-5a-ergosta-8;24(28)-dien-3b-ol;4α;14α-Dimethyl-5α-ergos","426.7174","C30H50O","(2S;5S;6S;7S;11R;14R;15R)-2;6;11;15-tetramethyl-14-[(2R)-6-methyl-5-methylideneheptan-2-yl]tetracyclo[8.7.0.0^{2;7}.0^{11;15}]heptadec-1(10)-en-5-ol","[H][C@@]1(CC[C@@]2(C)C3=C(CC[C@]12C)[C@@]1(C)CC[C@H](O)[C@@H](C)[C@]1([H])CC3)[C@H](C)CCC(=C)C(C)C","NA","C01943","HMDB0001242","NA","NA","NA","NA","HMDB"
"20453","50990081","4;4-Dimethyl-5a-cholesta-8;24-dien-3-b-ol","4;4-Dimethyl-5a-cholesta-8;24-dien-3-b-ol (14-demethyllanosterol) is an intermediate in sterol biosynthesis. In particular; it is an intermediate in the conversion of lanosterol to zymosterol. 4;4-Dimethyl-5a-cholesta-8;24-dien-3-b-ol is a substrate for C-4 methyl sterol oxidase.","(3beta;5alpha)-4;4-Dimethylcholesta-8;24-dien-3-ol;14-Demethyllanosterol;4;4-Dimethyl-5 alpha -cholesta-8;24-dien-3 beta -ol;4;4-Dimethyl-5-alpha-cholesta-(8;24)-dien-3-beta-ol;4;4-Dimethyl-5-alpha-ch","412.6908","C29H48O","(2S;5S;7R;11R;15R)-2;6;6;15-tetramethyl-14-[(2R)-6-methylhept-5-en-2-yl]tetracyclo[8.7.0.0^{2;7}.0^{11;15}]heptadec-1(10)-en-5-ol","[H][C@@]12CCC([C@H](C)CCC=C(C)C)[C@@]1(C)CCC1=C2CC[C@@]2([H])C(C)(C)[C@@H](O)CC[C@]12C","NA","C05108","HMDB0001286","NA","NA","NA","NA","HMDB"
"20454","24316","Cyclic GMP","Cyclic GMP; also known as CGMP or 3';5'-cyclic GMP; belongs to the class of organic compounds known as 3';5'-cyclic purine nucleotides. These are purine nucleotides in which the oxygen atoms linked to the C3 and C5 carbon atoms of the ribose moiety are both bonded the same phosphorus atom of the pho","CGMP;Guanosine 3';5'-cyclic monophosphate;Guanosine 3';5'-cyclic phosphate;Guanosine cyclic monophosphate;Guanosine 3';5'-cyclic monophosphoric acid;Guanosine 3';5'-cyclic phosphoric acid;Guanosine cy","345.2053","C10H12N5O7P","9-[(4aR;6R;7R;7aS)-2;7-dihydroxy-2-oxo-hexahydro-2λ⁵-furo[3;2-d][1;3;2]dioxaphosphinin-6-yl]-2-amino-6;9-dihydro-1H-purin-6-one","NC1=NC2=C(N=CN2[C@@H]2O[C@@H]3COP(O)(=O)O[C@H]3[C@H]2O)C(=O)N1","NA","C00942","HMDB0001314","NA","NA","NA","Q9HUK7","HMDB"
"20455","53477727","25;26-dihydroxyvitamin D","25;26-(OH)2D3 is a renal microsomal 25-OH-D3 metabolite; whose plasma concentration increases during vitamin D excess concomitantly with an increase in the concentration of lactone. This observation considered with the related structural features of 25;26-(OH)2D3 and lactone (both are oxidized at (C","25;26-Dihydroxycholecalciferol;25;26-Dihydroxyvitamin D3;9;10-Secocholesta-5;7;10(19)-triene-3b;25;26-triol;25;26-Dihydroxycholecalciferol;25;26-Dihydroxyvitamin D3;9;10-Secocholesta-5;7;10(19)-triene","416.6365","C27H44O3","(6R)-6-[(1R;3aS;5Z;7aS)-5-{2-[(1Z;5S)-5-hydroxy-2-methylidenecyclohexylidene]ethylidene}-7a-methyl-octahydro-1H-inden-1-yl]-2-methylheptane-1;2-diol","[H][C@@]12CC[C@]([H])([C@H](C)CCCC(C)(O)CO)[C@@]1(C)CCC(C2)=CC=C1C[C@@H](O)CCC1=C","NA","NA","HMDB0001420","NA","NA","NA","NA","HMDB"
"20456","133187","4;4-Dimethyl-14a-formyl-5a-cholesta-8;24-dien-3b-ol","4;4-Dimethyl-14a-formyl-5a-cholesta-8;24-dien-3b-ol; also known as 32-ketolanosterol; belongs to the class of organic compounds known as triterpenoids. These are terpene molecules containing six isoprene units. 4;4-Dimethyl-14a-formyl-5a-cholesta-8;24-dien-3b-ol is an extremely weak basic (essential","4;4-Dimethyl-14-alpha-formyl-5-alpha-cholesta-8;24-dien-3-beta-ol;32-Ketolanosterol;32-Oxolanosterol;4;4-Dimethyl-14-alpha-formyl-5-alpha-cholesta-8;24-dien-3-beta-ol;32-Ketolanosterol;32-Oxolanostero","440.7009","C30H48O2","(2S;5S;11S;14R;15R)-5-hydroxy-2;6;6;15-tetramethyl-14-[(2R)-6-methylhept-5-en-2-yl]tetracyclo[8.7.0.0²;⁷.0¹¹;¹⁵]heptadec-1(10)-ene-11-carbaldehyde","[H][C@@]1(CC[C@@]2(C=O)C3=C(CC[C@]12C)[C@@]1(C)CC[C@H](O)C(C)(C)C1CC3)[C@H](C)CCC=C(C)C","NA","NA","HMDB0001421","NA","NA","NA","NA","HMDB"
"20457","199","Agmatine","Agmatine ((4-aminobutyl)guanidine; NH2-CH2-CH2-CH2-CH2-NH-C(-NH2)(=NH)) is the decarboxylation product of the amino acid arginine and is an intermediate in polyamine biosynthesis. It is a putative neurotransmitter.","(4-Aminobutyl) guanidine;(4-Aminobutyl)guanidine;N-(4-Aminobutyl)guanidine;(4-Aminobutyl)-guanidine;1-(4-Aminobutyl)guanidine;1-Amino-4-guanidinobutane;1-Amino-4-guanidobutane;4-Guanidino-1-butanamine","130.1915","C5H14N4","N-(4-aminobutyl)guanidine","NCCCCNC(N)=N","NA","C00179","HMDB0001432","NA","NA","NA","NA","HMDB"
"20458","160520","5beta-Cholestane-3alpha;7alpha;12alpha-triol","5beta-Cholestane-3alpha;7alpha;12alpha-triol is an intermediate in bile acid biosynthesis. 5beta-Cholestane-3alpha;7alpha;12alpha-triol is the second to last step in the synthesis of 5beta-cyprinolsulfate. ","3alpha;7alpha;12alpha-Trihydroxy-5beta-cholestane;3alpha;7alpha;12alpha-Trihydroxycoprostane;3a;7a;12a-Trihydroxy-5b-cholestane;3Α;7α;12α-trihydroxy-5β-cholestane;3a;7a;12a-Trihydroxycoprostane;3Α;7α;","420.6682","C27H48O3","(1S;2S;5R;7S;9R;10R;11S;14R;15R;16S)-2;15-dimethyl-14-[(2R)-6-methylheptan-2-yl]tetracyclo[8.7.0.0^{2;7}.0^{11;15}]heptadecane-5;9;16-triol","[H][C@@]1(CC[C@@]2([H])[C@]3([H])[C@H](O)C[C@]4([H])C[C@H](O)CC[C@]4(C)[C@@]3([H])C[C@H](O)[C@]12C)[C@H](C)CCCC(C)C","NA","C05454","HMDB0001457","NA","NA","NA","NA","HMDB"
"20459","107722","7alpha-Hydroxycholesterol","7alpha-Hydroxycholesterol is an oxysterol and can serve as a biomarker for lipid peroxidation","7alpha-Hydroxy-cholesterol;Cholest-5-ene-3beta;7alpha-diol;7a-Hydroxy-cholesterol;7Α-hydroxy-cholesterol;Cholest-5-ene-3b;7a-diol;Cholest-5-ene-3β;7α-diol;7a-Hydroxycholesterol;7Α-hydroxycholesterol;7","402.663","C27H46O2","(1S;2R;5S;9S;10S;11S;14R;15R)-2;15-dimethyl-14-[(2R)-6-methylheptan-2-yl]tetracyclo[8.7.0.0^{2;7}.0^{11;15}]heptadec-7-ene-5;9-diol","[H][C@@]1(CC[C@@]2([H])[C@]3([H])[C@H](O)C=C4C[C@@H](O)CC[C@]4(C)[C@@]3([H])CC[C@]12C)[C@H](C)CCCC(C)C","NA","C03594","HMDB0001496","NA","NA","NA","NA","HMDB"
"20460","66066","Epi-coprostanol","Epi-coprostanol; also known as epicholestanol or presteron; belongs to the class of organic compounds known as cholesterols and derivatives. Cholesterols and derivatives are compounds containing a 3-hydroxylated cholestane core. ","(3-alpha;5-alpha)-Cholestan-3-ol;3alpha-Hydroxy-5alpha-cholestane;5alpha-Cholestan-3alpha-ol;Epi-cholestanol;Epicholestanol;Epidehydrocholesterin;Presteron;Dihydrin;(3-a;5-a)-Cholestan-3-ol;(3-Α;5-α)-","388.6694","C27H48O","(1S;2S;5R;7S;10R;11S;14R;15R)-2;15-dimethyl-14-[(2R)-6-methylheptan-2-yl]tetracyclo[8.7.0.0^{2;7}.0^{11;15}]heptadecan-5-ol","[H][C@@]1(CC[C@@]2([H])[C@]3([H])CC[C@@]4([H])C[C@H](O)CC[C@]4(C)[C@@]3([H])CC[C@]12C)[C@H](C)CCCC(C)C","NA","C12978","HMDB0001569","113","0.00034 mg/L at 25 °C","NA","NA","HMDB"
"20461","5994","Progesterone","The major progestational steroid that is secreted primarily by the corpus luteum and the placenta. Progesterone acts on the uterus; the mammary glands and the brain. It is required in embryo implantation; pregnancy maintenance; and the development of mammary tissue for milk production. ","(S)-4-Pregnene-3;20-dione;(S)-Pregn-4-en-3;20-dione;(S)-Progesterone;17alpha-Progesterone;4-Pregnene-3;20-dione;Agolutin;Akrolutin;Corpus luteum hormone;Crinone;Delta(4)-Pregnene-3;20-dione;Gelbkoerpe","314.4617","C21H30O2","(1S;2R;10S;11S;14S;15S)-14-acetyl-2;15-dimethyltetracyclo[8.7.0.0^{2;7}.0^{11;15}]heptadec-6-en-5-one","[H][C@@]12CC[C@H](C(C)=O)[C@@]1(C)CC[C@@]1([H])[C@@]2([H])CCC2=CC(=O)CC[C@]12C","NA","C00410","HMDB0001830","121","0.0088 mg/mL at 25 °C","NA","NA","HMDB"
"20462","14985","alpha-Tocopherol","alpha-Tocopherol is traditionally recognized as the most active form of vitamin E in humans and is a powerful biological antioxidant. ","(2R;4'R;8'R)-alpha-Tocopherol;(R;R;R)-alpha-Tocopherol;5;7;8-Trimethyltocol;d-alpha-Tocopherol;Vitamin e;(2R;4'r;8'r)-a-Tocopherol;(2R;4'R;8'R)-α-Tocopherol;a-Tocopherol;α-Tocopherol;(R;R;R)-a-Tocophe","430.7061","C29H50O2","(2R)-2;5;7;8-tetramethyl-2-[(4R;8R)-4;8;12-trimethyltridecyl]-3;4-dihydro-2H-1-benzopyran-6-ol","CC(C)CCC[C@@H](C)CCC[C@@H](C)CCC[C@]1(C)CCC2=C(C)C(O)=C(C)C(C)=C2O1","NA","C02477","HMDB0001893","3","NA","NA","NA","HMDB"
"20463","5991","17a-Ethynylestradiol","Ethinyl estradiol. A semisynthetic alkylated estradiol with a 17-alpha-ethinyl substitution. It has high estrogenic potency when administered orally; and is often used as the estrogenic component in oral contraceptives.","17-Ethinyl-3;17-estradiol;17-Ethinyl-3;17-oestradiol;17-Ethinylestradiol;17alpha-Ethinyl estradiol;Ethinyl estradiol;Ethinylestradiol;Ethinyloestradiol;Ethynyl estradiol;Estinyl;17a-Ethinyl estradiol;","296.4034","C20H24O2","(1S;10R;11S;14R;15S)-14-ethynyl-15-methyltetracyclo[8.7.0.0^{2;7}.0^{11;15}]heptadeca-2(7);3;5-triene-5;14-diol","[H][C@@]12CC[C@@](O)(C#C)[C@@]1(C)CC[C@]1([H])C3=C(CC[C@@]21[H])C=C(O)C=C3","NA","C07534","HMDB0001926","183","0.011 mg/mL at 27 °C","NA","NA","HMDB"
"20464","5283033","5b-Cholestane-3a;7a;12a;23-Tetrol","6;15-Diketo;13;14-dihydro-PGF1a; also known as 6;15DK;13;14DH-PGF1a; belongs to the class of organic compounds known as prostaglandins and related compounds. These are unsaturated carboxylic acids consisting of a 20 carbon skeleton that also contains a five member ring; and are based upon the fatty ","6;15-Dioxo-9S;11R-dihydroxy-13E-prostenoic acid;6;15DK;13;14DH-PGF1a;6;15-Dioxo-9S;11R-dihydroxy-13E-prostenoate;6;15-Diketo;13;14-dihydro-PGF1alpha;6;15-Diketo-13;14-dihydro-PGF1a;6;15-Diketo;13;14-d","436.6676","C27H48O4","(1S;2S;5R;7S;9R;10R;11S;14R;15R;16S)-14-[(2R)-4-hydroxy-6-methylheptan-2-yl]-2;15-dimethyltetracyclo[8.7.0.0²;⁷.0¹¹;¹⁵]heptadecane-5;9;16-triol","[H][C@@]1(CC[C@@]2([H])[C@]3([H])[C@H](O)C[C@]4([H])C[C@H](O)CC[C@]4(C)[C@@]3([H])C[C@H](O)[C@]12C)[C@H](C)CC(O)CC(C)C","NA","NA","HMDB0001968","NA","NA","NA","NA","HMDB"
"20465","123743","7a-Hydroxy-cholestene-3-one","7a-Hydroxy-cholestene-3-one; also known as cholest-4-en-7alpha-ol-3-one or 7 alpha-3ox-C; belongs to the class of organic compounds known as cholesterols and derivatives. Cholesterols and derivatives are compounds containing a 3-hydroxylated cholestane core. ","7alpha-Hydroxy-4-cholesten-3-one;Cholest-4-en-7alpha-ol-3-one;7a-Hydroxy-4-cholesten-3-one;7Α-hydroxy-4-cholesten-3-one;Cholest-4-en-7a-ol-3-one;Cholest-4-en-7α-ol-3-one;7 alpha-3Ox-C;7 alpha-Hydroxy-","400.6371","C27H44O2","(1S;2R;9R;10S;11S;14R;15R)-9-hydroxy-2;15-dimethyl-14-[(2R)-6-methylheptan-2-yl]tetracyclo[8.7.0.0²;⁷.0¹¹;¹⁵]heptadec-6-en-5-one","[H][C@@]1(CC[C@@]2([H])[C@]3([H])[C@H](O)CC4=CC(=O)CC[C@]4(C)[C@@]3([H])CC[C@]12C)[C@H](C)CCCC(C)C","NA","C05455","HMDB0001993","NA","NA","NA","NA","HMDB"
"20466","129846","8-Dehydrocholesterol","8-Dehydrocholesterol (8-DHC) elevated concentration is one of the diagnostic biochemical hallmarks of classical Smith-Lemli-Opitz syndrome (SLOS). Plasma 8-DHC could be only marginally elevated.","3b-Cholesta-5;8-dien-3-ol;Cholesta-5;8-dien-3 beta-ol;3b-Cholesta-5;8-dien-3-ol;Cholesta-5;8-dien-3 beta-ol;Cholesta-5;8-dien-3 beta-ol","384.6377","C27H44O","(2S;5S;11R;14R;15R)-2;15-dimethyl-14-[(2R)-6-methylheptan-2-yl]tetracyclo[8.7.0.0²;⁷.0¹¹;¹⁵]heptadeca-1(10);7-dien-5-ol","[H][C@@]1(CC[C@@]2([H])C3=C(CC[C@]12C)[C@@]1(C)CC[C@H](O)CC1=CC3)[C@H](C)CCCC(C)C","NA","NA","HMDB0002027","NA","NA","NA","NA","HMDB"
"20467","123976","27-Hydroxycholesterol","27-Hydroxycholesterol (27-HC); also known as (25R)-cholest-5-ene-3β;26-diol or by its conventional name 26-hydroxycholesterol; is an oxygenated derivative of cholesterol and a major oxysterol in circulation","(25R)-26-Hydroxycholesterol;5-Cholestene-3beta;27-diol;Cholest-5-ene-3beta;27-diol;5-Cholestene-3b;27-diol;5-Cholestene-3β;27-diol;Cholest-5-ene-3b;27-diol;Cholest-5-ene-3β;27-diol;(25R)-Cholest-5-ene","402.6529","C27H46O2","(1S;2R;5S;10S;11S;14R;15R)-14-[(2R;6R)-7-hydroxy-6-methylheptan-2-yl]-2;15-dimethyltetracyclo[8.7.0.0^{2;7}.0^{11;15}]heptadec-7-en-5-ol","[H][C@@]1(CC[C@@]2([H])[C@]3([H])CC=C4C[C@@H](O)CC[C@]4(C)[C@@]3([H])CC[C@]12C)[C@H](C)CCC[C@@H](C)CO","NA","C06340","HMDB0002103","NA","NA","NA","NA","HMDB"
"20468","21252278","27-Nor-5b-cholestane-3a;7a;12a;24;25-pentol","27-Nor-5b-cholestane-3a;7a;12a;24;25-pentol; also known as 27-nor-pentol or 27-NC-3;7;12;24;25-po; belongs to the class of organic compounds known as pentahydroxy bile acids; alcohols and derivatives. These are bile acids; alcohols or derivatives bearing five hydroxyl groups. ","27-Nor-pentol;26(Or 27)-norcholestane-3;7;12;24;25-pentol;27-NC-3;7;12;24;25-PO;27-Nor-5beta-cholestane-3alpha;7alpha;12alpha;24xi;25xi-pentol;27-Nor-5 beta-cholestane-3 alpha;7 alpha;12 alpha;24;25-p","438.6404","C26H46O5","(1S;2S;5R;7S;9R;10R;11S;14R;15R;16S)-14-[(2R)-5;6-dihydroxyheptan-2-yl]-2;15-dimethyltetracyclo[8.7.0.0²;⁷.0¹¹;¹⁵]heptadecane-5;9;16-triol","[H][C@@]1(CC[C@@]2([H])[C@]3([H])[C@H](O)C[C@]4([H])C[C@H](O)CC[C@]4(C)[C@@]3([H])C[C@H](O)[C@]12C)[C@H](C)CCC(O)C(C)O","NA","NA","HMDB0002126","NA","NA","NA","NA","HMDB"
"20469","196302","27-Norcholestanehexol","27-Norcholestanehexol is a bile alcohol. Bile alcohols have been found to be present as minor components in the bile and urine in healthy subjects. ","27-N-5-CH;27-Nor-5beta-cholestane- 3alpha;7alpha;12alpha;24alpha;24xi;25xi;26-hexol;27-Norcholestane-3;7;12;24;25;26-hexol;27-N-5-CH;27-Nor-5beta-cholestane- 3alpha;7alpha;12alpha;24alpha;24xi;25xi;26","454.6398","C26H46O6","(1S;2S;5R;7S;9R;10R;11S;14R;15R;16S)-2;15-dimethyl-14-[(2R)-5;6;7-trihydroxyheptan-2-yl]tetracyclo[8.7.0.0²;⁷.0¹¹;¹⁵]heptadecane-5;9;16-triol","[H][C@@]1(CC[C@@]2([H])[C@]3([H])[C@H](O)C[C@]4([H])C[C@H](O)CC[C@]4(C)[C@@]3([H])C[C@H](O)[C@]12C)[C@H](C)CCC(O)C(O)CO","NA","NA","HMDB0002157","NA","NA","NA","NA","HMDB"
"20470","NA","5b-Cholestane-3a;7a;12a;25;26-pentol","5b-Cholestane-3a;7a;12a;25;26-pentol is a bile alcohol. Bile alcohols have been found to be present as minor components in the bile and urine in healthy subjects. Bile alcohols are end products for cholesterol elimination as well as major biliary constituents; in mammals; cholesterol is metabolized ","3alpha;7alpha;12alpha;25;27-Pentahydroxy-5beta-cholestane;5beta-Cholestane-3alpha;7alpha;12alpha;25;26-pentol;5β-cholestane-3α;7α;12α;25;26-pentol;5 beta-Bufol;Cholestane-3;7;12;25;26-pentol;3alpha;7a","452.667","C27H48O5","(1S;2S;5R;7S;9R;10R;11S;14R;15R;16S)-14-[(2R)-6;7-dihydroxy-6-methylheptan-2-yl]-2;15-dimethyltetracyclo[8.7.0.0²;⁷.0¹¹;¹⁵]heptadecane-5;9;16-triol","[H][C@@]1(CC[C@@]2([H])[C@]3([H])[C@H](O)C[C@]4([H])C[C@H](O)CC[C@]4(C)[C@@]3([H])C[C@H](O)[C@]12C)[C@H](C)CCCC(C)(O)CO","NA","NA","HMDB0002180","NA","NA","NA","NA","HMDB"
"20471","102182","CE(12:0)","Cholesteryl lauric acid is a cholesteryl ester. A cholesteryl ester is an ester of cholesterol. Fatty acid esters of cholesterol constitute about two-thirds of the cholesterol in the plasma. Cholesterol is a sterol (a combination steroid and alcohol) and a lipid found in the cell membranes of all bo","12:0 cholesterol ester;1-dodecanoyl-cholesterol;cholesteryl 1-dodecanoate;Cholesterol Ester(12:0);CE(12:0);CE(12:0/0:0);cholesterol 1-dodecanoic acid;Cholesterol Ester(12:0/0:0);cholesterol 1-dodecano","568.956","C39H68O2","(1S;2R;5S;10S;11S;14R;15R)-2;15-dimethyl-14-[(2R)-6-methylheptan-2-yl]tetracyclo[8.7.0.0^{2;7}.0^{11;15}]heptadec-7-en-5-yl dodecanoate","[H][C@@]1(CC[C@@]2([H])[C@]3([H])CC=C4C[C@H](CC[C@]4(C)[C@@]3([H])CC[C@]12C)OC(=O)CCCCCCCCCCC)[C@H](C)CCCC(C)C","NA","C02530","HMDB0002262","NA","7.8e-11 mg/L at 25 °C","NA","NA","HMDB"
"20472","459122","Imidazolelactic acid","Imidazolelactic acid is the component of normal human urine.","1-Imidazolelactic acid;2-Hydroxy-3-(1H-imidazol-1-yl)propanoic acid;1-Imidazolelactate;2-Hydroxy-3-(1H-imidazol-1-yl)propanoate;Imidazolelactate;2-Hydroxy-3-[4-imidazolyl]-propanoate;2-Hydroxy-3-[4-im","156.1393","C6H8N2O3","2-hydroxy-3-(1H-imidazol-1-yl)propanoic acid","OC(CN1C=CN=C1)C(O)=O","NA","C05132","HMDB0002320","NA","NA","NA","NA","HMDB"
"20473","5281326","Isofucosterol","Isofucosterol; also known as delta5-avenasterol; is a phytosterol. Phytosterols; or plant sterols; are compounds that occur naturally and bear a close structural resemblance to cholesterol but have different side-chain configurations. ","(24Z)-24-Ethylcholesta-5;24(28)-dien-3beta-ol;(24Z)-Ethylidenecholesterol;(3beta)-Stigmasta-5;24(28)-dien-3-ol;(3beta;24Z)-Stigmasta-5;24(28)-dien-3-ol;(Z)-24-Ethylcholesta-5;24(28)-dien-3beta-ol;(Z)-","412.702","C29H48O","(1S;2R;5S;10S;11S;14R;15R)-2;15-dimethyl-14-[(2R;5Z)-5-(propan-2-yl)hept-5-en-2-yl]tetracyclo[8.7.0.0^{2;7}.0^{11;15}]heptadec-7-en-5-ol","[H][C@@]1(CC[C@@]2([H])[C@]3([H])CC=C4C[C@@H](O)CC[C@]4(C)[C@@]3([H])CC[C@]12C)[C@H](C)CCC(=CC)C(C)C","NA","C08821","HMDB0002374","NA","NA","NA","NA","HMDB"
"20474","5460517","Boron","Boron may be an essential nutrient for animals and humans. Physiologically; this metal/element exists as an ion in the body. Dietary boron influences the activity of many metabolic enzymes; as well as the metabolism of steroid hormones and several micronutrients; including calcium; magnesium; and vi","b(3+);Boron; ion(3+);B;Boron metallic;Trona elemental boron;b(3+);Boron; ion(3+);B;Boron metallic;Trona elemental boron;Boron; ion(3+);B;Boron metallic;Trona elemental boron","10.811","B","boron(3+) ion","[B+3]","NA","C06266","HMDB0002386","2076","NA","NA","NA","HMDB"
"20475","3034666","Cholesta-4;6-dien-3-one","Cholesta-4;6-dien-3-one is a product of the oxidation of cholesteral. It may be metabolized to 4-cholesten-3-one and cholestanol by liver; adrenals and brain. An accumulation of cholesta-4;6-dien-3-one is found in serum of patients with cerebrotendinous xanthomatosis","4;6-Cholestadien-3-one;4;6-Cholestadiene-3-one;Cholest-4;6-dien-3-one;Cholesta-4;6-diene-3-one;4;6-Cholestadien-3-one;4;6-Cholestadiene-3-one;Cholest-4;6-dien-3-one;Cholesta-4;6-diene-3-one;4;6-Choles","382.6218","C27H42O","(1S;2R;10S;11S;14R;15R)-2;15-dimethyl-14-[(2R)-6-methylheptan-2-yl]tetracyclo[8.7.0.0²;⁷.0¹¹;¹⁵]heptadeca-6;8-dien-5-one","[H][C@@]12CC[C@H]([C@H](C)CCCC(C)C)[C@@]1(C)CC[C@@]1([H])[C@@]2([H])C=CC2=CC(=O)CC[C@]12C","NA","NA","HMDB0002394","NA","NA","NA","NA","HMDB"
"20476","NA","(3a;5b;7a;12a)-24-[(carboxymethyl)amino]-1;12-dihydroxy-24-oxocholan-3-yl-b-D-Glucopyranosiduronic acid","b-D-GlucopyranosIduronic acid; (3a;5b;7a;12a)-24-[(carboxymethyl)amino]-1;12-dihydroxy-24-oxocholan-3-yl is found in the urine of leprosy patients. It is red in color similar to clofazimine. It is considered more polar than the parent drug. It is formed by hydrolytic deamination followed by glucuron","NA","641.7468","C32H51NO12","(2S;3S;4S;5R;6R)-6-{[(1S;2S;5R;7R;9R;10R;11S;15R;16S)-14-[(2R)-4-[(carboxymethyl)carbamoyl]butan-2-yl]-9;16-dihydroxy-2;15-dimethyltetracyclo[8.7.0.0^{2;7}.0^{11;15}]heptadecan-5-yl]oxy}-3;4;5-trihydroxyoxane-2-carboxylic acid","[H][C@@]12CCC([C@H](C)CCC(=O)NCC(O)=O)[C@@]1(C)[C@@H](O)C[C@@]1([H])[C@@]2([H])[C@H](O)C[C@]2([H])C[C@@H](CC[C@]12C)O[C@@H]1O[C@@H]([C@@H](O)[C@H](O)[C@H]1O)C(O)=O","NA","NA","HMDB0002472","NA","NA","NA","NA","HMDB"
"20477","9548753","19-Norandrosterone","19-Norandrosterone; also known as (3alpha;5alpha)-3-hydroxyestran-17-one; belongs to the class of organic compounds known as estrogens and derivatives. These are steroids with a structure containing a 3-hydroxylated estrane. ","19-Noreoiandrosterone;19-Noretiocholanolone;3-Hydroxyestran-17-one;19-Norandrosterone; (3alpha;5alpha)-isomer;(3alpha;5alpha)-3-Hydroxyestran-17-one;(3Α;5α)-3-hydroxyestran-17-one;3alpha-Hydroxy-5alph","276.42","C18H28O2","(1R;2S;5R;7S;10R;11S;15S)-5-hydroxy-15-methyltetracyclo[8.7.0.0^{2;7}.0^{11;15}]heptadecan-14-one","[H][C@@]12CCC(=O)[C@@]1(C)CC[C@@]1([H])[C@@]2([H])CC[C@@]2([H])C[C@H](O)CC[C@]12[H]","NA","NA","HMDB0002697","162","NA","NA","NA","HMDB"
"20478","643658","Guggulsterone","Guggulsterone is an ingredient in many nutritional supplements. ","(8XI;9xi;14xi;17E)-20-methoxypregna-4;17-diene-3;16-dione;20-Methoxy-4;17(20)e-pregnadiene-3;16-dione;4;17(20)-Pregnadiene-3;16-dione;Guggulsterone-m;(8XI;9xi;14xi;17E)-20-methoxypregna-4;17-diene-3;1","342.4718","C22H30O3","(1R;2R;10S;11S;14E;15S)-14-(1-methoxyethylidene)-2;15-dimethyltetracyclo[8.7.0.0²;⁷.0¹¹;¹⁵]heptadec-6-ene-5;13-dione","[H][C@@]12CC(=O)C(=C(/C)OC)[C@@]1(C)CC[C@]1([H])[C@]2([H])CCC2=CC(=O)CC[C@]12C","NA","NA","HMDB0002726","NA","13.75 mg/L at 25 °C","NA","NA","HMDB"
"20479","5280880","Prostaglandin A2","Produced by the seminal vesicles; prostaglandins are a group of lipid compounds that are derived enzymatically from fatty acids. Technically hormones; the prostanoid class of fatty acid derivatives is a subclass of eicosanoids. ","(15S)-PGA2;(15S)-Prostaglandin a2;5;6-cis-PGA2;Medullin;PGA2;7-[2-(3-Hydroxy-1-octenyl)-5-oxo-3-cyclopenten-1-yl]-5-heptenoic acid;(5Z;13E;15S)-15-Hydroxy-9-oxoprosta-5;10;13-trien-1-Oic acid;(+)-Pros","334.4498","C20H30O4","(5Z)-7-[(1R;2S)-2-[(1E;3S)-3-hydroxyoct-1-en-1-yl]-5-oxocyclopent-3-en-1-yl]hept-5-enoic acid","CCCCC[C@H](O)C=C[C@H]1C=CC(=O)[C@@H]1CC=C/CCCC(O)=O","NA","C05953","HMDB0002752","NA","NA","NA","P70263;  P43115","HMDB"
"20480","119207","Testosterone sulfate","Testosterone is a predominantly male hormone; though females do produce certain amounts of it. The primary female hormone is estrogen and males also produce certain amounts of this hormone. ","Testosterone-17beta-sulfate;Testosterone-17b-sulfate;Testosterone-17b-sulfuric acid;Testosterone-17b-sulphate;Testosterone-17b-sulphuric acid;Testosterone-17beta-sulfuric acid;Testosterone-17beta-sulp","368.488","C19H28O5S","[(1S;2R;10R;11S;14S;15S)-2;15-dimethyl-5-oxotetracyclo[8.7.0.0²;⁷.0¹¹;¹⁵]heptadec-6-en-14-yl]oxidanesulfonic acid","[H][C@@]12CC[C@H](OS(O)(=O)=O)[C@@]1(C)CC[C@@]1([H])[C@@]2([H])CCC2=CC(=O)CC[C@]12C","NA","NA","HMDB0002833","155","NA","NA","NA","HMDB"
"20481","10286365","11-Hydroxyandrosterone","11-Hydroxyandrosterone belongs to the class of organic compounds known as androgens and derivatives. These are 3-hydroxylated C19 steroid hormones. They are known to favor the development of masculine characteristics. ","11beta-Hydroxyandrosterone;11b-Hydroxyandrosterone;11Β-hydroxyandrosterone;11-beta-Hydroxyandrosterone;11-Hydroxy-androsterone;11-Hydroxyetiocholanolone;11beta-Hydroxy-androsterone;11 beta-Hydroxyandr","306.4397","C19H30O3","(1S;2S;5R;7S;10S;11S;15S;17S)-5;17-dihydroxy-2;15-dimethyltetracyclo[8.7.0.0²;⁷.0¹¹;¹⁵]heptadecan-14-one","[H][C@@]12CCC(=O)[C@@]1(C)C[C@H](O)[C@@]1([H])[C@@]2([H])CC[C@@]2([H])C[C@H](O)CC[C@]12C","NA","C14606","HMDB0002984","NA","251.1 mg/L at 25 °C","NA","NA","HMDB"
"20482","122196","Triiodothyronine sulfate","Triiodothyronine sulfate (T3S); also known as 3;5;3‘-triiodothyronine sulfate; is the sulfated conjugate of the thyroid hormone triiodothyronine (T3). T3; along with thyroxine (T4) are tyrosine-based hormones that are primarily responsible for regulation of metabolism.","(2S)-2-Amino-3-{3;5-diiodo-4-[3-iodo-4-(sulfooxy)phenoxy]phenyl}propanoic acid;Triiodothyronine sulfuric ester;(2S)-2-Amino-3-{3;5-diiodo-4-[3-iodo-4-(sulfooxy)phenoxy]phenyl}propanoate;(2S)-2-Amino-3","731.037","C15H12I3NO7S","(2S)-2-amino-3-{3;5-diiodo-4-[3-iodo-4-(sulfooxy)phenoxy]phenyl}propanoic acid","N[C@@H](CC1=CC(I)=C(OC2=CC(I)=C(OS(O)(=O)=O)C=C2)C(I)=C1)C(O)=O","NA","NA","HMDB0003036","NA","NA","NA","NA","HMDB"
"20483","8956","20alpha-Dihydroprogesterone","20alpha-Dihydroprogesterone is a biologically active 20-alpha-reduced metabolite of progesterone. It is converted from progesterone to 20-alpha-hydroxypregn-4-en-3-one by the 20-alpha-hydroxysteroid dehydrogenase in the corpus luteum and the placenta. ","(20S)-Hydroxypregn-4-en-3-one;(S)-20-Hydroxypregn-4-en-3-one;20alpha-Hydroxy-4-pregnen-3-one;20alpha-Hydroxypregn-4-en-3-one;20alpha-Hydroxyprogesterone;Dihydroprogesterone;20a-Hydroxy-4-pregnen-3-one","316.4776","C21H32O2","(1S;2R;10S;11S;14S;15S)-14-[(1S)-1-hydroxyethyl]-2;15-dimethyltetracyclo[8.7.0.0^{2;7}.0^{11;15}]heptadec-6-en-5-one","[H][C@@]1(CC[C@@]2([H])[C@]3([H])CCC4=CC(=O)CC[C@]4(C)[C@@]3([H])CC[C@]12C)[C@H](C)O","NA","C04042","HMDB0003069","126","NA","NA","NA","HMDB"
"20484","NA","Withanolide","Withanolides; which are extracted from Withania somnifera; are employed in the treatment of arthritis and are known to be potent inhibitors of angiogenesis; inflammation and oxidative stress. Withanolides can indeed inhibit the activation of NF-κB and NF-κB-regulated gene expression; which could exp","(4beta;5beta;6beta;22R)-5;6-Epoxy-4;20;22-trihydroxy-1-oxoergosta-2;24-dien-26-Oate;(4beta;5beta;6beta;22R)-5;6-Epoxy-4;20;22-trihydroxy-1-oxoergosta-2;24-dien-26-Oic acid;(4beta;5beta;6beta;22R)-5;6-","470.5977","C28H38O6","(1S;2R;6S;9R;11S;12S;15S;16S)-15-[(1R)-1-[(2R)-4;5-dimethyl-6-oxo-3;6-dihydro-2H-pyran-2-yl]-1-hydroxyethyl]-6-hydroxy-2;16-dimethyl-8-oxapentacyclo[9.7.0.0²;⁷.0⁷;⁹.0¹²;¹⁶]octadec-4-en-3-one","[H][C@@]12C[C@@]3([H])[C@]4([H])CC[C@]([H])([C@@](C)(O)[C@@]5([H])CC(C)=C(C)C(=O)O5)[C@@]4(C)CC[C@]3([H])[C@@]3(C)C(=O)C=C[C@H](O)C13O2","NA","NA","HMDB0003218","NA","NA","NA","NA","HMDB"
"20485","13472","Boldione","Boldione is a direct precursor (prohormone) to the anabolic steroid boldenone (1;4-androstadiene-17beta-ol-3-one). It is advertised as a highly anabolic/androgenic compound promoting muscularity; enhancing strength and overall physical performance; and is available on the Internet and in health stor","1;4-Androstadiene-3;17-dione;1-Dehydroandrostenedione;ADD;ADT;Androstadienedione;Androst-1;4-diene-3;17-dione;Boldione;Androsta-1;4-diene-3; 17-dione;Androsta-1;4-diene-3;17-dione;Androstane-1;4-diene","284.3927","C19H24O2","(1S;2R;10R;11S;15S)-2;15-dimethyltetracyclo[8.7.0.0²;⁷.0¹¹;¹⁵]heptadeca-3;6-diene-5;14-dione","[H][C@@]12CCC(=O)[C@@]1(C)CC[C@@]1([H])[C@@]2([H])CCC2=CC(=O)C=C[C@]12C","NA","C20144","HMDB0003422","NA","NA","NA","NA","HMDB"
"20486","111329","CE(5:0)","Cholesteryl pentanoate is an ester of cholesterol. Fatty acid esters of cholesterol constitute about two-thirds of the cholesterol in the plasma. Cholesterol is a sterol (a combination steroid and alcohol) and a lipid found in the cell membranes of all body tissues; and transported in the blood plas","(3b)-Cholest-5-en-3-ol pentanoate;(3b)-Cholest-5-en-3-ol pentanoic acid;5-Cholesten-3b-ol valerate;Cholest-5-en-3b-ol valerate;Cholesterol pentanoate;Cholesterol pentanoic acid;Cholesterol valerate;Ch","470.77","C32H54O2","(1S;2R;5S;10S;11S;14R;15R)-2;15-dimethyl-14-[(2R)-6-methylheptan-2-yl]tetracyclo[8.7.0.0²;⁷.0¹¹;¹⁵]heptadec-7-en-5-yl pentanoate","[H][C@@]1(CC[C@@]2([H])[C@]3([H])CC=C4C[C@H](CC[C@]4(C)[C@@]3([H])CC[C@]12C)OC(=O)CCCC)[C@H](C)CCCC(C)C","NA","C02530","HMDB0003442","NA","2.9e-07 mg/L at 25 °C","NA","NA","HMDB"
"20487","439479","3a;7a;12a-Trihydroxy-5b-cholestan-26-al","3alpha;7alpha;12alpha-Trihydroxy-5beta-cholestan-26-al is an intermediate in bile acid biosynthesis. Bile acids are steroid acids found predominantly in the bile of mammals. The distinction between different bile acids is minute; depending only on the presence or absence of hydroxyl groups on positi","(3alpha;5beta;7alpha;12alpha)-3;7;12-Trihydroxycholestan-26-al;3;7;12-Trihydroxycholestan-26-al;(3a;5b;7a;12a)-3;7;12-Trihydroxycholestan-26-al;(3Α;5β;7α;12α)-3;7;12-trihydroxycholestan-26-al;(6R)-2-M","434.6517","C27H46O4","(6R)-2-methyl-6-[(1S;2S;5R;7S;9R;10R;11S;14R;15R;16S)-5;9;16-trihydroxy-2;15-dimethyltetracyclo[8.7.0.0²;⁷.0¹¹;¹⁵]heptadecan-14-yl]heptanal","[H][C@@]1(CC[C@@]2([H])[C@]3([H])[C@H](O)C[C@]4([H])C[C@H](O)CC[C@]4(C)[C@@]3([H])C[C@H](O)[C@]12C)[C@H](C)CCCC(C)C=O","NA","C01301","HMDB0003533","NA","NA","NA","NA","HMDB"
"20488","4225619","CE(10:0)","Cholesteryl decanoate is an ester of cholesterol. Fatty acid esters of cholesterol constitute about two-thirds of the cholesterol in the plasma. Cholesterol is a sterol (a combination steroid and alcohol) and a lipid found in the cell membranes of all body tissues; and transported in the blood plasm","3b-(Decanoyloxy)-5-cholestene;5-Cholesten-3b-ol caprate;Cholest-5-en-3b-ol caprate;Cholesterol 3-decanoate;Cholesterol 3-decanoic acid;Cholesterol caprate;Cholesterol decanoate;Cholesterol decanoic ac","540.9029","C37H64O2","2;15-dimethyl-14-(6-methylheptan-2-yl)tetracyclo[8.7.0.0²;⁷.0¹¹;¹⁵]heptadec-7-en-5-yl decanoate","CCCCCCCCCC(=O)OC1CCC2(C)C3CCC4(C)C(CCC4C3CC=C2C1)C(C)CCCC(C)C","NA","C02530","HMDB0003603","79","NA","NA","NA","HMDB"
"20489","92810","5a-Pregnane-3;20-dione","5a-Pregnane-3;20-dione; also known as 5alpha-dihydroprogesterone or 3;20-allopregnanedione; belongs to the class of organic compounds known as gluco/mineralocorticoids; progestogins and derivatives. These are steroids with a structure based on a hydroxylated prostane moiety. ","3;20-Allopregnanedione;3;20-Dioxo-5alpha-pregnane;5-alpha-Dihydroprogesterone;5alpha-Dihydroprogesterone;3;20-Dioxo-5a-pregnane;3;20-Dioxo-5α-pregnane;5-a-Dihydroprogesterone;5-Α-dihydroprogesterone;5","316.4776","C21H32O2","(1S;2S;7S;10R;11S;14S;15S)-14-acetyl-2;15-dimethyltetracyclo[8.7.0.0²;⁷.0¹¹;¹⁵]heptadecan-5-one","[H][C@@]12CC[C@H](C(C)=O)[C@@]1(C)CC[C@@]1([H])[C@@]2([H])CC[C@@]2([H])CC(=O)CC[C@]12C","NA","C03681","HMDB0003759","200","NA","NA","NA","HMDB"
"20490","440114","Etiocholanedione","Etiocholanedione is a 5-beta metabolite product of the catabolism of androgens. Etiocholanedione has been identified as a ketosteroid and isolated from the urine of healthy and diseased persons.","Etiocholane-3;17-dione;Etiocholanedione;(5b)-Androstane-3;17-dione;5b-Androstane-3;17-dione;5b-Androstanedione;5beta-Androstane-3;17-dione;Etiochola-3;17-dione;Etiocholane-3;17-dione;Etiocholanedione;","288.4244","C19H28O2","(1S;2S;7R;10R;11S;15S)-2;15-dimethyltetracyclo[8.7.0.0²;⁷.0¹¹;¹⁵]heptadecane-5;14-dione","[H][C@@]12CCC(=O)[C@@]1(C)CC[C@@]1([H])[C@@]2([H])CC[C@]2([H])CC(=O)CC[C@]12C","NA","C03772","HMDB0003769","NA","NA","NA","NA","HMDB"
"20491","10634","5-Androstenediol","5-Androstenediol is a direct metabolite of the most abundant steroid produced by the human adrenal cortex; dehydroepiandrosterone (DHEA). 5-Androstenediol is less androgenic than 4-androstenediol; and stimulates the immune system. ","(3beta;17beta)-Androst-5-ene-3;17-diol;3beta;17beta-Dihydroxy-5-androstene;3beta;17beta-Dihydroxyandrost-5-ene;5-Androstenediol;Androst-5-en-3beta;17beta-diol;Androst-5-enediol;Hermaphrodiol;Androst-5","290.4403","C19H30O2","(1S;2R;5S;10R;11S;14S;15S)-2;15-dimethyltetracyclo[8.7.0.0²;⁷.0¹¹;¹⁵]heptadec-7-ene-5;14-diol","[H][C@@]12CC[C@H](O)[C@@]1(C)CC[C@@]1([H])[C@@]2([H])CC=C2C[C@@H](O)CC[C@]12C","NA","C04295","HMDB0003818","NA","NA","NA","NA","HMDB"
"20492","2723897","Cholesteryl acetate","Cholesteryl acetate is a normal human cholesteryl ester present in diverse fluids and organs. Cholesteryl acetate is also present in foods. Food oxidation affects the quality and safety of the human diet by generating compounds with biological activities that can adversely affect health.","(-)-Cholesteryl acetate;(3beta)-Cholest-5-en-3-ol acetate;3-Cholesteryl acetate;3beta-Acetoxycholest-5-ene;5-Cholesten-3beta-ol acetate;Cholest-5-en-3beta-ol acetate;Cholest-5-en-3beta-yl acetate;Chol","428.701","C29H48O2","(1S;2R;5S;10S;11S;14R;15R)-2;15-dimethyl-14-[(2R)-6-methylheptan-2-yl]tetracyclo[8.7.0.0^{2;7}.0^{11;15}]heptadec-7-en-5-yl acetate","[H][C@@]1(CC[C@@]2([H])[C@]3([H])CC=C4C[C@H](CC[C@]4(C)[C@@]3([H])CC[C@]12C)OC(C)=O)[C@H](C)CCCC(C)C","NA","NA","HMDB0003822","NA","9.7e-06 mg/L at 25 °C","NA","NA","HMDB"
"20493","440558","7-Dehydrodesmosterol","7-Dehydrodesmosterol is a sterol intermediate in the biosynthesis of steroids. 7-Dehydrodesmosterol is a substrate of the enzyme 24-dehydrocholesterol reductase (EC:1.3.1.72); an important enzyme in the biosynthesis of Cholesterol. ","24-Dehydroprovitamin D3;Cholesta-5;7;24-trien-3beta-ol;Cholesta-5;7;24-triene-3beta-ol;Cholesta-5;7;24-trien-3b-ol;Cholesta-5;7;24-trien-3β-ol;Cholesta-5;7;24-triene-3b-ol;Cholesta-5;7;24-triene-3β-ol","382.6218","C27H42O","(1S;2R;5S;11R;14R;15R)-2;15-dimethyl-14-[(2R)-6-methylhept-5-en-2-yl]tetracyclo[8.7.0.0^{2;7}.0^{11;15}]heptadeca-7;9-dien-5-ol","[H][C@@]1(CC[C@@]2([H])C3=CC=C4C[C@@H](O)CC[C@]4(C)[C@@]3([H])CC[C@]12C)[C@H](C)CCC=C(C)C","NA","C05107","HMDB0003896","NA","NA","NA","NA","HMDB"
"20494","252379","19-Hydroxyandrost-4-ene-3;17-dione","19-Hydroxyandrost-4-ene-3;17-dione; also known as 19-HAED; belongs to the class of organic compounds known as androgens and derivatives. These are 3-hydroxylated C19 steroid hormones. They are known to favor the development of masculine characteristics. ","19-Hydroxyandrostenedione;19-Hydroxy-4-androstene-3;17-dione;19-Hydroxy-4-androstene-3;17-dione; 18O-labeled;19-HAED;19-Hydroxyandrostenedione;19-Hydroxy-4-androstene-3;17-dione;19-Hydroxy-4-androsten","302.4079","C19H26O3","(1S;2S;10R;11S;15S)-2-(hydroxymethyl)-15-methyltetracyclo[8.7.0.0²;⁷.0¹¹;¹⁵]heptadec-6-ene-5;14-dione","[H][C@@]12CCC(=O)[C@@]1(C)CC[C@@]1([H])[C@@]2([H])CCC2=CC(=O)CC[C@]12CO","NA","C05290","HMDB0003955","NA","NA","NA","NA","HMDB"
"20495","53477776","7a-Hydroxytestosterone","4-Hydroxytestosterone is the 17-hydroxylated analog to formestane. It is commercially available on the internet as anabolic steroid for oral self-administration and does not have any therapeutic indication. ","(17beta)-4;17-Dihydroxy-androst-4-en-3-one;(3b;17a)-Androst-5-ene-3;17-diol;3b;17a-Dihydroxyandrost-5-ene;4;17beta-Dihydroxy-4-androstene-3-one;4-Androstene-7alpha-17beta-diol-3-one;4-OHT;7alpha-Hydro","304.4238","C19H28O3","(2R;14S;15S)-6;14-dihydroxy-2;15-dimethyltetracyclo[8.7.0.0²;⁷.0¹¹;¹⁵]heptadec-6-en-5-one","C[C@]12CCC3C(CCC4=C(O)C(=O)CC[C@]34C)C1CC[C@@H]2O","NA","C05291","HMDB0003956","155","NA","NA","NA","HMDB"
"20496","5326793","3b;5a;6b-Cholestanetriol","3b;5a;6b-Cholestanetriol; also known as cholestane-3-b;5-a;6-b-triol; belongs to the class of organic compounds known as cholesterols and derivatives. Cholesterols and derivatives are compounds containing a 3-hydroxylated cholestane core. ","3beta;5alpha;6beta-Cholestanetriol;3beta;5alpha;6beta-Trihydroxycholestane;Cholestane-3-beta;5-alpha;6-beta-triol;Cholestane-3beta-5alpha;6beta-triol;3Β;5α;6β-cholestanetriol;3b;5a;6b-Trihydroxycholes","420.6682","C27H48O3","(1S;2R;5S;7R;8R;10S;11S;14R;15R)-2;15-dimethyl-14-[(2R)-6-methylheptan-2-yl]tetracyclo[8.7.0.0²;⁷.0¹¹;¹⁵]heptadecane-5;7;8-triol","[H][C@@]12CC[C@H]([C@H](C)CCCC(C)C)[C@@]1(C)CC[C@@]1([H])[C@@]2([H])C[C@@H](O)[C@@]2(O)C[C@@H](O)CC[C@]12C","NA","C05425","HMDB0003990","NA","NA","NA","NA","HMDB"
"20497","247020","21-Hydroxypregnenolone","21-hydroxypregnenolone is an essential intermediate in corticosterone synthesis. The hydrolysis of 21-hydroxypregnenolone of fetal origin by steryl-sulfatase (SOS; EC 3.1.6.2); may be important in the biosynthesis of deoxycorticosterone","(3beta)-3;21-Dihydroxypregn-5-en-20-one;(3b)-3;21-Dihydroxypregn-5-en-20-one;(3Β)-3;21-dihydroxypregn-5-en-20-one;(3b)-3;21-Dihydroxy-pregn-5-en-20-one;3b;21-Dihydroxy-5-pregnen-20-one;3b;21-Dihydroxy","332.477","C21H32O3","2-hydroxy-1-[(1S;2R;5S;10S;11S;14S;15S)-5-hydroxy-2;15-dimethyltetracyclo[8.7.0.0²;⁷.0¹¹;¹⁵]heptadec-7-en-14-yl]ethan-1-one","[H][C@@]12CC[C@H](C(=O)CO)[C@@]1(C)CC[C@@]1([H])[C@@]2([H])CC=C2C[C@@H](O)CC[C@]12C","NA","C05485","HMDB0004026","NA","NA","NA","NA","HMDB"
"20498","222803","21-Deoxycortisol","Plasma 21-deoxycortisol (21DF) is an excellent marker of 21-hydroxylase deficiency. Currently; it is the only marker able to detect heterozygous carriers with 21-hydroxylase deficiency after Adrenocorticotropic Hormone (ACTH) stimulation. ","11b;17-Dihydroxy-pregn-4-ene-3;20-dione;11b;17-Dihydroxy-progesterone;11b;17a-Dihydroxypregn-4-ene-3;20-dione;11b;17a-Dihydroxyprogesterone;21-Dehydrohydrocortisone;21-Deoxyhydrocortisone;21-Desoxycor","346.4605","C21H30O4","(1S;2R;10S;11S;14R;15S;17R)-14-acetyl-14;17-dihydroxy-2;15-dimethyltetracyclo[8.7.0.0²;⁷.0¹¹;¹⁵]heptadec-6-en-5-one","[H][C@@]12CC[C@](O)(C(C)=O)[C@@]1(C)C[C@@H](O)[C@@]1([H])[C@@]2([H])CCC2=CC(=O)CC[C@]12C","NA","C05497","HMDB0004030","NA","NA","NA","NA","HMDB"
"20499","101788","11beta-Hydroxyprogesterone","11beta-Hydroxyprogesterone is a normal human metabolite. Plasma 11beta-Hydroxyprogesterone concentrations does not vary significantly as a function of age; sex; or phase of the menstrual cycle; in contrast to 17-hydroxyprogesterone. ","(11beta)-11-Hydroxypregn-4-ene-3;20-dione;21-Deoxycorticosterone;(11b)-11-Hydroxypregn-4-ene-3;20-dione;(11Β)-11-hydroxypregn-4-ene-3;20-dione;11b-Hydroxyprogesterone;11Β-hydroxyprogesterone;Pregn-4-e","330.4611","C21H30O3","(1S;2R;10S;11S;14S;15S;17S)-14-acetyl-17-hydroxy-2;15-dimethyltetracyclo[8.7.0.0^{2;7}.0^{11;15}]heptadec-6-en-5-one","[H][C@@]12CC[C@H](C(C)=O)[C@@]1(C)C[C@H](O)[C@@]1([H])[C@@]2([H])CCC2=CC(=O)CC[C@]12C","NA","C05498","HMDB0004031","NA","NA","NA","NA","HMDB"
"20500","167685","22b-Hydroxycholesterol","22b-Hydroxycholesterol; also known as cholest-5-en-3b;22R-diol or 22(R)OH cholesterol; belongs to the class of organic compounds known as dihydroxy bile acids; alcohols and derivatives. Dihydroxy bile acids; alcohols and derivatives are compounds containing or derived from a bile acid or alcohol; an","(3beta;22R)-Cholest-5-ene-3;22-diol;22beta-Hydroxycholesterol;22R-Hydroxycholesterol;Cholest-5-en-3beta;22R-diol;(22R)-22-Hydroxycholesterol;(3b;22R)-Cholest-5-ene-3;22-diol;(3Β;22R)-cholest-5-ene-3;2","402.6529","C27H46O2","(1S;2R;5S;10S;11S;14R;15S)-14-[(2S;3R)-3-hydroxy-6-methylheptan-2-yl]-2;15-dimethyltetracyclo[8.7.0.0²;⁷.0¹¹;¹⁵]heptadec-7-en-5-ol","[H][C@@]12CC[C@H]([C@H](C)[C@H](O)CCC(C)C)[C@@]1(C)CC[C@@]1([H])[C@@]2([H])CC=C2C[C@@H](O)CC[C@]12C","NA","C05502","HMDB0004035","NA","NA","NA","NA","HMDB"
"20501","65517","7a-Hydroxydehydroepiandrosterone","7a-Hydroxydehydroepiandrosterone is a major metabolite of dehydroepiandrosterone (DHEA); which is is 7alpha-hydroxylated by the cytochrome P450 7B1 (EC 1.14.13.100; 25-hydroxycholesterol 7alpha-hydroxylase; CYP7B1) in the human brain and liver microsomes.","(3beta;7alpha)-3;7-Dihydroxyandrost-5-en-17-one;3beta;7alpha-Dihydroxy-5-androstene-17-one;3beta;7alpha-Dihydroxyandrost-5-en-17-one;7alpha-Hydroxy-dhea;7alpha-OH-DHEA;(3b;7a)-3;7-Dihydroxyandrost-5-e","304.4238","C19H28O3","(1S;2R;5S;9S;10R;11S;15S)-5;9-dihydroxy-2;15-dimethyltetracyclo[8.7.0.0²;⁷.0¹¹;¹⁵]heptadec-7-en-14-one","[H][C@@]12CCC(=O)[C@@]1(C)CC[C@@]1([H])[C@@]2([H])[C@H](O)C=C2C[C@@H](O)CC[C@]12C","NA","C18045","HMDB0004611","182","NA","NA","NA","HMDB"
"20502","17150","Formebolone","Formebolone is a synthetic anabolic steroid. It is suspected of misuse in sports and therefore tested for in regular screening of athletes. The desire to artificially enhance physical performance in order to increase the chances to win in sports competition is supposedly as old as mankind itself. ","(11a;17b)-11;17-Dihydroxy-17-methyl-3-oxo-androsta-1;4-diene-2-carboxaldehyde;11a;17b-Dihydroxy-17-methyl-3-oxo-androsta-1;4-diene-2-carboxaldehyde;11a;17b-Dihydroxy-17-methyl-3-oxoandrosta-1;4-diene-","344.4446","C21H28O4","(1S;2R;10S;11S;14S;15S;17R)-14;17-dihydroxy-2;14;15-trimethyl-5-oxotetracyclo[8.7.0.0²;⁷.0¹¹;¹⁵]heptadeca-3;6-diene-4-carbaldehyde","[H][C@@]12CC[C@](C)(O)[C@@]1(C)C[C@@H](O)[C@@]1([H])[C@@]2([H])CCC2=CC(=O)C(C=O)=C[C@]12C","NA","NA","HMDB0004631","209","NA","NA","NA","HMDB"
"20503","444036","Fluticasone propionate","Fluticasone propionate; a medium-potency synthetic corticosteroid; is used topically to relieve inflammatory and pruritic symptoms of dermatoses and psoriasis; intranasally to manage symptoms of allergic and non-allergic rhinitis; and orally for the treatment of asthma. ","Cutivate;Flonase;Flovent;Cutivic acid;Fluticasone propionic acid;Flovent diskus 250;Flovent diskus 50;CCI-18781cutivATE;Flovent diskus 100;Flovent hfa;FLUTICASONE;CCI 18781;CCI-18781cutivic acid;Asmat","500.571","C25H31F3O5S","(1R;2S;8S;10S;11S;13R;14R;15S;17S)-1;8-difluoro-14-{[(fluoromethyl)sulfanyl]carbonyl}-17-hydroxy-2;13;15-trimethyl-5-oxotetracyclo[8.7.0.0^{2;7}.0^{11;15}]heptadeca-3;6-dien-14-yl propanoate","[H][C@@]12C[C@@H](C)[C@](OC(=O)CC)(C(=O)SCF)[C@@]1(C)C[C@H](O)[C@@]1(F)[C@@]2([H])C[C@H](F)C2=CC(=O)C=C[C@]12C","NA","NA","HMDB0005036","NA","NA","NA","NA","HMDB"
"20504","104810","CE(18:1(11Z))","CE(18:1(11Z)) is a cholesterol fatty acid ester or simply a cholesterol ester (CE). Cholesterol esters are cholesterol molecules with long-chain fatty acids linked to the hydroxyl group. They are much less polar than free cholesterol and appear to be the preferred form for transport in plasma and fo","Ba(2+);Ba2+;BARIUM ion;Barium(2+);Ba;Cholesterol 1-(11Z-octadecenoic acid);Cholesteryl 1-(11Z-octadecenoic acid);1-Vaccenoyl-cholesterol;Cholesterol 1-vaccenoic acid;Cholesterol ester(18:1/0:0);Choles","651.0996","C45H78O2","(2R;5S;15R)-2;15-dimethyl-14-[(2R)-6-methylheptan-2-yl]tetracyclo[8.7.0.0²;⁷.0¹¹;¹⁵]heptadec-7-en-5-yl (11Z)-octadec-11-enoate","CCCCCCC=C/CCCCCCCCCC(=O)O[C@H]1CC[C@]2(C)C3CC[C@]4(C)C(CCC4C3CC=C2C1)[C@H](C)CCCC(C)C","NA","C13881","HMDB0005189","NA","NA","NA","NA","HMDB"
"20505","53477794","CE(20:1(11Z))","CE(20:1(11Z)) is a cholesterol fatty acid ester or simply a cholesterol ester (CE). Cholesterol esters are cholesterol molecules with long-chain fatty acids linked to the hydroxyl group. They are much less polar than free cholesterol and appear to be the preferred form for transport in plasma and fo","1-(11-Eicosenoate;1-(11-Eicosenoic acid;1-(11-Eicosenoic acid);1-(11-Eicosenoyl)-cholesterol;1-Eicosenoyl-cholesterol;20:1 Cholesterol ester;20:1(11Z) Cholesterol ester;CE(20:1);CE(20:1/0:0);CE(20:1n9","679.1528","C47H82O2","(2R;5S;15R)-2;15-dimethyl-14-[(2R)-6-methylheptan-2-yl]tetracyclo[8.7.0.0²;⁷.0¹¹;¹⁵]heptadec-7-en-5-yl (11Z)-icos-11-enoate","CCCCCCCCC=C/CCCCCCCCCC(=O)O[C@H]1CC[C@]2(C)C3CC[C@]4(C)C(CCC4C3CC=C2C1)[C@H](C)CCCC(C)C","NA","C02530","HMDB0005193","NA","NA","NA","NA","HMDB"
"20506","439451","beta-Cortol","beta-Cortol is a normal androgen metabolite present in adults. It has been found in the urine of infants as well. beta-Cortol is the 5beta enantiomer of beta-allocortol. beta-Cortol levels are significantly higher in premenopausal women with leiomyomas than in age-matched healthy premenopausal contr","b-Cortol;Β-cortol;(3alpha;5beta;11beta;20R) Pregnane-3;11;17;20;21-pentol;3alpha;11beta;17;20beta;21-Pentahydroxypregnane;5beta-Pregnan-3alpha;11beta;20;20beta;21-pentol;5beta-Pregnane-3alpha;11beta;1","368.5075","C21H36O5","(1S;2S;5R;7R;10S;11S;14R;15S;17S)-14-[(1R)-1;2-dihydroxyethyl]-2;15-dimethyltetracyclo[8.7.0.0^{2;7}.0^{11;15}]heptadecane-5;14;17-triol","[H][C@@]12CC[C@](O)([C@H](O)CO)[C@@]1(C)C[C@H](O)[C@@]1([H])[C@@]2([H])CC[C@]2([H])C[C@H](O)CC[C@]12C","NA","C01235","HMDB0005821","NA","NA","NA","NA","HMDB"
"20507","92877","5a-Androstan-3b-ol","5a-Androstan-3b-ol is a steroidal compound belonging to the group of odorous 16-androstenes; first isolated from boar testes and also found in humans. 5a-Androstan-3b-ol has pheromone-like properties in both animals and humans; but the molecular targets of its pheromonal activity are unknown. 5a-And","(3.beta.;5.alpha.)-androstan-3-ol;(3b)-Androstan-3-ol;(3b;5a)-Androstan-3-ol;(3beta)-Androstan-3-ol;(3beta;5alpha)-Androstan-3-ol;3.beta.-hydroxy-5.alpha.-androstane;3b-Hydroxy-5a-androstane;5.alpha.-","276.4568","C19H32O","(1S;2S;5S;7S;10S;11S;15S)-2;15-dimethyltetracyclo[8.7.0.0²;⁷.0¹¹;¹⁵]heptadecan-5-ol","[H][C@@]12CCC[C@@]1(C)CC[C@@]1([H])[C@@]2([H])CC[C@@]2([H])C[C@@H](O)CC[C@]12C","NA","NA","HMDB0005830","NA","NA","NA","NA","HMDB"
"20508","101989","Androstenol","Androstenol is a steroidal compound belonging to the group of odorous 16-androstenes; first isolated from boar testes and also found in humans. Androstenol has pheromone-like properties in both animals and humans; but the molecular targets of its pheromonal activity are unknown. Androstenol as a phe","(3alpha;5alpha)-Androst-16-en-3-ol;3alpha-Hydroxyandrost-16-ene;Androst-16-en-3alpha-ol;(3a;5a)-Androst-16-en-3-ol;(3Α;5α)-androst-16-en-3-ol;3a-Hydroxyandrost-16-ene;3Α-hydroxyandrost-16-ene;Androst-","274.4409","C19H30O","(1S;2S;5R;7S;10R;11S;15R)-2;15-dimethyltetracyclo[8.7.0.0^{2;7}.0^{11;15}]heptadec-13-en-5-ol","[H][C@@]12CC=C[C@@]1(C)CC[C@@]1([H])[C@@]2([H])CC[C@@]2([H])C[C@]([H])(O)CC[C@]12C","NA","NA","HMDB0005935","142.75","3.64 mg/L at 25 °C","NA","NA","HMDB"
"20509","134506","Dehydroandrosterone","Dehydroandrosterone is a normal human androgen. It has been found dehydroandrosterone and other androgens excretion is affected by seasonal rhythms changes. In a study of patients with peptic ulcer in the stage of remission; their androgen levels were higher both in summer and winter; but in the spr","3a-Hydroxy-5-androsten-17-one;3a-Hydroxy-androst-5-en-17-one;Androst-5-en-3a-ol-17-one;D5-Androstene-3a-ol-17-one;Isoandrostenolone;Androstenolone;Dehydroisoandrosterone;5 Androsten 3 beta hydroxy 17 ","288.4244","C19H28O2","(1S;2R;5R;10R;11S;15S)-5-hydroxy-2;15-dimethyltetracyclo[8.7.0.0²;⁷.0¹¹;¹⁵]heptadec-7-en-14-one","[H][C@@]12CCC(=O)[C@@]1(C)CC[C@@]1([H])[C@@]2([H])CC=C2C[C@H](O)CC[C@]12C","NA","NA","HMDB0005962","148","NA","NA","NA","HMDB"
"20510","65555","Tetrahydrodeoxycortisol","Tetrahydrodeoxycortisol (THS) is a mineralocorticoid; the main urinary metabolite of 11-deoxycortisol. THS excretion is significantly associated with tetrahydroaldosterone excretion; total androgen excretion; and cortisol metabolites. Aldosterone synthesis is highly heritable and is affected by geno","Tetrahydro-11-deoxycortisol;11-Deoxytetrahydrocortisol;3alpha;17alpha;21-Trihydroxy-5beta-pregnan-20-one;5beta-Pregnane-3alpha;17alpha;21-triol-20-one;tetrahydro-S;Tetrahydrocortexolone;5 beta-Pregnan","350.4923","C21H34O4","1-[(1S;2S;5R;7R;10R;11S;14R;15S)-5;14-dihydroxy-2;15-dimethyltetracyclo[8.7.0.0²;⁷.0¹¹;¹⁵]heptadecan-14-yl]-2-hydroxyethan-1-one","[H][C@@]12CC[C@](O)(C(=O)CO)[C@@]1(C)CC[C@@]1([H])[C@@]2([H])CC[C@]2([H])C[C@H](O)CC[C@]12C","NA","C14594","HMDB0005972","NA","NA","NA","NA","HMDB"
"20511","53477798","Epimetendiol","Epimetendiol is one of the major urinary metabolites of the anabolic androgenic compound metandienone. Anabolic-androgenic steroids such as metandienone are some of the most frequently detected drugs in amateur and professional sports. ","(3a;5b;17a)-17-Methyl-androst-1-ene-3;17-diol;17-Epimetendiol;17b-Methyl-5b-androst-1-ene-3a;17a-diol;(3a;5b;17a)-17-Methyl-androst-1-ene-3;17-diol;17-Epimetendiol;17b-Methyl-5b-androst-1-ene-3a;17a-d","318.4935","C21H34O2","(1S;2R;5S;7R;10R;11S;14R;15S)-2;7;14;15-tetramethyltetracyclo[8.7.0.0²;⁷.0¹¹;¹⁵]heptadec-3-ene-5;14-diol","[H][C@@]12CC[C@@](C)(O)[C@@]1(C)CC[C@@]1([H])[C@@]2([H])CC[C@]2(C)C[C@H](O)C=C[C@]12C","NA","NA","HMDB0006012","NA","NA","NA","NA","HMDB"
"20512","101850","11-Ketoetiocholanolone","11-Ketoetiocholanolone is an endogenous anabolic androgenic steroid. The concentration ratio of 11-hydroxyetiocholanolone/11-hydroxyandrosterone is increased in patients with uterine leiomyomas; and it appears to be caused by a decrease in patients' metabolite of steroids. ","3alpha-Hydroxy-5beta-androstane-11;17-dione;3a-Hydroxy-5b-androstane-11;17-dione;3Α-hydroxy-5β-androstane-11;17-dione;(3alpha;5beta)-3-Hydroxy-androstane-11;17-dione;11-Oxoaetiocholanolone;11-Oxoetioc","304.4238","C19H28O3","(1S;2S;5R;7R;10S;11S;15S)-5-hydroxy-2;15-dimethyltetracyclo[8.7.0.0²;⁷.0¹¹;¹⁵]heptadecane-14;17-dione","[H][C@@]12CCC(=O)[C@@]1(C)CC(=O)[C@@]1([H])[C@@]2([H])CC[C@]2([H])C[C@H](O)CC[C@]12C","NA","C14552","HMDB0006031","NA","NA","NA","NA","HMDB"
"20513","473141","7beta-Hydroxycholesterol","7beta-Hydroxycholesterol belongs to the class of organic compounds known as cholesterols and derivatives. Cholesterols and derivatives are compounds containing a 3-hydroxylated cholestane core. Thus; 7beta-hydroxycholesterol is considered to be a sterol lipid molecule. ","(3beta;7beta)-Cholest-5-ene-3;7-diol;7-HYDROXYCHOLESTEROL;(3b;7b)-Cholest-5-ene-3;7-diol;(3Β;7β)-cholest-5-ene-3;7-diol;7b-Hydroxycholesterol;7Β-hydroxycholesterol;7 beta-Hydroxycholesterol;Cholest-5-","402.6529","C27H46O2","(1S;2R;5S;9R;10S;11S;14R;15R)-2;15-dimethyl-14-[(2R)-6-methylheptan-2-yl]tetracyclo[8.7.0.0^{2;7}.0^{11;15}]heptadec-7-ene-5;9-diol","[H][C@@]1(CC[C@@]2([H])[C@]3([H])[C@@H](O)C=C4C[C@@H](O)CC[C@]4(C)[C@@]3([H])CC[C@]12C)[C@H](C)CCCC(C)C","NA","NA","HMDB0006119","NA","NA","NA","NA","HMDB"
"20514","9547243","Ercalcitriol","Ercalcitriol is the active circulating metabolite of vitamin D2. Vitamin D2 is modified by 25-hydroxylase in the liver and 25-hydroxyvitamin D *-hydroxylase in the kidney to form the active metabolite; ercalcitriol; which is then metabolized by 25-hydroxyvitamin D-24-hydroxylase (24-OHase; CYP24A1; ","1;25-Dihydroxycalciferol;1;25-Dihydroxyergocalciferol;1;25-Dihydroxyvitamin D2;1alpha;25-Dihydroxycalciferol;1alpha;25-Dihydroxyergocalciferol;1a;25-Dihydroxycalciferol;1Α;25-dihydroxycalciferol;1a;25","428.6472","C28H44O3","(1R;3S;5Z)-5-{2-[(1R;3aS;4E;7aR)-1-[(2R;3E;5S)-6-hydroxy-5;6-dimethylhept-3-en-2-yl]-7a-methyl-octahydro-1H-inden-4-ylidene]ethylidene}-4-methylidenecyclohexane-1;3-diol","C[C@H](C=C[C@H](C)C(O)(C)C)[C@@]1([H])CC[C@@]2([H])C(CCC[C@]12C)=CC=C1C[C@@H](O)C[C@H](O)C1=C","NA","NA","HMDB0006225","NA","NA","NA","NA","HMDB"
"20515","5283748","24R;25-Dihydroxyvitamin D3","24R;25-Dihydroxyvitamin D3; also known as 24(R);25(OH)2D3; is a vitamin D metabolite; a dihydroxylated form of the seco-steroid. With the identification of a target cell; the growth plate resting zone (RC) chondrocyte; studies indicate that there are specific membrane-associated signal transduction ","(24R)-24;25-Dihydroxycholecalciferol;(24R)-24;25-Dihydroxyvitamin D3;24(R);25-Dihydroxyvitamin D3;24R;25(OH)2D3;24R;25-Dihydroxycholecalciferol;Secalciferol;Osteo D;24;25-Dihydroxycholecalciferol;24;2","416.646","C27H44O3","(3R;6R)-6-[(1R;3aS;4E;7aR)-4-{2-[(1Z;5S)-5-hydroxy-2-methylidenecyclohexylidene]ethylidene}-7a-methyl-octahydro-1H-inden-1-yl]-2-methylheptane-2;3-diol","[H][C@@]1(CC[C@@]2([H])C(CCC[C@]12C)=CC=C1C[C@@H](O)CCC1=C)[C@H](C)CC[C@@H](O)C(C)(C)O","NA","NA","HMDB0006226","NA","NA","NA","NA","HMDB"
"20516","6446280","24-Hydroxycalcitriol","24-Hydroxycalcitriol stimulates intestinal calcium transport but not bone calcium mobilization or phosphate transport reactions.","1alpha;24R;25(OH)3D3;1alpha;24R;25-Trihydroxycholecalciferol;1alpha;24R;25-Trihydroxyvitamin D3;1a;24R;25(OH)3D3;1Α;24R;25(OH)3D3;1a;24R;25-Trihydroxycholecalciferol;1Α;24R;25-trihydroxycholecalcifero","432.6359","C27H44O4","(1R;3S;5Z)-5-{2-[(1R;3aS;4E;7aR)-1-[(2R;5R)-5;6-dihydroxy-6-methylheptan-2-yl]-7a-methyl-octahydro-1H-inden-4-ylidene]ethylidene}-4-methylidenecyclohexane-1;3-diol","C[C@H](CC[C@@H](O)C(O)(C)C)[C@@]1([H])CC[C@@]2([H])C(CCC[C@]12C)=CC=C1C[C@@H](O)C[C@H](O)C1=C","NA","NA","HMDB0006228","NA","NA","NA","NA","HMDB"
"20517","53477807","25-Hydroxycholesterol","25-Hydroxycholesterol is steroid derivative that suppresses the cleavage of sterol regulatory element binding proteins (SREBPs). It also induces apoptosis through down-regulation of Bcl-2 expression and activation of caspases. 25-Hydroxycholesterol also enhances Interleukin-1 beta (IL-1beta-induced)","(beta)-Cholest-5-ene-3-25-diol;25-Hydroxy-cholesterol;25-Hydroxycholest-5-en-3-ol;5-Cholestene-3beta-25-diol;Cholest-5-en-3beta-25-diol;Cholest-5-ene-3-b;25-diol;Cholest-5-ene-3-beta;25-diol;Cholest-5","402.6529","C27H46O2","(2R;5S;10S;14R;15R)-14-[(2R)-6-hydroxy-6-methylheptan-2-yl]-2;15-dimethyltetracyclo[8.7.0.0²;⁷.0¹¹;¹⁵]heptadec-7-en-5-ol","[H]C12CC[C@H]([C@H](C)CCCC(C)(C)O)[C@@]1(C)CCC1([H])[C@@]2([H])CC=C2C[C@@H](O)CC[C@]12C","NA","C15519","HMDB0006247","172","NA","NA","NA","HMDB"
"20518","18603089","6beta-Hydroxytestosterone","DG(O-16:0/18:0/0:0) belongs to the family of Diacylglycerols. These are glycerolipids lipids containing a common glycerol backbone to which at least one fatty acyl group is esterified. DG(O-16:0/18:0/0:0) is also a substrate of diacylglycerol kinase. It is involved in the phospholipid metabolic path","2-Octadecanoyl-1-hexadecyl-sn-glycerol;(6beta;17beta)-6;17-Dihydroxyandrost-4-en-3-one;4-Androsten-6beta;17beta-diol-3-one;6beta;17beta-Dihydroxy-4-androsten-3-one;6beta;17beta-Dihydroxyandrost-4-en-3","304.4238","C19H28O3","(1S;2R;8R;10R;11S;14S;15S)-8;14-dihydroxy-2;15-dimethyltetracyclo[8.7.0.0²;⁷.0¹¹;¹⁵]heptadec-6-en-5-one","[H][C@@]12CC[C@H](O)[C@@]1(C)CC[C@@]1([H])[C@@]2([H])C[C@@H](O)C2=CC(=O)CC[C@]12C","NA","NA","HMDB0006259","172","NA","NA","NA","HMDB"
"20519","92746","Zymosterol intermediate 2","Zymosterol is the precursor of cholesterol and is found in the plasma membrane. zymosterol circulates within the cells. The structural features of zymosterol provided optimal substrate acceptability. In human fibroblasts; zymosterol is converted to cholesterol solely in the rough ER. ","5alpha-Cholesta-8;24-dien-3beta-ol;delta8;24-Cholestadien-3beta-ol;Zymostrol;5a-Cholesta-8;24-dien-3b-ol;5Α-cholesta-8;24-dien-3β-ol;delta8;24-Cholestadien-3b-ol;Δ8;24-cholestadien-3β-ol;Zymosterol in","384.6377","C27H44O","(2S;5S;7S;11R;14R;15R)-2;15-dimethyl-14-[(2R)-6-methylhept-5-en-2-yl]tetracyclo[8.7.0.0^{2;7}.0^{11;15}]heptadec-1(10)-en-5-ol","[H][C@@](C)(CCC=C(C)C)[C@@]1([H])CC[C@@]2([H])C3=C(CC[C@]12C)[C@@]1(C)CC[C@H](O)C[C@]1([H])CC3","NA","C05437","HMDB0006271","110","NA","NA","NA","HMDB"
"20520","440985","7-a;27-Dihydroxycholesterol","7-a;27-Dihydroxycholesterol; also known as cholest-5-ene-3b;7a;26-triol; belongs to the class of organic compounds known as trihydroxy bile acids; alcohols and derivatives. These are prenol lipids structurally characterized by a bile acid or alcohol which bears three hydroxyl groups. ","5-Cholestene-3beta;7alpha;26-triol;7-alpha;27-Dihydroxycholesterol;Cholest-5-ene-3beta;7alpha;26-triol;Cholest-5-ene-3beta;7alpha;27-triol;5-Cholestene-3b;7a;26-triol;5-Cholestene-3β;7α;26-triol;7-Α;2","418.6523","C27H46O3","(1S;2R;5S;9S;10S;11S;14R;15R)-14-[(2R)-7-hydroxy-6-methylheptan-2-yl]-2;15-dimethyltetracyclo[8.7.0.0²;⁷.0¹¹;¹⁵]heptadec-7-ene-5;9-diol","[H][C@@]1(CC[C@@]2([H])[C@]3([H])[C@H](O)C=C4C[C@@H](O)CC[C@]4(C)[C@@]3([H])CC[C@]12C)[C@H](C)CCCC(C)CO","NA","C06341","HMDB0006281","NA","NA","NA","NA","HMDB"
"20521","440711","20alpha-Hydroxycholesterol","20alpha-Hydroxycholesterol belongs to the class of organic compounds known as cholesterols and derivatives. Cholesterols and derivatives are compounds containing a 3-hydroxylated cholestane core. Thus; 20alpha-hydroxycholesterol is considered to be a sterol. Based on a literature review very few art","20a-Hydroxycholesterol;20Α-hydroxycholesterol;(20S)-20-Hydroxycholesterol;(20S)-Cholest-5-ene-3 beta;20-diol;20 alpha-Hydroxycholesterol;20-Hydroxycholesterol;20-Hydroxycholesterol; (3beta;20 xi)-isom","402.6529","C27H46O2","(1S;2R;5S;10S;11S;14S;15S)-14-[(2R)-2-hydroxy-6-methylheptan-2-yl]-2;15-dimethyltetracyclo[8.7.0.0²;⁷.0¹¹;¹⁵]heptadec-7-en-5-ol","CC(C)CCC[C@@](C)(O)[C@H]1CC[C@H]2[C@@H]3CC=C4C[C@@H](O)CC[C@]4(C)[C@H]3CC[C@]12C","NA","C05500","HMDB0006283","NA","NA","NA","NA","HMDB"
"20522","12918533","Calcitroic acid","Calcitroic acid (1 alpha-hydroxy-23 carboxy-24;25;26;27-tetranorvitamin D(3)) is a metabolite of 1 alpha; 25-dihydroxyvitamin D(3) (calcitriol). It is soluble in water; and is excreted in urine. This deactivation process involves a series of oxidation reactions at C24 and C23 leading to side-chain c","Calcitroate;(3R)-3-[(1R;3AR;4E;7ar)- 4-[(2Z)-2-[(3R;5R)-3;5- dihydroxy-2-methylene-cyclohexylidene]ethylidene] -7a-methyl-2;3;3a;5;6;7-hexahydro-1H -inden-1-yl]butanoate;(3R)-3-[(1R;3AR;4E;7ar)- 4-[(2","374.5137","C23H34O4","(3R)-3-[(1R;3aS;4E;7aR)-4-{2-[(1E;3S;5R)-3;5-dihydroxy-2-methylidenecyclohexylidene]ethylidene}-7a-methyl-octahydro-1H-inden-1-yl]butanoic acid","[H][C@@]12CC[C@H]([C@H](C)CC(O)=O)[C@@]1(C)CCCC2=C/C=C1C[C@@H](O)C[C@H](O)C1=C","NA","NA","HMDB0006472","NA","NA","NA","NA","HMDB"
"20523","11199982","Previtamin D3","Previtamin D3; also known as tachysterol(3) or precalciferol; belongs to the class of organic compounds known as vitamin d and derivatives. Vitamin D and derivatives are compounds containing a secosteroid backbone; usually secoergostane or secocholestane. Based on a literature review very few articl","(3beta;6Z)-9;10-Secocholesta-5(10);6;8-trien-3-ol;(6Z)-(3S)-9;10-Seco-5(10);6;8-cholestatrien-3-ol;Previtamin D(3);Previtamin d_3 / precholecalciferol / (6Z)-tacalciol;Previtamin D(3); (3beta;6E)-isom","384.6377","C27H44O","(1S)-3-[(Z)-2-[(1R;7aR)-7a-methyl-1-[(2R)-6-methylheptan-2-yl]-2;3;3a;6;7;7a-hexahydro-1H-inden-4-yl]ethenyl]-4-methylcyclohex-3-en-1-ol","CC(C)CCC[C@@H](C)[C@H]1CCC2([H])C(=CCC[C@]12C)C=C/C1=C(C)CC[C@H](O)C1","NA","C07711","HMDB0006500","NA","NA","NA","NA","HMDB"
"20524","111049","Lumisterol 3","Lumisterol 3 is a normal human secosterooid metabolite from the class of vitamin D3 photoisomer derivatives. It is synthesized from 7-Dehydrocholesterol in the epidermis in response to ultraviolet irradiation. When human skin is exposed to ultraviolet radiation; epidermal 7-dehydrocholesterol is con","(3b;9b;10a)-Cholesta-5;7-dien-3-ol;9b;10a-Cholesta-5;7-dien-3b-ol;9beta;10alpha-Cholesta-5;7-dien-3beta-ol;(3b;9b;10a)-Cholesta-5;7-dien-3-ol;9b;10a-Cholesta-5;7-dien-3b-ol;9beta;10alpha-Cholesta-5;7-","384.6377","C27H44O","(1R;2S;5S;11R;14R;15R)-2;15-dimethyl-14-[(2R)-6-methylheptan-2-yl]tetracyclo[8.7.0.0²;⁷.0¹¹;¹⁵]heptadeca-7;9-dien-5-ol","[H][C@@]1(CC[C@@]2([H])C3=CC=C4C[C@@H](O)CC[C@@]4(C)[C@]3([H])CC[C@]12C)[C@H](C)CCCC(C)C","NA","NA","HMDB0006505","NA","NA","NA","NA","HMDB"
"20525","12303099","5;6-trans-Vitamin D3","5;6-trans-vitamin D3 is the result of photodegradation of vitamin D3; and once formed in the skin; exposure to sunlight results in its rapid photodegradation to a variety of photoproducts. During chronic exposure to sunlight vitamin D3 in the skin can be photoisomerized to a variety of photoproducts","3-[(2E)-2-[(1R;3AS;7ar)-1-[(1R)-1;5-dimethylhexyl]octahydro-7a-methyl-4H-inden-4-ylidene]ethylidene]-4-methylene-cyclohexanol;5;6-trans-Cholecalciferol;trans-Vitamin D3;3-[(2E)-2-[(1R;3AS;7ar)-1-[(1R)","384.6377","C27H44O","(1S;3E)-3-{2-[(1R;4E;7aR)-7a-methyl-1-[(2R)-6-methylheptan-2-yl]-octahydro-1H-inden-4-ylidene]ethylidene}-4-methylidenecyclohexan-1-ol","CC(C)CCC[C@@H](C)[C@H]1CCC2([H])C(CCC[C@]12C)=CC=C1/C[C@@H](O)CCC1=C","NA","NA","HMDB0006719","NA","NA","NA","NA","HMDB"
"20526","13072270","23S;25-dihydroxyvitamin D3","23S;25-dihydroxyvitamin D3 (23S;25-(OH)2D3) is a circulating metabolite of vitamin D3 during vitamin D excess. During hypocalcemia or hypovitaminosis D; 25-OH-D3 is 1alpha-hydroxylated; primarily in kidney; to produce 1;25-(OH)2D3. ","(3beta;5Z;7E)-9;10-Secocholesta-5;7;10(19)-triene-3;23;25-triol;23;25-Dihydroxycholecalciferol;23;25-Dihydroxyvitamin D3;23S;25-Dihydroxyvitamin D;23;25-Dihydroxyvitamin D3; (3beta;5Z;7E;23R)-isomer;2","416.6365","C27H44O3","(6R)-6-[(1R;4E;7aR)-4-{2-[(1Z;5R)-5-hydroxy-2-methylidenecyclohexylidene]ethylidene}-7a-methyl-octahydro-1H-inden-1-yl]-2-methylheptane-2;4-diol","OC(C[C@@H](C)[C@H]1CCC2([H])C(CCC[C@]12C)=CC=C1C[C@H](O)CCC1=C)CC(O)(C)C","NA","NA","HMDB0006720","NA","NA","NA","NA","HMDB"
"20527","99486","CE(14:0)","CE(14:0) is a cholesterol fatty acid ester or simply a cholesterol ester (CE). Cholesterol esters are cholesterol molecules with long-chain fatty acids linked to the hydroxyl group. They are much less polar than free cholesterol and appear to be the preferred form for transport in plasma and for sto","1-Myristoyl-cholesterol;CE(14:0/0:0);Cholesterol 1-tetradecanoic acid;Cholesterol ester(14:0);Cholesterol ester(14:0/0:0);Cholesteryl tetradecanoate;Cholesterol 1-tetradecanoate;Cholesteryl tetradecan","597.0092","C41H72O2","(1S;2R;5S;10S;11S;14R;15R)-2;15-dimethyl-14-[(2R)-6-methylheptan-2-yl]tetracyclo[8.7.0.0²;⁷.0¹¹;¹⁵]heptadec-7-en-5-yl tetradecanoate","[H][C@@]1(CC[C@@]2([H])[C@]3([H])CC=C4C[C@H](CC[C@]4(C)[C@@]3([H])CC[C@]12C)OC(=O)CCCCCCCCCCCCC)[C@H](C)CCCC(C)C","NA","NA","HMDB0006725","NA","7.4e-12 mg/L at 25 °C","NA","NA","HMDB"
"20528","6479222","CE(20:4(5Z;8Z;11Z;14Z))","CE(20:4(5Z;8Z;11Z;14Z)) is a cholesterol fatty acid ester or simply a cholesterol ester (CE). Cholesterol esters are cholesterol molecules with long-chain fatty acids linked to the hydroxyl group. ","(5Z;8Z;11Z;14Z-Eicosatetraenoate;(5Z;8Z;11Z;14Z-Eicosatetraenoate);(5Z;8Z;11Z;14Z-Eicosatetraenoic acid;20:4 Cholesterol ester;Cholest-5-en-3-ol (3beta)- 5;8;11;14-eicosatetraenoate;Cholest-5-en-3-ol ","673.123","C47H76O2","(2R;5S;15R)-2;15-dimethyl-14-[(2R)-6-methylheptan-2-yl]tetracyclo[8.7.0.0^{2;7}.0^{11;15}]heptadec-7-en-5-yl (5Z;8Z;11Z;14Z)-icosa-5;8;11;14-tetraenoate","CCCCCC=C/CC=C/CC=C/CC=C/CCCC(=O)O[C@H]1CC[C@]2(C)C3CC[C@]4(C)C(CCC4C3CC=C2C1)[C@H](C)CCCC(C)C","NA","C02530","HMDB0006726","NA","NA","NA","NA","HMDB"
"20529","131150","CE(22:0)","CE(22:0) is a cholesterol fatty acid ester or simply a cholesterol ester (CE). Cholesterol esters are cholesterol molecules with long-chain fatty acids linked to the hydroxyl group. They are much less polar than free cholesterol and appear to be the preferred form for transport in plasma and for sto","1-Tetradecanoyl-2-octadecanoyl-sn-glycero-3-phosphocholine;GPCho(14:0/18:0);Phosphatidylcholine(14:0/18:0);1-Myristoyl-2-stearoylphosphatidylcholine;1m-2S-PC;GPCho(32:0);Lecithin;Phosphatidylcholine(3","709.2218","C49H88O2","(2R;5S;15R)-2;15-dimethyl-14-[(2R)-6-methylheptan-2-yl]tetracyclo[8.7.0.0²;⁷.0¹¹;¹⁵]heptadec-7-en-5-yl docosanoate","CCCCCCCCCCCCCCCCCCCCCC(=O)O[C@H]1CC[C@]2(C)C3CC[C@]4(C)C(CCC4C3CC=C2C1)[C@H](C)CCCC(C)C","NA","NA","HMDB0006727","NA","NA","NA","NA","HMDB"
"20530","53477888","CE(24:1(15Z))","Cholesteryl nervonic acid is a cholesteryl ester. A cholesteryl ester is an ester of cholesterol. Fatty acid esters of cholesterol constitute about two-thirds of the cholesterol in the plasma. Cholesterol is a sterol (a combination steroid and alcohol) and a lipid found in the cell membranes of all ","24:1 Cholesterol ester;Cholest-5-en-3beta-yl (15Z-tetracosenoate;Cholest-5-en-3beta-yl (15Z-tetracosenoate);Cholest-5-en-3beta-yl (15Z-tetracosenoic acid;Cholesteryl nervonic acid;Cholesterol 1-nervon","735.2591","C51H90O2","(1S;2R;5S;10S;11S;14R;15R)-2;15-dimethyl-14-[(2R)-6-methylheptan-2-yl]tetracyclo[8.7.0.0^{2;7}.0^{11;15}]heptadec-7-en-5-yl (15Z)-tetracos-15-enoate","CCCCCCCCC=C/CCCCCCCCCCCCCC(=O)O[C@H]1CC[C@@]2(C)C(=CC[C@@]3([H])[C@]4([H])CC[C@]([H])([C@H](C)CCCC(C)C)[C@@]4(C)CC[C@]23[H])C1","NA","C02530","HMDB0006728","NA","NA","NA","NA","HMDB"
"20531","16061341","CE(22:4(7Z;10Z;13Z;16Z))","Cholesteryl docosatetraenoic acid is a cholesteryl ester. A cholesteryl ester is an ester of cholesterol. Fatty acid esters of cholesterol constitute about two-thirds of the cholesterol in the plasma. Cholesterol is a sterol (a combination steroid and alcohol) and a lipid found in the cell membranes","22:4 Cholesterol ester;Cholest-5-en-3beta-yl (7Z;10Z;13Z;16Z-docosatetraenoate;Cholest-5-en-3beta-yl (7Z;10Z;13Z;16Z-docosatetraenoic acid;Cholesteryl docosatetraenoate;Cholesteryl docosatetraenoic ac","701.177","C49H80O2","(2R;5S;15R)-2;15-dimethyl-14-[(2R)-6-methylheptan-2-yl]tetracyclo[8.7.0.0^{2;7}.0^{11;15}]heptadec-7-en-5-yl (7Z;10Z;13Z;16Z)-docosa-7;10;13;16-tetraenoate","CCCCCC=C/CC=C/CC=C/CC=C/CCCCCC(=O)O[C@H]1CC[C@]2(C)C3CC[C@]4(C)C(CCC4C3CC=C2C1)[C@H](C)CCCC(C)C","NA","C02530","HMDB0006729","NA","NA","NA","NA","HMDB"
"20532","53477889","CE(20:5(5Z;8Z;11Z;14Z;17Z))","Cholesteryl eicosapentaenoic acid is a cholesteryl ester. A cholesteryl ester is an ester of cholesterol. Fatty acid esters of cholesterol constitute about two-thirds of the cholesterol in the plasma. Cholesterol is a sterol (a combination steroid and alcohol) and a lipid found in the cell membranes","(3b)-Cholest-5-en-3-ol  (5Z;8Z;11Z;14Z;17Z)-5;8;11;14;17-eicosapentaenoate;(3b)-Cholest-5-en-3-ol  (5Z;8Z;11Z;14Z;17Z)-5;8;11;14;17-eicosapentaenoic acid;(3b)-Cholest-5-en-3-ol (all-Z)-5;8;11;14;17-ei","671.0893","C47H74O2","(2R;5S;15R)-2;15-dimethyl-14-[(2R)-6-methylheptan-2-yl]tetracyclo[8.7.0.0^{2;7}.0^{11;15}]heptadec-7-en-5-yl (5Z;8Z;11Z;14Z;17Z)-icosa-5;8;11;14;17-pentaenoate","CCC=C/CC=C/CC=C/CC=C/CC=C/CCCC(=O)O[C@H]1CC[C@]2(C)C3CC[C@]4(C)C(CCC4C3CC=C2C1)[C@H](C)CCCC(C)C","NA","C02530","HMDB0006731","NA","NA","NA","NA","HMDB"
"20533","53477890","CE(22:6(4Z;7Z;10Z;13Z;16Z;19Z))","Cholesteryl docosahexaenoic acid is a cholesteryl ester. A cholesteryl ester is an ester of cholesterol. Fatty acid esters of cholesterol constitute about two-thirds of the cholesterol in the plasma. Cholesterol is a sterol (a combination steroid and alcohol) and a lipid found in the cell membranes ","22:6 Cholesterol ester;Cholest-5-en-3beta-yl (4Z;7Z;10Z;13Z;16Z;19Z-docosahexaenoate;Cholest-5-en-3beta-yl (4Z;7Z;10Z;13Z;16Z;19Z-docosahexaenoate);Cholest-5-en-3beta-yl (4Z;7Z;10Z;13Z;16Z;19Z-docosah","697.1265","C49H76O2","(2R;5S;15R)-2;15-dimethyl-14-[(2R)-6-methylheptan-2-yl]tetracyclo[8.7.0.0²;⁷.0¹¹;¹⁵]heptadec-7-en-5-yl (4Z;7Z;10Z;13Z;16Z;19Z)-docosa-4;7;10;13;16;19-hexaenoate","CCC=C/CC=C/CC=C/CC=C/CC=C/CC=C/CCC(=O)O[C@H]1CC[C@]2(C)C3CC[C@]4(C)C(CCC4C3CC=C2C1)[C@H](C)CCCC(C)C","NA","C02530","HMDB0006733","NA","NA","NA","NA","HMDB"
"20534","53477895","CE(20:2(6Z;9Z))","Cholesteryl eicosadienoic acid is a cholesteryl ester. A cholesteryl ester is an ester of cholesterol. Fatty acid esters of cholesterol constitute about two-thirds of the cholesterol in the plasma. Cholesterol is a sterol (a combination steroid and alcohol) and a lipid found in the cell membranes of","LacCer(D18:1/16:0);N-(Hexadecanoyl)-1-b-lactosyl-sphing-4-enine;1-O-(4-O-b-D-Galactopyranosyl-b-D-glucopyranosyl)-ceramide;1-O-(4-O-beta-D-Galactopyranosyl-beta-glucopyranosyl)ceramide;1-O-(4-O-beta-d","677.1369","C47H80O2","(2R;5S;15R)-2;15-dimethyl-14-[(2R)-6-methylheptan-2-yl]tetracyclo[8.7.0.0²;⁷.0¹¹;¹⁵]heptadec-7-en-5-yl (11Z;14Z)-icosa-11;14-dienoate","CCCCCC=C/CC=C/CCCCCCCCCC(=O)O[C@H]1CC[C@]2(C)C3CC[C@]4(C)C(CCC4C3CC=C2C1)[C@H](C)CCCC(C)C","NA","C01290","HMDB0006734","NA","NA","NA","NA","HMDB"
"20535","53477892","CE(20:3(8Z;11Z;14Z))","Cholesteryl eicosatrienoic acid is a cholesteryl ester. A cholesteryl ester is an ester of cholesterol. Fatty acid esters of cholesterol constitute about two-thirds of the cholesterol in the plasma. Cholesterol is a sterol (a combination steroid and alcohol) and a lipid found in the cell membranes o","20:3 Cholesterol ester;Cholest-5-en-3beta-yl (8Z;11Z;14Z-eicosatrienoate;Cholest-5-en-3beta-yl (8Z;11Z;14Z-eicosatrienoate);Cholest-5-en-3beta-yl (8Z;11Z;14Z-eicosatrienoic acid;Cholesteryl eicosatrie","675.121","C47H78O2","(2R;5S;15R)-2;15-dimethyl-14-[(2R)-6-methylheptan-2-yl]tetracyclo[8.7.0.0²;⁷.0¹¹;¹⁵]heptadec-7-en-5-yl (8Z;11Z;14Z)-icosa-8;11;14-trienoate","CCCCCC=C/CC=C/CC=C/CCCCCCC(=O)O[C@H]1CC[C@@]2(C)C(=CCC3C4CCC([C@H](C)CCCC(C)C)[C@@]4(C)CCC23)C1","NA","C02530","HMDB0006736","NA","NA","NA","NA","HMDB"
"20536","53477893","CE(22:2(13Z;16Z))","Cholesteryl docosadienoic acid is a cholesteryl ester. A cholesteryl ester is an ester of cholesterol. Fatty acid esters of cholesterol constitute about two-thirds of the cholesterol in the plasma. Cholesterol is a sterol (a combination steroid and alcohol) and a lipid found in the cell membranes of","22:2 Cholesterol ester;Cholest-5-en-3beta-yl (13Z;16Z-docosadienoate;Cholest-5-en-3beta-yl (13Z;16Z-docosadienoate);Cholest-5-en-3beta-yl (13Z;16Z-docosadienoic acid;Cholesteryl docosadienoate;Cholest","705.1901","C49H84O2","(2R;5S;15R)-2;15-dimethyl-14-[(2R)-6-methylheptan-2-yl]tetracyclo[8.7.0.0²;⁷.0¹¹;¹⁵]heptadec-7-en-5-yl (13Z;16Z)-docosa-13;16-dienoate","CCCCCC=C/CC=C/CCCCCCCCCCCC(=O)O[C@H]1CC[C@]2(C)C3CC[C@]4(C)C(CCC4C3CC=C2C1)[C@H](C)CCCC(C)C","NA","C02530","HMDB0006737","NA","NA","NA","NA","HMDB"
"20537","14274981","CE(19:0)","Cholesteryl nonadecanoic acid is a cholesteryl ester. Cholesteryl ester (CE) is the major transport and storage form of cholesterol in lipoprotein particles and most cell types. Molecular composition of CE species is of high interest for arteriosclerosis research","19:0 Cholesterol ester;19:0 Cholesteryl ester;CE 19:0;Cholest-5-en-3beta-yl nonadecanoate;Nonadecanoylcholesterol;Cholest-5-en-3b-yl nonadecanoate;Cholest-5-en-3b-yl nonadecanoic acid;Cholest-5-en-3be","667.1421","C46H82O2","(1S;2R;5S;10S;11S;14R;15R)-2;15-dimethyl-14-[(2R)-6-methylheptan-2-yl]tetracyclo[8.7.0.0²;⁷.0¹¹;¹⁵]heptadec-7-en-5-yl nonadecanoate","[H][C@@]1(CC[C@@]2([H])[C@]3([H])CC=C4C[C@H](CC[C@]4(C)[C@@]3([H])CC[C@]12C)OC(=O)CCCCCCCCCCCCCCCCCC)[C@H](C)CCCC(C)C","NA","C02530","HMDB0006738","NA","NA","NA","NA","HMDB"
"20538","53477894","CE(20:0)","CE(20:0) is a cholesterol fatty acid ester or simply a cholesterol ester (CE). Cholesterol esters are cholesterol molecules with long-chain fatty acids linked to the hydroxyl group. They are much less polar than free cholesterol and appear to be the preferred form for transport in plasma and for sto","1-Arachidonyl-cholesterol;20:0 Cholesterol ester;CE(20:0/0:0);Cholest-5-en-3b-yl eicosanoate;Cholest-5-en-3b-yl eicosanoic acid;Cholesterol 1-arachidonyl;Cholesterol 1-eicosanoate;Cholesterol 1-eicosa","681.1687","C47H84O2","(2R;5S;15R)-2;15-dimethyl-14-[(2R)-6-methylheptan-2-yl]tetracyclo[8.7.0.0²;⁷.0¹¹;¹⁵]heptadec-7-en-5-yl icosanoate","CCCCCCCCCCCCCCCCCCCC(=O)O[C@H]1CC[C@]2(C)C3CC[C@]4(C)C(CCC4C3CC=C2C1)[C@H](C)CCCC(C)C","NA","C02530","HMDB0006740","85","NA","NA","NA","HMDB"
"20539","101770","5alpha-Cholest-8-en-3beta-ol","5alpha-Cholest-8-en-3beta-ol; also known as zymostenol; is a normal human metabolite and an intermediate of cholesterol synthesis. ","Cholestenol;Zymostenol;​5a-cholest-8-en-3b-ol;​5α-cholest-8-en-3β-ol;(3beta;5alpha)Cholestenol;3beta-Hydroxy-8(9)-cholestene;3beta-Hydroxycholest-8(9)-ene;5-alpha-Cholest-8-en-3-beta-ol;5alpha-Cholest","386.6535","C27H46O","(2S;5S;7S;11R;14R;15R)-2;15-dimethyl-14-[(2R)-6-methylheptan-2-yl]tetracyclo[8.7.0.0^{2;7}.0^{11;15}]heptadec-1(10)-en-5-ol","[H][C@@]1(CC[C@@]2([H])C3=C(CC[C@]12C)[C@@]1(C)CC[C@H](O)C[C@]1([H])CC3)[C@H](C)CCCC(C)C","NA","C03845","HMDB0006841","NA","NA","NA","NA","HMDB"
"20540","53481015","2-Methylerythritol","2-C-methyl-D-erythritol is a soluble carbohydrate that is found in certain higher plants. In particular; it can be found in the petals; leaves and stems of certain flowering plants","(2R;3S)-2-Methyl-1;2;3;4-butanetetrol;2-C-Methyl-D-erythritol;2-C-Methylerythritol;3-Methylerythritol;[S-(R;S)]-2-Methyl-1;2;3;4-butanetetrol;3-C-Methylerythritol;2-Methylerythritol;(2R;3S)-2-Methyl-1","136.1464","C5H12O4","(3S)-2-methylbutane-1;2;3;4-tetrol","CC(O)(CO)[C@@H](O)CO","NA","NA","HMDB0011659","NA","NA","NA","NA","HMDB"
"20541","24771808","2;3;4;5-Tetrahydro-2-pyridinecarboxylic acid","2;3;4;5-Tetrahydro-2-pyridinecarboxylic acid (CAS: 3038-89-9); also known as 2;3;4;5-tetrahydropiperidine-2-carboxylate and 1-piperideine-6-carboxylic acid; is a cyclic intermediate in lysine degradation. L-Lysine is an essential amino acid that is a necessary building block for all protein in the b","(S)-2;3;4;5-Tetrahydropyridine-2-carboxylic acid;delta1-Piperideine-6-L-carboxylate;Delta(1)-Piperideine-6-L-carboxylic acid;(S)-2;3;4;5-Tetrahydropyridine-2-carboxylate;delta1-Piperideine-6-L-carboxy","127.1412","C6H9NO2","(2S)-2;3;4;5-tetrahydropyridine-2-carboxylic acid","OC(=O)[C@@H]1CCCC=N1","NA","C00450","HMDB0012130","NA","NA","NA","NA","HMDB"
"20542","440077","(S)-5-Amino-3-oxohexanoate","(S)-5-Amino-3-oxohexanoate is an intermediate in lysine degradation. L-Lysine is an essential amino acid that is a necessary building block for all protein in the body","(S)-5-Amino-3-oxohexanoic acid;(S)-5-amino-3-oxo-Hexanoic acid;(S)-5-amino-3-oxo-Hexanoate;3-keto-5-Aminohexanoate;3-keto-5-Aminohexanoic acid;5-amino-3-Oxohexanoate;5-amino-3-Oxohexanoic acid;(S)-5-A","145.1564","C6H11NO3","(5S)-5-amino-3-oxohexanoic acid","C[C@H](N)CC(=O)CC(O)=O","NA","C03656","HMDB0012131","NA","NA","NA","NA","HMDB"
"20543","439954","2-Keto-6-aminocaproate","2-Keto-6-aminocaproate is an intermediate in lysine degradation and can be formed from L-lysine. ","2-oxo-6-Aminocaproate;6-Amino-2-oxohexanoate;2-oxo-6-Aminocaproic acid;6-Amino-2-oxohexanoic acid;2-Keto-6-aminocaproic acid;2-keto-6-amino-Caproate;2-keto-6-amino-Caproic acid;2-oxo-6-Aminohexanoate;","145.1564","C6H11NO3","6-amino-2-oxohexanoic acid","NCCCCC(=O)C(O)=O","NA","C03239","HMDB0012151","NA","NA","NA","NA","HMDB"
"20544","22569148","2-Hydroxyestrone sulfate","2-Hydroxyestrone sulfate is a sulfate derivative of Estrone. Estrone (also oestrone) is an estrogenic hormone secreted by the ovary. ","2-Hydroxyestrone sulfuric acid;2-Hydroxyestrone sulphate;2-Hydroxyestrone sulphuric acid;1;3;5(10)-Triene-2;3-diol-17-one 3-sulfate;1;3;5(10)-Triene-2;3-diol-17-one 3-sulphate;2;3-Dihydroxyestra-1;3;5","366.43","C18H22O6S","{4-hydroxy-15-methyl-14-oxotetracyclo[8.7.0.0^{2;7}.0^{11;15}]heptadeca-2(7);3;5-trien-5-yl}oxidanesulfonic acid","CC12CCC3C(CCC4=C3C=C(O)C(OS(O)(=O)=O)=C4)C1CCC2=O","NA","NA","HMDB0012622","NA","NA","NA","NA","HMDB"
"20545","53481501","2-Hydroxyestrone-1-S-glutathione","2-Hydroxyestrone-1-S-glutathione is a glutathione conjugate derivative of Estrone. Estrone (also oestrone) is an estrogenic hormone secreted by the ovary.","2;3-Dihydroxy-1;3;5[10]-estratriene-17-one-1-S-glutathione;(2R)-2-Amino-4-{[(1S)-1-[(carboxymethyl)-C-hydroxycarbonimidoyl]-2-{[(15S)-4;5-dihydroxy-15-methyl-14-oxotetracyclo[8.7.0.0²;⁷.0¹¹;¹⁵]heptade","591.673","C28H37N3O9S","(2R)-2-amino-4-{[(1S)-1-[(carboxymethyl)carbamoyl]-2-{[(15S)-4;5-dihydroxy-15-methyl-14-oxotetracyclo[8.7.0.0^{2;7}.0^{11;15}]heptadeca-2(7);3;5-trien-3-yl]sulfanyl}ethyl]carbamoyl}butanoic acid","C[C@]12CCC3C(CCC4=C3C(SC[C@@H](NC(=O)CC[C@@H](N)C(O)=O)C(=O)NCC(O)=O)=C(O)C(O)=C4)C1CCC2=O","NA","NA","HMDB0012623","NA","NA","NA","NA","HMDB"
"20546","53481502","2-Hydroxyestrone-4-S-glutathione","2-Hydroxyestrone-4-S-glutathione is a glutathione conjugate derivative of Estrone. Estrone (also oestrone) is an estrogenic hormone secreted by the ovary.","2;3-Dihydroxy-1;3;5[10]-estratriene-17-one-4-S-glutathione;(2R)-2-Amino-4-{[(1S)-1-[(carboxymethyl)-C-hydroxycarbonimidoyl]-2-{[(15S)-4;5-dihydroxy-15-methyl-14-oxotetracyclo[8.7.0.0²;⁷.0¹¹;¹⁵]heptade","591.673","C28H37N3O9S","(2R)-2-amino-4-{[(1S)-1-[(carboxymethyl)carbamoyl]-2-{[(15S)-4;5-dihydroxy-15-methyl-14-oxotetracyclo[8.7.0.0^{2;7}.0^{11;15}]heptadeca-2(7);3;5-trien-6-yl]sulfanyl}ethyl]carbamoyl}butanoic acid","C[C@]12CCC3C(CCC4=C3C=C(O)C(O)=C4SC[C@@H](NC(=O)CC[C@@H](N)C(O)=O)C(=O)NCC(O)=O)C1CCC2=O","NA","NA","HMDB0012624","NA","NA","NA","NA","HMDB"
"20547","12337017","4-Hydroxyestrone sulfate","4-Hydroxyestrone sulfate is a sulfate derivative of Estrone. Estrone (also oestrone) is an estrogenic hormone secreted by the ovary. ","4-Hydroxyestrone sulfuric acid;4-Hydroxyestrone sulphate;4-Hydroxyestrone sulphuric acid;1;3;5(10)-Triene-3;4-diol-17-one 3-sulfate;1;3;5(10)-Triene-3;4-diol-17-one 3-sulphate;3;4-Dihydroxyestra-1;3;5","366.429","C18H22O6S","[(15R)-6-hydroxy-15-methyl-14-oxotetracyclo[8.7.0.0²;⁷.0¹¹;¹⁵]heptadeca-2(7);3;5-trien-5-yl]oxidanesulfonic acid","C[C@@]12CCC3C(CCC4=C3C=CC(OS(O)(=O)=O)=C4O)C1CCC2=O","NA","NA","HMDB0012779","NA","NA","NA","NA","HMDB"
"20548","53481521","4-Hydroxyestrone-2-S-glutathione","4-Hydroxyestrone-2-S-glutathione is a glutathione conjugate derivative of Estrone. Estrone (also oestrone) is an estrogenic hormone secreted by the ovary. ","3;4-Dihydroxy-1;3;5[10]-estratriene-17-one-2-S-glutathione;(2R)-2-Amino-4-{[(1S)-1-[(carboxymethyl)-C-hydroxycarbonimidoyl]-2-{[(15S)-5;6-dihydroxy-15-methyl-14-oxotetracyclo[8.7.0.0²;⁷.0¹¹;¹⁵]heptade","591.673","C28H37N3O9S","(2R)-2-amino-4-{[(1S)-1-[(carboxymethyl)carbamoyl]-2-{[(15S)-5;6-dihydroxy-15-methyl-14-oxotetracyclo[8.7.0.0^{2;7}.0^{11;15}]heptadeca-2(7);3;5-trien-4-yl]sulfanyl}ethyl]carbamoyl}butanoic acid","C[C@]12CCC3C(CCC4=C3C=C(SC[C@@H](NC(=O)CC[C@@H](N)C(O)=O)C(=O)NCC(O)=O)C(O)=C4O)C1CCC2=O","NA","NA","HMDB0012780","NA","NA","NA","NA","HMDB"
"20549","53481604","Somatostatin fragment 3-14","Somatostatin (also known as growth hormone-inhibiting hormone (GHIH) or somatotropin release-inhibiting factor (SRIF)) is a peptide hormone that regulates the endocrine system and affects neurotransmission and cell proliferation via interaction with G-protein-coupled somatostatin receptors and inhib","Cys-lys-asn-phe-phe-TRP-lys-THR-phe-THR-ser-cys;(5S;8R;11R;14R;20R;23R;26R;29R;32R;35R;38R)-38-Amino-20;35-bis(4-aminobutyl)-14;26;29-tribenzyl-7;10;13;16;19;22;25;28;31;34;37-undecahydroxy-32-[(C-hyd","1523.776","C72H98N16O17S2","(5S;8R;11R;14R;20R;23R;26R;29R;32R;35R;38R)-38-amino-20;35-bis(4-aminobutyl)-14;26;29-tribenzyl-32-(carbamoylmethyl)-17-(1-hydroxyethyl)-11-[(1S)-1-hydroxyethyl]-8-(hydroxymethyl)-23-[(1H-indol-3-yl)methyl]-7;10;13;16;19;22;25;28;31;34;37-undecaoxo-1;2-dithia-6;9;12;15;18;21;24;27;30;33;36-undecaazacyclononatriacontane-5-carboxylic acid","CC(O)C1NC(=O)[C@@H](CCCCN)NC(=O)[C@@H](CC2=CNC3=C2C=CC=C3)NC(=O)[C@@H](CC2=CC=CC=C2)NC(=O)[C@@H](CC2=CC=CC=C2)NC(=O)[C@@H](CC(N)=O)NC(=O)[C@@H](CCCCN)NC(=O)[C@@H](N)CSSCC[C@H](NC(=O)[C@@H](CO)NC(=O)[C@H](NC(=O)[C@@H](CC2=CC=CC=C2)NC1=O)[C@H](C)O)C(O)=O","NA","NA","HMDB0013071","NA","NA","NA","NA","HMDB"
"20550","53481605","Somatostatin","Somatostatin belongs to the class of organic compounds known as polypeptides. These are peptides containing ten or more amino acid residues. In humans; somatostatin is involved in the pancreas function - delta cell pathway. Somatostatin is a primary metabolite. Primary metabolites are metabolically ","Growth hormone-inhibiting hormone (ghih);Somatotropin release-inhibiting factor (srif);Somatotropin release-inhibiting hormone;(5S;8R;14R;17R;20R;23R;26R;29R;32R;35R)-38-[(2-{[(2R)-2-amino-1-hydroxypr","1651.905","C77H106N18O19S2","(5S;8R;14R;17R;20R;23R;26R;29R;32R;35R)-20;35-bis(4-aminobutyl)-38-{2-[(2R)-2-aminopropanamido]acetamido}-14;26;29-tribenzyl-32-(carbamoylmethyl)-11-(1-hydroxyethyl)-17-[(1S)-1-hydroxyethyl]-8-(hydroxymethyl)-23-[(1H-indol-3-yl)methyl]-7;10;13;16;19;22;25;28;31;34;37-undecaoxo-1;2-dithia-6;9;12;15;18;21;24;27;30;33;36-undecaazacyclononatriacontane-5-carboxylic acid","C[C@H](O)[C@H]1NC(=O)[C@@H](CCCCN)NC(=O)[C@@H](CC2=CNC3=C2C=CC=C3)NC(=O)[C@@H](CC2=CC=CC=C2)NC(=O)[C@@H](CC2=CC=CC=C2)NC(=O)[C@@H](CC(N)=O)NC(=O)[C@@H](CCCCN)NC(=O)C(CSSCC[C@H](NC(=O)[C@@H](CO)NC(=O)C(NC(=O)[C@@H](CC2=CC=CC=C2)NC1=O)C(C)O)C(O)=O)NC(=O)CNC(=O)[C@@H](C)N","NA","NA","HMDB0013072","NA","NA","NA","P31391;  P35346;  P30872;  P32745;  P30874;  P30937;  P30938;  O08858;  P30936;  P30875;  P30935;  P28646;  P30680","HMDB"
"20551","53481610","7-Dehydropregnenolone","7-Dehydropregnenolone is a 21-carbon steroid; derived from cholesterol and found in steroid hormone-producing tissues. It is the precursor to Gonadal steroid hormones and the adrenal corticosteroid. 7-Dehydropregnenolone is the the single product of metabolism of 7-dehydrocholesterol by CYP11A1","7-DHP;7-Dehydropregnenolone;7-DHP;7-Dehydropregnenolone;7-Dehydropregnenolone","314.4617","C21H30O2","1-[(2R;5S;15S)-5-hydroxy-2;15-dimethyltetracyclo[8.7.0.0²;⁷.0¹¹;¹⁵]heptadeca-7;9-dien-14-yl]ethan-1-one","CC(=O)C1CCC2C3=CC=C4C[C@@H](O)CC[C@]4(C)C3CC[C@]12C","NA","NA","HMDB0013121","NA","NA","NA","NA","HMDB"
"20552","92288779","5-Androstene-3alpha-16beta;17beta-triol","5-Androstene-3alpha-16beta;17beta-triol; also known as 5-androstene-3α-16β;17β-triol; belongs to the class of organic compounds known as androgens and derivatives. These are 3-hydroxylated C19 steroid hormones. They are known to favor the development of masculine characteristics.","5-Androstene-3a-16b;17b-triol;5-Androstene-3α-16β;17β-triol;5-Androstene-3alpha-16beta;17beta-triol;5-Androstene-3a-16b;17b-triol;5-Androstene-3α-16β;17β-triol;5-Androstene-3alpha-16beta;17beta-triol;","306.446","C19H30O3","(1S;2R;5R;10R;11S;13S;14R;15S)-2;15-dimethyltetracyclo[8.7.0.0^{2;7}.0^{11;15}]heptadec-7-ene-5;13;14-triol","[H][C@@]12C[C@H](O)[C@H](O)[C@@]1(C)CC[C@@]1([H])[C@@]2([H])CC=C2C[C@H](O)CC[C@]12C","NA","NA","HMDB0013199","NA","NA","NA","NA","HMDB"
"20553","245259","Beta-Cortolone","Beta-Cortolone; also known as b-cortolone; belongs to the class of organic compounds known as 21-hydroxysteroids. These are steroids carrying a hydroxyl group at the 21-position of the steroid backbone. Thus; Beta-cortolone is considered to be a steroid. Based on a literature review a significant nu","b-Cortolone;Β-cortolone;b-Cortolon;beta-Cortolon;b-Cortolone;Β-cortolone;b-Cortolon;beta-Cortolon;Β-cortolone;b-Cortolon;beta-Cortolon","366.4917","C21H34O5","(2S;5S;14S;15S)-14-(1;2-dihydroxyethyl)-5;14-dihydroxy-2;15-dimethyltetracyclo[8.7.0.0²;⁷.0¹¹;¹⁵]heptadecan-17-one","C[C@]12CC(=O)C3C(CCC4C[C@@H](O)CC[C@]34C)C1CC[C@@]2(O)C(O)CO","NA","NA","HMDB0013221","NA","NA","NA","NA","HMDB"
"20554","3247060","4b-Hydroxycholesterol","4b-Hydroxycholesterol; also known as cholest-5-en-3b;4b-diol; belongs to the class of organic compounds known as cholesterols and derivatives. Cholesterols and derivatives are compounds containing a 3-hydroxylated cholestane core. Thus; 4b-hydroxycholesterol is considered to be a sterol lipid molecu","(3beta;4beta)-Cholest-5-ene-3;4-diol;Cholest-5-en-3beta;4beta-diol;(3b;4b)-Cholest-5-ene-3;4-diol;(3Β;4β)-cholest-5-ene-3;4-diol;Cholest-5-en-3b;4b-diol;Cholest-5-en-3β;4β-diol;(4b)-Cholest-5-ene-3b;4","402.6529","C27H46O2","(1S;2R;5S;6R;10S;11S;14R;15R)-2;15-dimethyl-14-[(2R)-6-methylheptan-2-yl]tetracyclo[8.7.0.0²;⁷.0¹¹;¹⁵]heptadec-7-ene-5;6-diol","[H][C@@]1(CC[C@@]2([H])[C@]3([H])CC=C4[C@@H](O)[C@@H](O)CC[C@]4(C)[C@@]3([H])CC[C@]12C)[C@H](C)CCCC(C)C","NA","NA","HMDB0013643","NA","NA","NA","NA","HMDB"
"20555","31072","Carbimazole","Carbimazole is only found in individuals that have used or taken this drug. It is an imidazole antithyroid agent. Carbimazole is metabolized to methimazole; which is responsible for the antithyroid activity. [PubChem]Carbimazole is an aitithyroid agent that decreases the uptake and concentration of ","Athyromazole;Carbethoxymethimazole;Carbimazol;Carbimazolum;Carbinazole;Ethyl 3-methyl-2-thioimidazoline-1-carboxylate;Thyrostat;Carbimazol henning;Ethyl 3-methyl-2-thioimidazoline-1-carboxylic acid;He","186.232","C7H10N2O2S","ethyl 3-methyl-2-sulfanylidene-2;3-dihydro-1H-imidazole-1-carboxylate","CCOC(=O)N1C=CN(C)C1=S","NA","C07615","HMDB0014533","123.5","3.14 g/L","NA","NA","HMDB"
"20556","657298","Propylthiouracil","Propylthiouracil is only found in individuals that have used or taken this drug. It is a thiourea antithyroid agent. Propythiouracil inhibits the synthesis of thyroxine and inhibits the peripheral conversion of throxine to tri-iodothyronine. It is used in the treatment of hyperthyroidism. ","2;3-Dihydro-6-propyl-2-thioxo-4(1H)-pyrimidinone;2-Mercapto-6-propyl-4-pyrimidone;2-Mercapto-6-propylpyrimid-4-one;2-Thio-4-oxo-6-propyl-1;3-pyrimidine;2-Thio-6-propyl-1;3-pyrimidin-4-one;4-Propyl-2-t","170.232","C7H10N2OS","6-propyl-2-sulfanylidene-1;2;3;4-tetrahydropyrimidin-4-one","CCCC1=CC(=O)NC(=S)N1","NA","C07569","HMDB0014690","219","0.47 g/L","NA","NA","HMDB"
"20557","3372","Fluphenazine","Fluphenazine is only found in individuals that have used or taken this drug. It is a phenothiazine used in the treatment of psychoses. Its properties and uses are generally similar to those of chlorpromazine. [PubChem]Fluphenazine blocks postsynaptic mesolimbic dopaminergic D1 and D2 receptors in th","1-(2-Hydroxyethyl)-4-(3-(trifluoromethyl-10-phenothiazinyl)propyl)-piperazine;10-(3'-(4''-(beta-Hydroxyethyl)-1''-piperazinyl)-propyl)-3-trifluoromethylphenothiazine;10-(3-(2-Hydroxyethyl)piperazinopr","437.522","C22H26F3N3OS","2-(4-{3-[2-(trifluoromethyl)-10H-phenothiazin-10-yl]propyl}piperazin-1-yl)ethan-1-ol","OCCN1CCN(CCCN2C3=CC=CC=C3SC3=C2C=C(C=C3)C(F)(F)F)CC1","NA","C07010","HMDB0014761","25","0.019 g/L","NA","NA","HMDB"
"20558","NA","Mitotane","Mitotane is only found in individuals that have used or taken this drug. It is a derivative of the insecticide dichlorodiphenyldichloroethane that specifically inhibits cells of the adrenal cortex and their production of hormones. It is used to treat adrenocortical tumors and causes CNS damage; but ","Lysodren;Bristol myers squibb brand OF mitotane;Khloditan;ortho;Para-DDD;Chloditan;Bristol-myers squibb brand OF mitotane;O;P-DDD;ortho;Para DDD;Chlodithane;Mytotan;Lysodren;Bristol myers squibb brand","320.041","C14H10Cl4","1-chloro-4-[2;2-dichloro-1-(2-chlorophenyl)ethyl]benzene","ClC(Cl)C(C1=CC=C(Cl)C=C1)C1=CC=CC=C1Cl","NA","NA","HMDB0014786","77","9.4e-06 g/L","NA","NA","HMDB"
"20559","25077649","Nafarelin","Nafarelin is only found in individuals that have used or taken this drug. It is a potent synthetic agonist of gonadotropin-releasing hormone with 3-(2-naphthyl)-D-alanine substitution at residue 6. Nafarelin has been used in the treatments of central precocious puberty and endometriosis.","Nafarelin acetate;Nafarelin acetate; hydrate;Synarel;Nafarelin monoacetate;Nafarelin acetate;Nafarelin acetate; hydrate;Synarel;Nafarelin monoacetate;Nafarelin acetate; hydrate;Synarel;Nafarelin monoa","1322.4713","C66H83N17O13","N-(5-carbamimidamido-1-{2-[(carbamoylmethyl)carbamoyl]pyrrolidin-1-yl}-1-oxopentan-2-yl)-2-{2-[2-(3-hydroxy-2-{2-[3-(1H-imidazol-4-yl)-2-[(5-oxopyrrolidin-2-yl)formamido]propanamido]-3-(1H-indol-3-yl)propanamido}propanamido)-3-(4-hydroxyphenyl)propanamido]-3-(naphthalen-2-yl)propanamido}-4-methylpentanamide","CC(C)CC(NC(=O)C(CC1=CC2=CC=CC=C2C=C1)NC(=O)C(CC1=CC=C(O)C=C1)NC(=O)C(CO)NC(=O)C(CC1=CNC2=CC=CC=C12)NC(=O)C(CC1=CNC=N1)NC(=O)C1CCC(=O)N1)C(=O)NC(CCCNC(N)=N)C(=O)N1CCCC1C(=O)NCC(N)=O","NA","C07613","HMDB0014804","NA","0.017 g/L","NA","NA","HMDB"
"20560","1349907","Methimazole","Methimazole; also known as tapazole or danantizol; belongs to the class of organic compounds known as imidazolethiones. These are aromatic compounds containing an imidazole ring which bears a thioketone group. Methimazole is an extremely weak basic (essentially neutral) compound (based on its pKa). ","1-METHYL-1;3-dihydro-2H-imidazole-2-thione;1-Methylimidazole-2(3H)-thione;Danantizol;Favistan;Strumazol;Tapazole;Thacapzol;Thiamazol;Thiamazole;Thiamazolum;Tiamazol;USAF el-30;Mercaptazole;Mercasolyl;","114.169","C4H6N2S","1-methyl-2;3-dihydro-1H-imidazole-2-thione","CN1C=CNC1=S","NA","C07190","HMDB0014901","146","11.3 g/L","NA","NA","HMDB"
"20561","5280980","Clavulanate","Clavulanate; also known as acido clavulanico or clavulansaeure; belongs to the class of organic compounds known as alpha amino acids and derivatives. These are amino acids in which the amino group is attached to the carbon atom immediately adjacent to the carboxylate group (alpha carbon); or a deriv","(2R;3Z;5R)-3-(2-HYDROXYETHYLIDENE)-7-oxo-4-oxa-1-azabicyclo[3.2.0]heptane-2-carboxylIC ACID;(Z)-(2R;5R)-3-(2-Hydroxyethylidene)-7-oxo-4-oxa-1-azabicyclo(3.2.0)heptane-2-carboxylic acid;Acide clavulani","199.1608","C8H9NO5","(2R;3Z;5R)-3-(2-hydroxyethylidene)-7-oxo-4-oxa-1-azabicyclo[3.2.0]heptane-2-carboxylic acid","[H][C@@]12CC(=O)N1[C@@H](C(O)=O)C(O2)=CCO","NA","C06662","HMDB0014904","172","337 g/L","NA","NA","HMDB"
"20562","84088","Hydrocortamate","Hydrocortamate is a synthetic glucocorticoid used for its anti-inflammatory or immunosuppressive properties to treat inflammation due to corticosteroid-responsive dermatoses. Glucocorticoids are a class of steroid hormones characterised by an ability to bind with the cortisol receptor and trigger a ","17-Hydroxycorticosterone; 21-(diethylamino)acetate;Hidrocortamato;Hydrocortamatum;17-Hydroxycorticosterone; 21-(diethylamino)acetic acid;Hydrocortamic acid;17-Hydroxycorticosterone; 21-(diethylamino)a","475.6175","C27H41NO6","2-[(1S;2R;10S;11S;14R;15S;17S)-14;17-dihydroxy-2;15-dimethyl-5-oxotetracyclo[8.7.0.0²;⁷.0¹¹;¹⁵]heptadec-6-en-14-yl]-2-oxoethyl 2-(diethylamino)acetate","[H][C@@]12CC[C@](O)(C(=O)COC(=O)CN(CC)CC)[C@@]1(C)C[C@H](O)[C@@]1([H])[C@@]2([H])CCC2=CC(=O)CC[C@]12C","NA","NA","HMDB0014907","NA","0.086 g/L","NA","NA","HMDB"
"20563","5566","Trifluoperazine","Trifluoperazine is only found in individuals that have used or taken this drug. It is a phenothiazine with actions similar to chlorpromazine. It is used as an antipsychotic and an antiemetic. [PubChem]Trifluoperazine blocks postsynaptic mesolimbic dopaminergic D1 and D2 receptors in the brain;","10-[3-(4-Methyl-1-piperazinyl)propyl]-2-(trifluoromethyl)-10H-phenothiazine;10-[3-(4-METHYL-piperazin-1-yl)-propyl]-2-trifluoromethyl-10H-phenothiazine;Trifluoperazina;Trifluoperazinum;Trifluoromethyl","407.496","C21H24F3N3S","10-[3-(4-methylpiperazin-1-yl)propyl]-2-(trifluoromethyl)-10H-phenothiazine","CN1CCN(CCCN2C3=CC=CC=C3SC3=C2C=C(C=C3)C(F)(F)F)CC1","NA","C07168","HMDB0014969","NA","0.0088 g/L","NA","NA","HMDB"
"20564","6011","Drostanolone","Drostanolone is only found in individuals that have used or taken this drug. It is a potent synthetic androgenic anabolic steroid similar to testosterone. Drostanolone is indicated in postmenopausal women with recurrent breast cancer; in a combined hormone therapy.","17beta-Hydroxy-2alpha-methyl-5alpha-androstan-3-one;2alpha-Methyldihydrotestosterone;Dihydro-2alpha-methyltestosterone;Dromostanolone;Drostanolona;Drostanolonum;Medrosteron;Medrotestron;17b-Hydroxy-2a","304.4669","C20H32O2","(1S;2S;4R;7S;10R;11S;14S;15S)-14-hydroxy-2;4;15-trimethyltetracyclo[8.7.0.0²;⁷.0¹¹;¹⁵]heptadecan-5-one","[H][C@@]12CC[C@H](O)[C@@]1(C)CC[C@@]1([H])[C@@]2([H])CC[C@@]2([H])CC(=O)[C@H](C)C[C@]12C","NA","C14605","HMDB0014996","128","0.006 g/L","NA","NA","HMDB"
"20565","25137957","Carphenazine","Carphenazine is only found in individuals that have used or taken this drug. It is an antipsychotic drug; used in hospitalized patients in the management of chronic schizophrenic psychoses.A yellow; powdered; phenothiazine antipsychotic agent used in the treatment of acute or chronic schizophrenia. ","1-(10-(3-(4-(2-Hydroxyethyl)-1-piperazinyl)propyl)phenothiazin-2-yl)-1-propanone;Carfenazina;Carfenazine;Carfenazinum;Carphenazin;1-(10-(3-(4-(2-Hydroxyethyl)-1-piperazinyl)propyl)phenothiazin-2-yl)-1","411.56","C23H29N3O2S","1-(10-{2-[4-(2-hydroxyethyl)piperazin-1-yl]ethyl}-10H-phenothiazin-2-yl)propan-1-one","CCC(=O)C1=CC2=C(SC3=C(C=CC=C3)N2CCN2CCN(CCO)CC2)C=C1","NA","NA","HMDB0015172","NA","0.09 g/L","NA","NA","HMDB"
"20566","17676","Acetophenazine","Acetophenazine is only found in individuals that have used or taken this drug.It is an antipsychotic drug of moderate-potency. It is used in the treatment of disorganized and psychotic thinking. It is also used to help treat false perceptions (e.g. hallucinations or delusions).","Tindal;Acetophenazine; (Z)-2-maleate (1:2) salt;Acetophenazine; ion (1+);Acetophenazine maleate;Tindal;Acetophenazine; (Z)-2-maleate (1:2) salt;Acetophenazine; ion (1+);Acetophenazine maleate;Acetophe","411.56","C23H29N3O2S","1-(10-{3-[4-(2-hydroxyethyl)piperazin-1-yl]propyl}-10H-phenothiazin-2-yl)ethan-1-one","CC(=O)C1=CC=C2SC3=C(C=CC=C3)N(CCCN3CCN(CCO)CC3)C2=C1","NA","C06807","HMDB0015196","NA","0.06 g/L","NA","P10275","HMDB"
"20567","667466","Chlorprothixene","Chlorprothixene is only found in individuals that have used or taken this drug. It is a typical antipsychotic drug of the thioxanthene (tricyclic) class. Chlorprothixene exerts strong blocking effects by blocking the 5-HT2 D1; D2; D3; histamine H1; muscarinic and alpha1 adrenergic receptors. ","Alpha-Chlorprothixene;Chlorprothixen;Chlorprothixenum;Chlorprothixine;Chlorprotixen;Chlorprotixene;Chlorprotixine;Chlothixen;Clorprotixeno;a-Chlorprothixene;Α-chlorprothixene;Chloroprothixene;cis-Chlo","315.86","C18H18ClNS","[3-(2-chloro-9H-thioxanthen-9-ylidene)propyl]dimethylamine","[H]C(CCN(C)C)=C1C2=CC(Cl)=CC=C2SC2=C1C=CC=C2","NA","C07953","HMDB0015369","97.5","0.00037 g/L","NA","NA","HMDB"
"20568","5054","1;3-Benzenediol","1;3-Benzenediol; also known as resorcin or m-hydroquinone; belongs to the class of organic compounds known as resorcinols. Resorcinols are compounds containing a resorcinol moiety; which is a benzene ring bearing two hydroxyl groups at positions 1 and 3. 1;3-Benzenediol exists in all living organism","1;3-Dihydroxybenzene;1;3-Dihydroxybenzol;m-Hydroquinone;m-Hydroxyphenol;Resorcin;Resorzin;Resorcinol disodium salt;Resorcinol; monocopper (2+) salt;1;3-Benzenediol;1;3-Dihydroxy-benzene;3-Hydroxypheno","110.1106","C6H6O2","benzene-1;3-diol","OC1=CC(O)=CC=C1","NA","C01751","HMDB0032037","111","717 mg/mL at 25 °C","NA","NA","HMDB"
"20569","131751296","Nb-trans-p-Coumaroylserotonin glucoside","Nb-trans-p-Coumaroylserotonin glucoside is found in fats and oils. It is an alkaloid from Carthamus tinctorius (safflower) If neurons that make serotonin serotonergic neurons are abnormal in infants; there is a risk of sudden infant death syndrome (SIDS). ","5-Hydroxytryptamine;(2E)-3-(4-Hydroxyphenyl)-N-[2-(5-{[3;4;5-trihydroxy-6-(hydroxymethyl)oxan-2-yl]oxy}-1H-indol-3-yl)ethyl]prop-2-enimidate;5-Hydroxytryptamine;(2E)-3-(4-Hydroxyphenyl)-N-[2-(5-{[3;4;","484.4984","C25H28N2O8","(2E)-3-(4-hydroxyphenyl)-N-[2-(5-{[3;4;5-trihydroxy-6-(hydroxymethyl)oxan-2-yl]oxy}-1H-indol-3-yl)ethyl]prop-2-enamide","OCC1OC(OC2=CC3=C(NC=C3CCNC(=O)C=CC3=CC=C(O)C=C3)C=C2)C(O)C(O)C1O","NA","NA","HMDB0032760","240","NA","NA","NA","HMDB"
"20570","5281166","Jasmonic acid","Jasmonic acid; also known as jasmonate; belongs to the class of organic compounds known as jasmonic acids. These are lipids containing or derived from a jasmonic acid; with a structure characterized by the presence of an alkene chain linked to a 2-(3-oxocyclopentyl)acetic acid moiety. Based on a lit","(-)-Jasmonic acid;(1R;2R)-3-oxo-2-(2Z)-2-Penten-ylcyclopentanacetic acid;(1R;2R)-3-oxo-2-(Pent-2Z-enyl)-cyclopentaneacetic acid;2-{(1R;2R)-3-oxo-2-[(Z)-pent-2-enyl]cyclopentyl}acetate;Jasmonate;{(1R;2","210.2695","C12H18O3","2-[(1R;2R)-3-oxo-2-[(2Z)-pent-2-en-1-yl]cyclopentyl]acetic acid","CCC=C/C[C@@H]1[C@@H](CC(O)=O)CCC1=O","NA","C08491","HMDB0032797","NA","742.1 mg/L at 25 °C","NA","NA","HMDB"
"20571","6852393","5alpha-Androst-16-en-3-one","5alpha-Androst-16-en-3-one; also known as androstenone; belongs to the class of organic compounds known as androgens and derivatives. These are 3-hydroxylated C19 steroid hormones. They are known to favour the development of masculine characteristics. ","Androstenone;5a-Androst-16-en-3-one;5Α-androst-16-en-3-one;Androst-16-en-3-one;5 alpha-Androst-16-en-3-one;AEON steroid;Androst-16-en-3-one; (5beta)-isomer;(5alpha)-Androst-16-en-3-one;(5Α)-androst-16","272.432","C19H28O","(1S;2S;7S;10R;11S;15R)-2;15-dimethyltetracyclo[8.7.0.0^{2;7}.0^{11;15}]heptadec-13-en-5-one","[H][C@@]12CC=C[C@@]1(C)CC[C@@]1([H])[C@@]2([H])CC[C@@]2([H])CC(=O)CC[C@]12C","NA","NA","HMDB0034406","140","3.16 mg/L at 25 °C","NA","NA","HMDB"
"20572","6391814","Strigol","Strigol is found in corn. Strigol is a constituent of the root of Gossypium hirsutum (cotton) Strigolactones are plant hormones that have been implicated in inhibition of shoot branching. Strigolactones are carotenoid-derived and trigger germination of parasitic plant seeds ","NA","346.3744","C19H22O6","5-{[(3E)-5-hydroxy-8;8-dimethyl-2-oxo-2H;3H;3aH;4H;5H;6H;7H;8H;8bH-indeno[1;2-b]furan-3-ylidene]methoxy}-3-methyl-2;5-dihydrofuran-2-one","CC1=CC(OC=C2/C3CC4=C(C3OC2=O)C(C)(C)CCC4O)OC1=O","NA","C09190","HMDB0036677","200","1030 mg/L at 25 °C","NA","NA","HMDB"
"20573","131752688","Sorgolactone","Sorgolactone is found in cereals and cereal products. Sorgolactone is isolated from the roots of Sorghum bicolor (sorghum) (genuine host plant for Striga species) Strigolactones are plant hormones that have been implicated in inhibition of shoot branching. ","NA","316.3484","C18H20O5","3-methyl-5-{[(3Z)-8-methyl-2-oxo-2H;3H;3aH;4H;5H;6H;7H;8H;8bH-indeno[1;2-b]furan-3-ylidene]methoxy}-2;5-dihydrofuran-2-one","CC1CCCC2=C1C1OC(=O)C(=C/OC3OC(=O)C(C)=C3)C1C2","NA","C09186","HMDB0039607","139","56.96 mg/L at 25 °C","NA","NA","HMDB"
"20574","131753126","Alectrol","Alectrol is found in cowpea. Alectrol is isolated from the roots of Vigna unguiculata (genuine host plant for Alectra species) Strigolactones are plant hormones that have been implicated in inhibition of shoot branching. ","Alectrol;Alectrol;","346.3744","C19H22O6","5-{[(3Z)-8a-hydroxy-8;8-dimethyl-2-oxo-2H;3H;3aH;5H;6H;7H;8H;8aH;8bH-indeno[1;2-b]furan-3-ylidene]methoxy}-3-methyl-2;5-dihydrofuran-2-one","CC1=CC(OC=C2C3C=C4CCCC(C)(C)C4(O)C3OC2=O)OC1=O","NA","C09059","HMDB0041372","NA","4755 mg/L at 25 °C","NA","NA","HMDB"
"20575","1486","2;4-Dichlorophenoxyacetic acid","2;4-D is a member of the phenoxy family of herbicides; which include:; 2;4-D is a synthetic auxin; which is a class of plant hormones. It is absorbed through the leaves and is translocated to the meristems of the plant. ","(2;4-Dichlorphenoxy)essigsaeure;2;4-D acid;2;4-Dichlorophenoxyacetate;2;4-Dichlorphenoxyessigsaeure;Acide 2;4-dichloro phenoxyacetique;Hedonal;Trinoxol;2;4-D;(2; 4-Dichlorophenoxy)acetic acid;(2;4-Dic","221.037","C8H6Cl2O3","2-(2;4-dichlorophenoxy)acetic acid","OC(=O)COC1=C(Cl)C=C(Cl)C=C1","NA","C03664","HMDB0041797","140.5","0.68 mg/mL at 25 °C","NA","NA","HMDB"
"20576","150968","w Hydroxy testosterone","w Hydroxy testosterone belongs to the class of organic compounds known as androgens and derivatives. These are 3-hydroxylated C19 steroid hormones. They are known to favor the development of masculine characteristics. ","17beta;19-Dihydroxyandrost-4-en-3-one;17b;19-Dihydroxyandrost-4-en-3-one;17Β;19-dihydroxyandrost-4-en-3-one;17 beta;19-Dihydroxyandrost-4-en-3-one;17beta;19-Dihydroxyandrost-4-en-3-one;17b;19-Dihydrox","304.4238","C19H28O3","(1S;2S;10R;11S;14S;15S)-14-hydroxy-2-(hydroxymethyl)-15-methyltetracyclo[8.7.0.0²;⁷.0¹¹;¹⁵]heptadec-6-en-5-one","C[C@]12CC[C@H]3[C@@H](CCC4=CC(=O)CC[C@]34CO)[C@@H]1CC[C@@H]2O","NA","C05294","HMDB0060089","NA","NA","NA","NA","HMDB"
"20577","114920","11beta;17beta-Dihydroxy-4-androsten-3-one","11beta;17beta-Dihydroxy-4-androsten-3-one; also known as 11-hydroxytestosterone or (11b;17b)-11;17-dihydroxyandrost-4-en-3-one; belongs to the class of organic compounds known as androgens and derivatives.","(11beta;17beta)-11;17-Dihydroxyandrost-4-en-3-one;11-Hydroxytestosterone;11beta;17beta-Dihydroxyandrost-4-ene-3-one;11beta-Hydroxytestosterone;(11b;17b)-11;17-Dihydroxyandrost-4-en-3-one;(11Β;17β)-11;","304.4238","C19H28O3","(1S;2R;10S;11S;14S;15S;17S)-14;17-dihydroxy-2;15-dimethyltetracyclo[8.7.0.0²;⁷.0¹¹;¹⁵]heptadec-6-en-5-one","C[C@]12C[C@H](O)[C@H]3[C@@H](CCC4=CC(=O)CC[C@]34C)[C@@H]1CC[C@@H]2O","NA","C18075","HMDB0060339","NA","NA","NA","NA","HMDB"
"20578","15818","Androstan-3alpha;17beta-diol","Androstan-3alpha;17beta-diol; also known as hombreol or (3a;5a;17b)-androstane-3;17-diol; belongs to the class of organic compounds known as androgens and derivatives. These are 3-hydroxylated C19 steroid hormones.","(3alpha;5alpha;17beta)-Androstane-3;17-diol;3alpha;17beta-Dihydroxy-5alpha-androstane;Hombreol;(3a;5a;17b)-Androstane-3;17-diol;(3Α;5α;17β)-androstane-3;17-diol;3a;17b-Dihydroxy-5a-androstane;3Α;17β-d","292.4562","C19H32O2","(5R;14S)-2;15-dimethyltetracyclo[8.7.0.0²;⁷.0¹¹;¹⁵]heptadecane-5;14-diol","CC12CCC3C(CCC4C[C@H](O)CCC34C)C1CC[C@@H]2O","NA","NA","HMDB0060437","NA","NA","NA","NA","HMDB"
"20579","1107","Sterol","Sterols; also known as steroid alcohols; are a subgroup of the steroids and an important class of organic molecules. They occur naturally in plants; animals; and fungi; with the most familiar type of animal sterol being cholesterol. ","Sterols;Sterols;","248.4036","C17H28O","tetracyclo[8.7.0.0²;⁷.0¹¹;¹⁵]heptadecan-5-ol","OC1CCC2C(CCC3C4CCCC4CCC23)C1","NA","C00370","HMDB0060512","NA","NA","NA","NA","HMDB"
"20580","131770001","6(beta)-hydroxyprogesterone","6(beta)-hydroxyprogesterone is a metabolite of progesterone. Progesterone also known as P4 (pregn-4-ene-3;20-dione) is a C-21 steroid hormone involved in the female menstrual cycle; pregnancy and embryogenesis of humans and other species. ","6(b)-Hydroxyprogesterone;6(Β)-hydroxyprogesterone;6(b)-Hydroxyprogesterone;6(Β)-hydroxyprogesterone;6(Β)-hydroxyprogesterone","330.4611","C21H30O3","(2S;8S;14R;15R)-14-acetyl-8-hydroxy-2;15-dimethyltetracyclo[8.7.0.0²;⁷.0¹¹;¹⁵]heptadec-6-en-5-one","CC(=O)[C@@H]1CCC2C3C[C@H](O)C4=CC(=O)CC[C@@]4(C)C3CC[C@@]12C","NA","NA","HMDB0060973","NA","NA","NA","NA","HMDB"
"20581","200149","6-beta-hydroxyprogesterone","6-beta-hydroxyprogesterone; also known as 6b-hydroxy-4-pregnen-3;20-dione or 3;20-dioxopregn-4-en-6beta-ol; belongs to the class of organic compounds known as gluco/mineralocorticoids; progestogins and derivatives. ","3;20-Dioxopregn-4-en-6beta-ol;6beta-Hydroxy-4-pregnen-3;20-dione;6beta-Hydroxy-4-pregnene-3;20-dione;6beta-Hydroxydeoxycorticosterone;3;20-Dioxopregn-4-en-6b-ol;3;20-Dioxopregn-4-en-6β-ol;6b-Hydroxy-4","330.4611","C21H30O3","(1S;2R;8R;10S;11S;14S;15S)-14-acetyl-8-hydroxy-2;15-dimethyltetracyclo[8.7.0.0²;⁷.0¹¹;¹⁵]heptadec-6-en-5-one","CC(=O)[C@H]1CC[C@H]2[C@@H]3C[C@@H](O)C4=CC(=O)CC[C@]4(C)[C@H]3CC[C@]12C","NA","NA","HMDB0061004","NA","NA","NA","NA","HMDB"
"20582","160531","androst-5-ene-3;17-dione","androst-5-ene-3;17-dione; also known as delta5-ADD or δ5-add; is classified as an androgen or an Androgen derivative. Androgens are 3-hydroxylated C19 steroid hormones. They are known to favor the development of masculine characteristics. ","5-Androstene-3;17-dione;Delta(5)-Androstene-3;17-dione;delta5-Androstene-3;17-dione;Δ(5)-androstene-3;17-dione;Δ5-androstene-3;17-dione;5-Androstene-3;17-dione;Delta(5)-Androstene-3;17-dione;delta5-An","286.415","C19H26O2","(1S;2R;10R;11S;15S)-2;15-dimethyltetracyclo[8.7.0.0²;⁷.0¹¹;¹⁵]heptadec-7-ene-5;14-dione","[H][C@@]12CCC(=O)[C@@]1(C)CC[C@@]1([H])[C@@]2([H])CC=C2CC(=O)CC[C@]12C","NA","C20252","HMDB0062415","NA","0.037 g/l","NA","NA","HMDB"
"20583","90470904","Leptin","Implicated in the regulation of food intake; energy expenditure and whole-body energy balance↵↵Although leptin is a circulating signal that reduces appetite; in general; obese people have an unusually high circulating concentration of leptin. ","NA","2004.31","C87H138N22O28S2","(3S)-3-{[(2S)-2-{[(2S)-2-{[(2S)-2-{[(2S)-2-{[(2S)-2-{[(2S)-2-{[(2S)-2-{[(2S)-2-{[(2S)-2-[(2-{[(2S)-2-{[(2S)-2-amino-1-hydroxy-4-methylpentylidene]amino}-1-hydroxy-4-(C-hydroxycarbonimidoyl)butylidene]amino}-1-hydroxyethylidene)amino]-1;3-dihydroxypropylidene]amino}-1-hydroxy-4-methylpentylidene]amino}-1-hydroxy-4-(C-hydroxycarbonimidoyl)butylidene]amino}-3-carboxy-1-hydroxypropylidene]amino}-1-hydroxy-4-(methylsulfanyl)butylidene]amino}-1-hydroxy-4-methylpentylidene]amino}-1-hydroxy-3-(1H-indol-3-yl)propylidene]amino}-1-hydroxy-4-(C-hydroxycarbonimidoyl)butylidene]amino}-1-hydroxy-4-methylpentylidene]amino}-3-{[(1S)-1-{[(2S)-1-[(2S)-2-[({[(1R)-1-carboxy-2-sulfanylethyl]-C-hydroxycarbonimidoyl}methyl)-C-hydroxycarbonimidoyl]pyrrolidin-1-yl]-3-hydroxy-1-oxopropan-2-yl]-C-hydroxycarbonimidoyl}-3-methylbutyl]-C-hydroxycarbonimidoyl}propanoic acid","[H][C@](N)(CC(C)C)C(O)=N[C@@]([H])(CCC(O)=N)C(O)=NCC(O)=N[C@@]([H])(CO)C(O)=N[C@@]([H])(CC(C)C)C(O)=N[C@@]([H])(CCC(O)=N)C(O)=N[C@@]([H])(CC(O)=O)C(O)=N[C@@]([H])(CCSC)C(O)=N[C@@]([H])(CC(C)C)C(O)=N[C@@]([H])(CC1=CNC2=CC=CC=C12)C(O)=N[C@@]([H])(CCC(O)=N)C(O)=N[C@@]([H])(CC(C)C)C(O)=N[C@@]([H])(CC(O)=O)C(O)=N[C@@]([H])(CC(C)C)C(O)=N[C@@]([H])(CO)C(=O)N1CCC[C@@]1([H])C(O)=NCC(O)=N[C@@]([H])(CS)C(O)=O","NA","NA","HMDB0303441","NA","NA","NA","P48357;  Q62959;  P48356;  O02671;  Q9MYL0","HMDB"
"20584","440622","19-oxoandrostenedione","19-oxoandrostenedione belongs to androgens and derivatives class of compounds. Those are 3-hydroxylated C19 steroid hormones. ","NA","300.398","C19H24O3","15-methyl-5;14-dioxotetracyclo[8.7.0.0²;⁷.0¹¹;¹⁵]heptadec-6-ene-2-carbaldehyde","CC12CCC3C(CCC4=CC(=O)CCC34C=O)C1CCC2=O","NA","NA","HMDB0304035","NA","NA","NA","NA","HMDB"
"20585","625380","5-androstene-3;17-dione","5-androstene-3;17-dione belongs to androgens and derivatives class of compounds. Those are 3-hydroxylated C19 steroid hormones. They are known to favor the development of masculine characteristics. ","NA","286.415","C19H26O2","2;15-dimethyltetracyclo[8.7.0.0²;⁷.0¹¹;¹⁵]heptadec-7-ene-5;14-dione","CC12CCC3C(CC=C4CC(=O)CCC34C)C1CCC2=O","NA","NA","HMDB0304212","NA","NA","NA","NA","HMDB"
"20586","NA","LysoPA(0:0/16:0)","LysoPA(0:0/16:0) is a lysophosphatidic acid. It is a glycerophospholipid in which a phosphate moiety occupies a glycerol substitution site. Lysophosphatidic acids can have different combinations of fatty acids of varying lengths and saturation attached at the C-1 (sn-1) or C-2 (sn-2) position. ","2-Palmitoyl-glycero-3-phosphate; LPA(0:0/16:0); Lysophosphatidic acid(0:0/16:0); LPA(16:0); 2-Hexadecanoyl-phosphatidic acid; 2-Hexadecanoyl-glycero-3-phosphate; Lysophosphatidic acid(16:0); [2-(Hexad","410.4825","C19H39O7P","[2-(hexadecanoyloxy)-3-hydroxypropoxy]phosphonic acid","CCCCCCCCCCCCCCCC(=O)OC(CO)COP(O)(O)=O","NA","NA","HMDB0007849","NA","NA","NA","NA","HMDB"
"20587","NA","Calcidiol","Calcidiol; also known as 25(OH)D3 or rayaldee; belongs to the class of organic compounds known as vitamin d and derivatives. Vitamin D and derivatives are compounds containing a secosteroid backbone; usually secoergostane or secocholestane. ","(3beta;5Z;7E)-9;10-Secocholesta-5;7;10(19)-triene-3;25-diolChEBI(3S;5Z;7E)-9;10-Secocholesta-5;7;10-triene-3;25-diolChEBI(5Z;7E)-(3S)-9;10-Secocholesta-5;7;10(19)-triene-3;25-diolChEBI25(OH)D3ChEBI25-","400.6371","C27H44O2","(1S;3Z)-3-{2-[(1R;3aS;4E;7aR)-1-[(2R)-6-hydroxy-6-methylheptan-2-yl]-7a-methyl-octahydro-1H-inden-4-ylidene]ethylidene}-4-methylidenecyclohexan-1-ol","C[C@H](CCCC(C)(C)O)[C@@]1([H])CC[C@@]2([H])C(CCC[C@]12C)=CC=C1C[C@@H](O)CCC1=C","NA","C01561","HMDB0003550","NA","NA","DB00146","NA","HMDB"
"20588","NA","12-Keto-tetrahydro-leukotriene B4","12-keto-tetrahydro-Leukotriene B4 is an inactivated enzymatic metabolite of leukotriene B4(LTB4); product of the human liver enzyme leukotriene B4 (LTB4) 12-hydroxydehydrogenase; also found in the porcine kidney and other mammals. ","12-Keto-10;11;14;15-tetrahydro-LTB4; 5S-Hydroxy-12-keto-6Z;8E-eicosadienoate; 5S-Hydroxy-12-keto-6Z;8E-eicosadienoic acid","338.4816","C20H34O4","(5S;6Z;8E)-5-hydroxy-12-oxoicosa-6;8-dienoic acid","CCCCCCCCC(=O)CCC=CC=C/[C@@H](O)CCCC(O)=O","NA","C02165","HMDB0002995","NA","NA","NA","NA","HMDB"
"20589","NA","10;11-dihydro-12-oxo-LTB4","10;11-dihydro-12-oxo-LTB4 is formed when leukotriene B4 (LTB4) is metabolized by beta-oxidation.LTB4 is the major metabolite in neutrophil polymorphonuclear leukocytes. Leukotrienes are metabolites of arachidonic acid derived from the action of 5-LO (5-lipoxygenase). ","12-oxo-(5S)-Hydroxy-(6Z;8E;14Z)-eicosatrienoate; 12-oxo-(5S)-Hydroxy-(6Z;8E;14Z)-eicosatrienoic acid; 12-oxo-(5S)-Hydroxy-(6Z;8E;14Z)-eicosatrienoic acid anion; 12-oxo-10;11-dihydro-LTB(;4)","336.4657","C20H32O4","(5R;6Z;8E;14Z)-5-hydroxy-12-oxoicosa-6;8;14-trienoic acid","CCCCCC=C/CC(=O)CCC=CC=C/[C@H](O)CCCC(O)=O","NA","NA","HMDB0012498","NA","NA","NA","NA","HMDB"
"20590","NA","12-Keto-leukotriene B4","12-Keto-leukotriene B4 is formed when leukotriene B4 (LTB4) is metabolized by beta-oxidation. LTB4 is the major metabolite in neutrophil polymorphonuclear leukocytes. Leukotrienes are metabolites of arachidonic acid derived from the action of 5-LO (5-lipoxygenase). ","(5S;6Z;8E;10E;14Z)-5-Hydroxy-12-oxoeicosa-6;8;10;14-tetraenoic acidChEBI12-Keto-LTB4ChEBI12-oxo-LTB4ChEBI12-Oxoleukotriene b4ChEBI5(S)-Hydroxy-12-oxo-6(Z);8(e);10(e);14(Z)-eicosatetraenoic acidChEBI5-","334.4498","C20H30O4","(5S;6Z;8E;10E;14Z)-5-hydroxy-12-oxoicosa-6;8;10;14-tetraenoic acid","CCCCCC=C/CC(=O)C=CC=CC=C/[C@@H](O)CCCC(O)=O","NA","C05949","HMDB0004234","NA","NA","NA","NA","HMDB"
"20591","NA","15-Deoxy-d-12;14-PGJ2","15-deoxy-PGJ2 (15d-PGJ2) is a metabolite of the PGJ2 prostanoid family that influences multiple signaling pathways by covalently binding with key signaling molecules. Among them; 15d-PGJ2 has displayed highest potency as an inducer of gene expression.","15-Deoxy-delta-12;14-PGJ2ChEBI15-Deoxy-delta-12;14-prostaglandin J2ChEBI15-Deoxy-PGJ2ChEBIdelta-12;14-15-Deoxy-PGJ2ChEBI15-Deoxy-Delta12;14-prostaglandin J2Kegg15-Deoxy-δ-12;14-PGJ2Generator15-Deoxy-δ","316.4345","C20H28O3","(5Z)-7-[(1S;5E)-5-[(2E)-oct-2-en-1-ylidene]-4-oxocyclopent-2-en-1-yl]hept-5-enoic acid","CCCCCC=CC=C1/[C@@H](CC=C/CCCC(O)=O)C=CC1=O","NA","C14717","HMDB0005079","NA","NA","NA","NA","HMDB"
"20592","NA","MG(0:0/20:4(5Z;8Z;11Z;14Z)/0:0)","MG(0:0/20:4(5Z;8Z;11Z;14Z)/0:0); also known as 2-arachidonoylglycerol (2-AG); is a unique molecular species of monoacylglycerol isolated in 1995 from rat brain and canine gut as an endogenous ligand for the cannabinoid receptors. 2-AG is rapidly formed from arachidonic acid-containing phospholipids ","2-(5Z;8Z;11Z;14Z-Eicosatetraenoyl)-glycerolChEBI2-AGChEBI2-Ara-GLChEBI2-Arachidonoyl-glycerolChEBI2-Arachidonyl-glycerolChEBI2-Arachidonoyl-sn-glycerolKegg(5Z;8Z;11Z;14Z)-2-Hydroxy-1-(hydroxymethyl)et","378.5454","C23H38O4","1;3-dihydroxypropan-2-yl (5Z;8Z;11Z;14Z)-icosa-5;8;11;14-tetraenoate","[H]C(CO)(CO)OC(=O)CCCC=C/CC=C/CC=C/CC=C/CCCCC","NA","C13856","HMDB0004666","NA","NA","NA","NA","HMDB"
"20593","NA","2-Arachidonyl Glycerol ether","2-Arachidonyl glycerol ether (2-AG ether) has been isolated from porcine brain and its structure determined by mass spec analysis.1 2-AG ether has also been synthesized as an analog of the endogenous cannabinoid (CB); 2-AG; for structure activity testing.2 2-AG ether is a selective central cannabino","(5Z;8Z;11Z;14Z)-Icosatetraenyl-2-glyceryl etherChEBI2-(5Z;8Z;11Z;14Z-Eicosatetraenyl)-sn-glycerolChEBI2-AG etherChEBI2-O-(5Z;8Z;11Z;14Z)-EicosatetraenylglycerolChEBI5Z;8Z;11Z;14Z-Eicosatetraen-2-glyce","364.5619","NA","2-[(5Z;8Z;11Z;14Z)-icosa-5;8;11;14-tetraen-1-yloxy]propane-1;3-diol","CCCCCC=C/CC=C/CC=C/CC=C/CCCCOC(CO)CO","NA","NA","HMDB0013657","NA","NA","NA","NA","HMDB"
"20594","NA","20-Carboxy-leukotriene B4","20-Carboxyleukotriene B4 is an omega-oxidized metabolite of leukotriene B4 (LTB4). Neutrophil microsomes are known to oxidize 20-hydroxy-LTB4 (20-OH-LTB4) to its 20-oxo and 20-carboxy derivatives in the presence of NADPH. ","20-Carboxy-LTB4ChEBI20-COOH-Leukotriene b4ChEBI20-COOH-LTB4ChEBI5;12-Dihydroxy-delta5;8;11;14-eicosapolyendioic acidChEBI5;12-Dihydroxy-delta5;8;11;14-eicosapolyendioateGenerator5;12-Dihydroxy-δ5;8;11","366.4486","NA","(5S;6Z;8E;10E;12R;14Z)-5;12-dihydroxyicosa-6;8;10;14-tetraenedioic acid","O[C@@H](CCCC(O)=O)C=C/C=C/C=C/[C@H](O)CC=C/CCCCC(O)=O","NA","C05950","HMDB0006059","NA","NA","NA","NA","HMDB"
"20595","NA","20-Hydroxyeicosatetraenoic acid","20-Hydroxyeicosatetraenoic acid (20-HETE) is a metabolite of arachidonic acid. Cytochrome P450 enzymes of the 4A and 4F families catalyze the omega-hydroxylation of arachidonic acid and produce 20-HETE.","(5Z;8Z;11Z;14Z)-20-Hydroxyicosa-5;8;11;14-tetraenoic acidChEBI20-Hydroxy arachidonic acidChEBI20-Hydroxyarachidonic acidChEBI20-Hydroxyicosatetraenoic acidChEBI(5Z;8Z;11Z;14Z)-20-Hydroxyicosa-5;8;11;1","320.4663","NA","(5Z;8Z;11Z;14Z)-20-hydroxyicosa-5;8;11;14-tetraenoic acid","OCCCCCC=C/CC=C/CC=C/CC=C/CCCC(O)=O","NA","C14748","HMDB0005998","NA","NA","NA","NA","HMDB"
"20596","NA","20-Hydroxy-leukotriene B4","20-hydroxy- Leukotriene B4 (20-OH-LTB4) is an omega-hydroxylated metabolite of leukotriene B4 in human neutrophils. Elevated urinary concentrations of 20-OH-LTB4 and LTB4 are found in patients with Sjogren-Larsson syndrome ","(6Z;8E;10E;14Z)-(5S;12R)-5;12;20-Trihydroxyeicosa-6;8;10;14-tetraenoateChEBI(6Z;8E;10E;14Z)-(5S;12R)-5;12;20-Trihydroxyicosa-6;8;10;14-tetraenoateChEBI20-Hydroxy-LTB4ChEBI20-OH-Leukotriene b4ChEBI20-O","352.4651","NA","(5S;6Z;8E;10E;12R;14Z)-5;12;20-trihydroxyicosa-6;8;10;14-tetraenoic acid","OCCCCCC=C/C[C@@H](O)C=CC=CC=C/[C@@H](O)CCCC(O)=O","NA","C04853","HMDB0001509","NA","NA","NA","NA","HMDB"
"20597","NA","5-KETE","5-KETE; also known as 5-keto-ete or 5-oxoete; belongs to the class of organic compounds known as long-chain fatty acids. These are fatty acids with an aliphatic tail that contains between 13 and 21 carbon atoms. Thus; 5-KETE is considered to be an eicosanoid. Based on a literature review a significa","(6E;8Z;11Z;14Z)-5-Oxoicosa-6;8;11;14-tetraenoic acidChEBI5-Keto-eteChEBI5-Ketoeicosatetraenoic acidChEBI5-oxo; 6t;8C;11C;14C-20:4ChEBI5-oxo-6(e);8(Z);11(Z);14(Z)-Eicosatetraenoic acidChEBI5-oxo-6E;8Z;","318.4504","NA","(6E;8Z;11Z;14Z)-5-oxoicosa-6;8;11;14-tetraenoic acid","CCCCCC=C/CC=C/CC=C/C=C/C(=O)CCCC(O)=O","NA","C14732","HMDB0010217","NA","NA","NA","NA","HMDB"
"20598","NA","5(S)-Hydroperoxyeicosatetraenoic acid","5(S)-Hydroperoxyeicosatetraenoic acid is a lipid hydroperoxide precursor of leukotrienes. The first step of biosynthesis of leukotrienes is conversion of arachidonic acid into 5(S)-hydroperoxy-6;8;11;14-(E;Z;Z;Z)-eicosatetraenoic acid [5(S)-HpETE] by 5- lipoxygenases (5-LOX). ","(5S;6E;8Z;11Z;14Z)-5-Hydroperoxyeicosa-6;8;11;14-tetraenoic acidChEBI(5S;6E;8Z;11Z;14Z)-5-Hydroperoxyicosa-6;8;11;14-tetraenoateChEBI(6E;8Z;11Z;14Z)-(5S)-5-Hydroperoxyeicosa-6;8;11;14-tetraenoateChEBI","336.4657","NA","(5S;6E;8Z;11Z;14Z)-5-hydroperoxyicosa-6;8;11;14-tetraenoic acid","CCCCCC=C/CC=C/CC=C/C=C/[C@H](CCCC(O)=O)OO","NA","C05356","HMDB0001193","NA","NA","NA","NA","HMDB"
"20599","NA","6-Keto-prostaglandin F1a","6-keto-Prostaglandin F1a is the physiologically active and stable metabolite of prostacyclin. (A prostaglandin found in nearly all mammalian tissue that is a powerful vasodilator and inhibits platelet aggregation; it is biosynthesized enzymatically from prostaglandin endoperoxides in human vascular ","6-Keto-PGF1aChEBI6-Keto-PGF1alphaChEBI6-Keto-prostaglandin F1alphaChEBI6-Ketoprostaglandin F1alphaChEBI6-oxo-PGF1alphaChEBI6-oxo-Prostaglandin F1alphaChEBI6-Keto-PGF1αGenerator6-Keto-prostaglandin F1α","370.4804","NA","7-[(1R;2R;3R;5S)-3;5-dihydroxy-2-[(1E;3S)-3-hydroxyoct-1-en-1-yl]cyclopentyl]-6-oxoheptanoic acid","CCCCC[C@H](O)C=C[C@H]1[C@H](O)C[C@H](O)[C@@H]1CC(=O)CCCCC(O)=O","NA","C05961","HMDB0002886","NA","NA","NA","NA","HMDB"
"20600","NA","6-trans-Leukotriene B4","6-trans-Leukotriene B4 is an enzymatic metabolite of leukotriene B4(LTB4). A greater increase in LTB4 and 6-trans-LTB4 (one of its hydroxylated 5-lipoxygenase metabolic derivatives) occurs after stimulation with calcium-ionophore in asthma patients compared to healthy controls. ","(5S;6E;8E;10E;12R;14Z)-5;12-Dihydroxyeicosa-6;8;10;14-tetraenoic acidChEBI(6E;5S;12R)-Leukotriene b4ChEBI5(S);12(R)-Dihydroxy-6;8;10;14-(trans;trans;trans;cis)-eicosatetraenoic acidChEBI5S;12R-Dihydro","336.4657","NA","(5S;6E;8E;10E;12R;14Z)-5;12-dihydroxyicosa-6;8;10;14-tetraenoic acid","CCCCCC=C/C[C@@H](O)C=CC=CC=C[C@@H](O)CCCC(O)=O","NA","NA","HMDB0005087","NA","NA","NA","NA","HMDB"
"20601","NA","Anandamide","Anandamide; also known as arachidonoylethanolamide (AEA); is a highly potent endogenous agonist of the cannabinoid CB1 and CB2 receptors. ","(5Z;8Z;11Z;14Z)-N-(2-Hydroxyethyl)-5;8;11;14-eicosatetraenamideChEBI(all-Z)-N-(2-Hydroxyethyl)-5;8;11;14-eicosatetraenamideChEBIAEAChEBIAnandamide (20.4; N-6)ChEBIAnandamide(20:4; N-6)ChEBIArachidonic","347.5347","NA","(5Z;8Z;11Z;14Z)-N-(2-hydroxyethyl)icosa-5;8;11;14-tetraenamide","CCCCCC=C/CC=C/CC=C/CC=C/CCCC(=O)NCCO","NA","C11695","HMDB0004080","NA","NA","NA","NA","HMDB"
"20602","NA","Arachidonic acid","Arachidonic acid is a polyunsaturated; essential fatty acid that has a 20-carbon chain as a backbone and four cis-double bonds at the C5; C8; C11; and C14 positions. It is found in animal and human fat as well as in the liver; brain; and glandular organs; and is a constituent of animal phosphatides.","(5Z;8Z;11Z;14Z)-5;8;11;14-Icosatetraenoic acidChEBI(5Z;8Z;11Z;14Z)-Icosatetraenoic acidChEBIAAChEBIall-cis-5;8;11;14-Eicosatetraenoic acidChEBIARAChEBIArachidonateChEBIArachidonsaeureChEBIcis-5;8;11;1","304.4669","NA","(5Z;8Z;11Z;14Z)-icosa-5;8;11;14-tetraenoic acid","CCCCCC=C/CC=C/CC=C/CC=C/CCCC(O)=O","NA","C00219","HMDB0001043","NA","NA","DB04557","NA","HMDB"
"20603","NA","Leukotriene B4 dimethylamide","Leukotriene B4 dimethylamide is a derivative of Leukotriene B4 (LTB4) and was shown to inhibit neutrophil degranulation induced by LTB4. LTB4 is the major metabolite in neutrophil polymorphonuclear leukocytes. Leukotrienes are metabolites of arachidonic acid derived from the action of 5-LO (5-lipoxy","LTB4 Dimethyl amide; LTB4-Dimethylamide; N;N-Dimethyl-5S;12R-dihydroxy-6Z;8E;10E;14Z-eicosatetraen-1-amide; [S-[R*;s*-(e;Z;e;Z)]]-5;12-dihydroxy-N;N-dimethyl-6;8;10;14-eicosatetraenamide; LTB4dMA; Leu","363.5341","NA","(5S;6Z;8E;10E;12R;14Z)-5;12-dihydroxy-N;N-dimethylicosa-6;8;10;14-tetraenamide","CCCCCC=C/C[C@@H](O)C=CC=CC=C/[C@@H](O)CCCC(=O)N(C)C","NA","NA","HMDB0005085","NA","NA","NA","NA","HMDB"
"20604","NA","Leukotriene B4 ethanolamide","Leukotriene B4 ethanolamide is a synthetic agonist of leukotriene B4 (LTB4); that interacts with both leukotriene B4 receptors and Vanilloid TRPV1 receptors. Leukotriene B4 is the major metabolite in neutrophil polymorphonuclear leukocytes.","LTB4 Ethanol amide; N-(2-Hydroxyethyl)-5S;12R-dihydroxy-6Z;8E;10E;14Z-eicosatetraen-1-amide","379.5335","NA","(5S;6Z;8E;10E;12R;14Z)-5;12-dihydroxy-N-(2-hydroxyethyl)icosa-6;8;10;14-tetraenamide","CCCCCC=C/C[C@@H](O)C=CC=CC=C/[C@@H](O)CCCC(=O)NCCO","NA","NA","HMDB0002304","NA","NA","NA","NA","HMDB"
"20605","NA","Leukotriene B5","Leukotriene B5 (LTB5) is a 5-lipoxygenase metabolite of arachidonic (AA) and eicosapentaenoic acid (EPA); involved in numerous inflammatory diseases and possesses a substantially less potent inflammatory effect than LTB4. Binding of LTB5 to human neutrophil LTB4 high affinity binding sites is lower ","(5S;6Z;8E;10E;12R;14Z)-5;12-Dihydroxy-6;8;10;14;17-eicosapentaenoic acidChEBI5;12-DiHEPEChEBILTB5ChEBI(5S;6Z;8E;10E;12R;14Z)-5;12-Dihydroxy-6;8;10;14;17-eicosapentaenoateGenerator5;12-Dihydroxy-6-tran","334.4498","NA","(5S;6Z;8E;10E;12R;14Z;17Z)-5;12-dihydroxyicosa-6;8;10;14;17-pentaenoic acid","CCC=C/CC=C/C[C@@H](O)C=CC=CC=C/[C@@H](O)CCCC(O)=O","NA","NA","HMDB0005073","NA","NA","NA","NA","HMDB"
"20606","NA","Lipoxin B4","Lipoxins (LXs) and aspirin-triggered lipoxin (ATL) are trihydroxytetraene-containing eicosanoids generated from arachidonic acid that are distinct in structure; formation; and function from the many other proinflammatory lipid-derived mediators. These endogenous eicosanoids have now emerged as found","(5S;14R;6E;8Z;10E;12E;15S)-5;14;15-Trihydroxy-6;8;10;12-eicosatetraenoic acidChEBI(5S;6E;8Z;10E;12E;14R;15S)-5;14;15-Trihydroxyeicosa-6;8;10;12-tetraenoic acidChEBI(6E;8Z;10E;12E)-(5S;14R;15S)-Trihydr","352.4651","NA","(5S;6E;8Z;10E;12E;14R;15S)-5;14;15-trihydroxyicosa-6;8;10;12-tetraenoic acid","CCCCC[C@H](O)[C@H](O)C=CC=CC=C/C=C/[C@@H](O)CCCC(O)=O","NA","C06315","HMDB0005082","NA","NA","NA","NA","HMDB"
"20607","NA","Prostaglandin E3","Prostaglandin E3 is from the cyclooxygenase metabolism of eicosapentaenoic acid.Prostaglandins are eicosanoids. The eicosanoids consist of the prostaglandins (PGs); thromboxanes (TXs); leukotrienes (LTs); and lipoxins (LXs). ","(5Z;11alpha;13E;15S;17Z)-11;15-Dihydroxy-9-oxoprosta-5;13;17-trien-1-Oic acidChEBI9-oxo-11R;15S-Dihydroxy-5Z;13E;17Z-prostatrienoic acidChEBIPGE3ChEBI(5Z;11a;13E;15S;17Z)-11;15-Dihydroxy-9-oxoprosta-5","350.4492","NA","(5Z)-7-[(1R;2R;3R)-3-hydroxy-2-[(1E;3S;5Z)-3-hydroxyocta-1;5-dien-1-yl]-5-oxocyclopentyl]hept-5-enoic acid","CCC=C/C[C@H](O)C=C[C@H]1[C@H](O)CC(=O)[C@@H]1CC=C/CCCC(O)=O","NA","C06439","HMDB0002664","NA","NA","NA","NA","HMDB"
"20608","NA","Prostaglandin F2a","Prostaglandin F2a (PGF2) is one of the earliest discovered and most common prostaglandins. It is actively biosynthesized in various organs of mammals and exhibits a variety of biological activities; including contraction of pulmonary arteries. It is used in medicine to induce labor and as an abortif","(+)-Prostaglandin F2a; (5Z;13E)-(15S)-9-alpha;11-alpha;15-Trihydroxyprosta-5;13-dienoate; (5Z;13E)-(15S)-9-alpha;11-alpha;15-Trihydroxyprosta-5;13-dienoic acid; (5Z;13E;15S)-9a;11a;15-Trihydroxyprosta","354.481","NA","(5E)-7-[(1R;2R;3R;5S)-3;5-dihydroxy-2-[(1E;3S)-3-hydroxyoct-1-en-1-yl]cyclopentyl]hept-5-enoic acid","CCCCC[C@H](O)C=C[C@H]1[C@H](O)C[C@H](O)[C@@H]1CC=CCCCC(O)=O","NA","C00639","HMDB0001139","30","NA","NA","Q62786;  Q9P2B2;  Q9WV91;  P37289","HMDB"
"20609","NA","Prostaglandin I2","Prostaglandin I2 or prostacyclin (or PGI2) is a member of the family of lipid molecules known as eicosanoids. It is produced in endothelial cells from prostaglandin H2 (PGH2) by the action of the enzyme prostacyclin synthase. It is a powerful vasodilator and inhibits platelet aggregation. Prostaglan","(5Z;13E)-(15S)-6;9alpha-Epoxy-11alpha;15-dihydroxyprosta-5;13-dienoateChEBI(5Z;9alpha;11alpha;13E;15S)-6;9-Epoxy-11;15-dihydroxyprosta-5;13-dien-1-Oic acidChEBIEpoprostenolChEBIFlolanChEBIPGI2ChEBIPGX","352.4651","NA","5-[(3aR;4R;5R;6aS)-5-hydroxy-4-[(1E;3S)-3-hydroxyoct-1-en-1-yl]-hexahydro-2H-cyclopenta[b]furan-2-ylidene]pentanoic acid","CCCCC[C@H](O)C=C[C@H]1[C@H](O)C[C@@H]2OC(C[C@H]12)=CCCCC(O)=O","NA","C01312","HMDB0001335","NA","NA","NA","NA","HMDB"
"20610","NA","Resolvin E1","Resolvin E1 is a resolvin; a bioactive oxygenated product of EPA (eicosapentaenoic acid). It is a inflammation-resolving lipid mediator. RvE1 reduces neutrophil hyper-function; it also prevents the initiation and progression of tissue destruction","5S;12R;18R-Trihydroxy-6Z;8E;10E;14Z;16E-epa; ResolvinE1; RvE1; 5S;12R;18R-Trihydroxy-6Z;8E;10E;14Z;16E-eicosapentaenoic acid; (6Z;8E;10E;14Z;16E)-5;12;18-Trihydroxyicosa-6;8;10;14;16-pentaenoate; Reso","350.4492","NA","(6Z;8E;10E;14Z;16E)-5;12;18-trihydroxyicosa-6;8;10;14;16-pentaenoic acid","CCC(O)C=CC=C/CC(O)C=CC=CC=C/C(O)CCCC(O)=O","NA","NA","HMDB0010410","NA","NA","NA","NA","HMDB"
"20611","NA","Succinic acid","Succinic acid (succinate) is a dicarboxylic acid. It is an important component of the citric acid or TCA cycle and is capable of donating electrons to the electron transfer chain. Succinate is found in all living organisms ranging from bacteria to plants to mammals. In eukaryotes; succinate is gener","1;2-Ethanedicarboxylic acidChEBIAcide butanedioiqueChEBIAcide succiniqueChEBIAcidum succinicumChEBIAmber acidChEBIAsuccinChEBIBernsteinsaeureChEBIButandisaeureChEBIButanedionic acidChEBIDihydrofumaric","118.088","NA","butanedioic acid","OC(=O)CCC(O)=O","NA","C00042","HMDB0000254","NA","83.2 mg/mL","DB00139","Q9BXA5;  Q99MT6;  Q6IYF9","HMDB"
"20612","NA","O-Arachidonoyl Ethanolamine","Arachidonoyl ethanolamide (AEA) was the first endogenous cannabinoid to be isolated and characterized as an agonist acting on the same receptors (CB1 and CB2) as tetrahydrocannabinols (THC). Since that time; a number of related endocannabinoids have been isolated; most notably 2-arachidonoyl glycero","Arachidonic acid-(2-aminoethyl)-ester; O-AEA; Virodhamine; O-Arachidonyl ethanol amineMeSH; HMDBO-Arachidonoyl ethanolamineMeSH","347.5347","NA","2-aminoethyl (5Z;8Z;11Z;14Z)-icosa-5;8;11;14-tetraenoate","CCCCCC=C/CC=C/CC=C/CC=C/CCCC(=O)OCCN","NA","NA","HMDB0013655","NA","NA","NA","NA","HMDB"
"20613","NA","D-Aspartic acid","D-Aspartic acid is the D-isomer of aspartic acid. Since its discovery in invertebrates; free D-aspartate (D-Asp) has been identified in a variety of organisms; including microorganisms; plants; and lower animals; mammals and humans. D-Asp in mammalian tissues is present in specific cells; indicating","(R)-2-Aminobutanedioic acidChEBI(R)-2-Aminosuccinic acidChEBIAspartic acid D-formChEBID-AsparaginsaeureChEBIDASChEBI(R)-2-AminobutanedioateGenerator(R)-2-AminosuccinateGeneratorAspartate D-formGenerat","133.1027","NA","(2R)-2-aminobutanedioic acid","N[C@H](CC(O)=O)C(O)=O","NA","C00402","HMDB0006483","NA","NA","DB02655","NA","HMDB"
"20614","NA","Dopamine","Dopamine is a member of the catecholamine family of neurotransmitters in the brain and is a precursor to epinephrine (adrenaline) and norepinephrine (noradrenaline). Dopamine is synthesized in the body (mainly by nervous tissue and adrenal glands) first by the hydration of the amino acid tyrosine to","2-(3;4-Dihydroxyphenyl)ethylamineChEBI3;4-DihydroxyphenethylamineChEBI3-HydroxytyramineChEBI4-(2-Aminoethyl)-1;2-benzenediolChEBI4-(2-Aminoethyl)benzene-1;2-diolChEBI4-(2-Aminoethyl)catecholChEBI4-(2-","153.1784","NA","4-(2-aminoethyl)benzene-1;2-diol","NCCC1=CC(O)=C(O)C=C1","NA","C03758","HMDB0000073","128","535 mg/mL","DB00988","P21918;  P21917;  P21728;  P35462;  P14416;  P30729;  P25115;  Q8BLD9;  P51436","HMDB"
"20615","NA","Histamine","Histamine is an amine derived by enzymatic decarboxylation of histidine. It is a powerful stimulant of gastric secretion; a constrictor of bronchial smooth muscle; a vasodilator; and also a centrally acting neurotransmitter. Histamine can be found in Photobacterium phosphoreum and Lactobacillus","1H-Imidazole-4-ethanamineChEBI2-(4-Imidazolyl)ethylamineChEBI2-(1H-Imidazol-4-yl)ethanamine; 2-(1H-Imidazol-4-yl)ethylamine; 2-(1H-Imidazol-5-yl)ethanamine; 2-(1H-Imidazol-5-yl)ethylamine; 2-(4-Imidaz","111.1451","NA","2-(1H-imidazol-4-yl)ethan-1-amine","NCCC1=CNC=N1","NA","C00388","HMDB0000870","86","NA","DB05381","P35367;  P25021;  Q9Y5N1;  P70174;  P30546;  P31390;  P58406;  Q9QYN8;  Q9H3N8;  P25102;  P97292","HMDB"
"20616","NA","L-Aspartic acid","Aspartic acid (Asp); also known as L-aspartic acid or as aspartate; the name of its anion; is an alpha-amino acid. These are amino acids in which the amino group is attached to the carbon atom immediately adjacent to the carboxylate group (alpha carbon). ","(S)-2-Aminobutanedioic acidChEBI(S)-2-Aminosuccinic acidChEBI2-Aminosuccinic acidChEBIAspChEBIASPARTIC ACIDChEBIDChEBIL-AsparaginsaeureChEBIL-AspKegg(S)-2-AminobutanedioateGenerator(S)-2-Aminosuccinat","133.1027","NA","(2S)-2-aminobutanedioic acid","N[C@@H](CC(O)=O)C(O)=O","NA","C00049","HMDB0000191","270","5.39 mg/mL","DB00128","NA","HMDB"
"20617","NA","L-Glutamic acid","Glutamic acid (Glu); also known as L-glutamic acid or as glutamate; the name of its anion; is an alpha-amino acid. These are amino acids in which the amino group is attached to the carbon atom immediately adjacent to the carboxylate group (alpha carbon). ","(S)-2-Aminopentanedioic acidChEBI(S)-Glutamic acidChEBIAcide glutamiqueChEBIAcido glutamicoChEBIAcidum glutamicumChEBIEChEBIGluChEBIGlutamateChEBIGLUTAMIC ACIDChEBIL-GluChEBIL-Glutaminic acidChEBIL-Gl","147.1293","NA","(2S)-2-aminopentanedioic acid","N[C@@H](CCC(O)=O)C(O)=O","NA","C00025","HMDB0000148","NA","8.57 mg/mL","DB00142","NA","HMDB"
"20618","NA","Liothyronine","Liothyronine is a T3 thyroid hormone normally synthesized and secreted by the thyroid gland in much smaller quantities than thyroxine (T4). Most T3 is derived from peripheral monodeiodination of T4 at the 5' position of the outer ring of the iodothyronine nucleus. The hormone that is finally deliver","3;5;3'-Triiodo-L-thyronineChEBI3;5;3'-TriiodothyronineChEBI3;5;3'TRIIODOTHYRONINEChEBI4-(4-Hydroxy-3-iodophenoxy)-3;5-diiodo-L-phenylalanineChEBIL-3;5;3'-TriiodothyronineChEBIL-T3ChEBILiothyroninumChE","650.9735","NA","(2S)-2-amino-3-[4-(4-hydroxy-3-iodophenoxy)-3;5-diiodophenyl]propanoic acid","N[C@@H](CC1=CC(I)=C(OC2=CC(I)=C(O)C=C2)C(I)=C1)C(O)=O","NA","C02465","HMDB0000265","NA","NA","DB00279","NA","HMDB"
"20619","NA","Alfacalcidol","Alfacalcidol is an active metabolite of Vitamin D; which performs important functions in regulation of the calcium balance and the bone metabolism. Alfacalcidol is Vitamin D-hormone analog which is activated by the enzyme 25-hydroxylase in the liver for systemic and in osteoblasts for local D-hormon","(5Z;7E)-9;10-Seco-5;7;10(19)-cholestatrien-1alpha;3beta-diolChEBI1alpha-Hydroxy-vitamin D3ChEBI1alpha-HydroxycholecalciferolChEBI1alpha-Hydroxyvitamin D3ChEBI9;10-Secocholesta-5;7;10(19)-triene-1alpha","400.6371","NA","(1R;3S;5Z)-5-{2-[(1R;3aS;4E;7aR)-7a-methyl-1-[(2R)-6-methylheptan-2-yl]-octahydro-1H-inden-4-ylidene]ethylidene}-4-methylidenecyclohexane-1;3-diol","CC(C)CCC[C@@H](C)[C@@]1([H])CC[C@@]2([H])C(CCC[C@]12C)=CC=C1C[C@@H](O)C[C@H](O)C1=C","NA","NA","HMDB0015504","136","0.0016 g/L","DB01436","NA","HMDB"
"20620","NA","Prostaglandin J2","Prostaglandin J2 (PGJ2) is an endogenous product of inflammation in humans. It induces neuronal death and the accumulation of ubiquitinated proteins into distinct aggregates. It may play a role in neurodegenerative disorders inducing a chain of events that culminates in neuronal cell death. An alter","9-Deoxy-delta-9-PGD2ChEBI9-Deoxy-delta-9-prostaglandin D2ChEBIPGJ2ChEBI9-Deoxy-δ-9-PGD2Generator9-Deoxy-δ-9-prostaglandin D2Generator11-oxo-15S-Hydroxy-5Z;8Z;13E-prostatrienoate; 11-oxo-15S-Hydroxy-5Z","334.4498","NA","(5Z)-7-[(1S;5R)-5-[(1E;3S)-3-hydroxyoct-1-en-1-yl]-4-oxocyclopent-2-en-1-yl]hept-5-enoic acid","CCCCC[C@H](O)C=C[C@@H]1[C@@H](CC=C/CCCC(O)=O)C=CC1=O","NA","C05957","HMDB0002710","NA","NA","NA","NA","HMDB"
"20621","NA","Brassinolide","Brassinolide belongs to the class of organic compounds known as brassinolides and derivatives. These are cholestane based steroid lactones containing benzo[c]indeno[5,4-e]oxepin-3-one. Thus, brassinolide is considered to be a sterol.","24-Epibrassinolide; 2,3,22,23-Tetrahydroxy-24-methyl-b-homo-7-oxacholestan-6-one; 2alpha,3alpha,22alpha,23alpha-Tetrahydroxy-24alpha-methyl-b-homo-7-oxa-5alpha-cholestan-6-one; Brassinolide","480.6771","C28H48O6","(1S,2R,4R,5S,7S,11S,12S,15R,16S)-15-[(2S,3R,4R,5R)-3,4-dihydroxy-5,6-dimethylheptan-2-yl]-4,5-dihydroxy-2,16-dimethyl-9-oxatetracyclo[9.7.0.0²,⁷.0¹²,¹⁶]octadecan-8-one","[H][C@@]12CC[C@H]([C@H](C)[C@@H](O)[C@H](O)[C@H](C)C(C)C)[C@@]1(C)CC[C@@]1([H])[C@@]2([H])COC(=O)[C@@]2([H])C[C@H](O)[C@H](O)C[C@]12C","NA","C11049","HMDB0034081","274","0.034 g/L","NA","NA","HMDB"
"20622","53477888","CE(24:1(15Z))","Cholesteryl nervonic acid is a cholesteryl ester. A cholesteryl ester is an ester of cholesterol. Fatty acid esters of cholesterol constitute about two-thirds of the cholesterol in the plasma. Cholesterol is a sterol (a combination steroid and alcohol) and a lipid found in the cell membranes of all ","24:1 Cholesterol ester;Cholest-5-en-3beta-yl (15Z-tetracosenoate;Cholest-5-en-3beta-yl (15Z-tetracosenoate);Cholest-5-en-3beta-yl (15Z-tetracosenoic acid;Cholesteryl nervonic acid;Cholesterol 1-nervon","735.2591","C51H90O2","(1S;2R;5S;10S;11S;14R;15R)-2;15-dimethyl-14-[(2R)-6-methylheptan-2-yl]tetracyclo[8.7.0.0^{2;7}.0^{11;15}]heptadec-7-en-5-yl (15Z)-tetracos-15-enoate","CCCCCCCCC=C/CCCCCCCCCCCCCC(=O)O[C@H]1CC[C@@]2(C)C(=CC[C@@]3([H])[C@]4([H])CC[C@]([H])([C@H](C)CCCC(C)C)[C@@]4(C)CC[C@]23[H])C1","NA","C02530","HMDB0006728","NA","NA","NA","NA","HMDB"
"20623","16061341","CE(22:4(7Z;10Z;13Z;16Z))","Cholesteryl docosatetraenoic acid is a cholesteryl ester. A cholesteryl ester is an ester of cholesterol. Fatty acid esters of cholesterol constitute about two-thirds of the cholesterol in the plasma. Cholesterol is a sterol (a combination steroid and alcohol) and a lipid found in the cell membranes","22:4 Cholesterol ester;Cholest-5-en-3beta-yl (7Z;10Z;13Z;16Z-docosatetraenoate;Cholest-5-en-3beta-yl (7Z;10Z;13Z;16Z-docosatetraenoic acid;Cholesteryl docosatetraenoate;Cholesteryl docosatetraenoic ac","701.177","C49H80O2","(2R;5S;15R)-2;15-dimethyl-14-[(2R)-6-methylheptan-2-yl]tetracyclo[8.7.0.0^{2;7}.0^{11;15}]heptadec-7-en-5-yl (7Z;10Z;13Z;16Z)-docosa-7;10;13;16-tetraenoate","CCCCCC=C/CC=C/CC=C/CC=C/CCCCCC(=O)O[C@H]1CC[C@]2(C)C3CC[C@]4(C)C(CCC4C3CC=C2C1)[C@H](C)CCCC(C)C","NA","C02530","HMDB0006729","NA","NA","NA","NA","HMDB"
"20624","53477889","CE(20:5(5Z;8Z;11Z;14Z;17Z))","Cholesteryl eicosapentaenoic acid is a cholesteryl ester. A cholesteryl ester is an ester of cholesterol. Fatty acid esters of cholesterol constitute about two-thirds of the cholesterol in the plasma. ","(3b)-Cholest-5-en-3-ol  (5Z;8Z;11Z;14Z;17Z)-5;8;11;14;17-eicosapentaenoate;(3b)-Cholest-5-en-3-ol  (5Z;8Z;11Z;14Z;17Z)-5;8;11;14;17-eicosapentaenoic acid;(3b)-Cholest-5-en-3-ol (all-Z)-5;8;11;14;17-ei","671.0893","C47H74O2","(2R;5S;15R)-2;15-dimethyl-14-[(2R)-6-methylheptan-2-yl]tetracyclo[8.7.0.0^{2;7}.0^{11;15}]heptadec-7-en-5-yl (5Z;8Z;11Z;14Z;17Z)-icosa-5;8;11;14;17-pentaenoate","CCC=C/CC=C/CC=C/CC=C/CC=C/CCCC(=O)O[C@H]1CC[C@]2(C)C3CC[C@]4(C)C(CCC4C3CC=C2C1)[C@H](C)CCCC(C)C","NA","C02530","HMDB0006731","NA","NA","NA","NA","HMDB"
"20625","53477890","CE(22:6(4Z;7Z;10Z;13Z;16Z;19Z))","Cholesteryl docosahexaenoic acid is a cholesteryl ester. A cholesteryl ester is an ester of cholesterol. Fatty acid esters of cholesterol constitute about two-thirds of the cholesterol in the plasma. Cholesterol is a sterol (a combination steroid and alcohol) and a lipid found in the cell membranes ","22:6 Cholesterol ester;Cholest-5-en-3beta-yl (4Z;7Z;10Z;13Z;16Z;19Z-docosahexaenoate;Cholest-5-en-3beta-yl (4Z;7Z;10Z;13Z;16Z;19Z-docosahexaenoate);Cholest-5-en-3beta-yl (4Z;7Z;10Z;13Z;16Z;19Z-docosah","697.1265","C49H76O2","(2R;5S;15R)-2;15-dimethyl-14-[(2R)-6-methylheptan-2-yl]tetracyclo[8.7.0.0²;⁷.0¹¹;¹⁵]heptadec-7-en-5-yl (4Z;7Z;10Z;13Z;16Z;19Z)-docosa-4;7;10;13;16;19-hexaenoate","CCC=C/CC=C/CC=C/CC=C/CC=C/CC=C/CCC(=O)O[C@H]1CC[C@]2(C)C3CC[C@]4(C)C(CCC4C3CC=C2C1)[C@H](C)CCCC(C)C","NA","C02530","HMDB0006733","NA","NA","NA","NA","HMDB"
"20626","53477895","CE(20:2(6Z;9Z))","Cholesteryl eicosadienoic acid is a cholesteryl ester. A cholesteryl ester is an ester of cholesterol. Fatty acid esters of cholesterol constitute about two-thirds of the cholesterol in the plasma. Cholesterol is a sterol (a combination steroid and alcohol) and a lipid found in the cell membranes of","LacCer(D18:1/16:0);N-(Hexadecanoyl)-1-b-lactosyl-sphing-4-enine;1-O-(4-O-b-D-Galactopyranosyl-b-D-glucopyranosyl)-ceramide;1-O-(4-O-beta-D-Galactopyranosyl-beta-glucopyranosyl)ceramide;1-O-(4-O-beta-d","677.1369","C47H80O2","(2R;5S;15R)-2;15-dimethyl-14-[(2R)-6-methylheptan-2-yl]tetracyclo[8.7.0.0²;⁷.0¹¹;¹⁵]heptadec-7-en-5-yl (11Z;14Z)-icosa-11;14-dienoate","CCCCCC=C/CC=C/CCCCCCCCCC(=O)O[C@H]1CC[C@]2(C)C3CC[C@]4(C)C(CCC4C3CC=C2C1)[C@H](C)CCCC(C)C","NA","C01290","HMDB0006734","NA","NA","NA","NA","HMDB"
"20627","53477892","CE(20:3(8Z;11Z;14Z))","Cholesteryl eicosatrienoic acid is a cholesteryl ester. A cholesteryl ester is an ester of cholesterol. Fatty acid esters of cholesterol constitute about two-thirds of the cholesterol in the plasma. Cholesterol is a sterol (a combination steroid and alcohol) and a lipid found in the cell membranes o","20:3 Cholesterol ester;Cholest-5-en-3beta-yl (8Z;11Z;14Z-eicosatrienoate;Cholest-5-en-3beta-yl (8Z;11Z;14Z-eicosatrienoate);Cholest-5-en-3beta-yl (8Z;11Z;14Z-eicosatrienoic acid;Cholesteryl eicosatrie","675.121","C47H78O2","(2R;5S;15R)-2;15-dimethyl-14-[(2R)-6-methylheptan-2-yl]tetracyclo[8.7.0.0²;⁷.0¹¹;¹⁵]heptadec-7-en-5-yl (8Z;11Z;14Z)-icosa-8;11;14-trienoate","CCCCCC=C/CC=C/CC=C/CCCCCCC(=O)O[C@H]1CC[C@@]2(C)C(=CCC3C4CCC([C@H](C)CCCC(C)C)[C@@]4(C)CCC23)C1","NA","C02530","HMDB0006736","NA","NA","NA","NA","HMDB"
"20628","53477893","CE(22:2(13Z;16Z))","Cholesteryl docosadienoic acid is a cholesteryl ester. A cholesteryl ester is an ester of cholesterol. Fatty acid esters of cholesterol constitute about two-thirds of the cholesterol in the plasma. ","22:2 Cholesterol ester;Cholest-5-en-3beta-yl (13Z;16Z-docosadienoate;Cholest-5-en-3beta-yl (13Z;16Z-docosadienoate);Cholest-5-en-3beta-yl (13Z;16Z-docosadienoic acid;Cholesteryl docosadienoate;Cholest","705.1901","C49H84O2","(2R;5S;15R)-2;15-dimethyl-14-[(2R)-6-methylheptan-2-yl]tetracyclo[8.7.0.0²;⁷.0¹¹;¹⁵]heptadec-7-en-5-yl (13Z;16Z)-docosa-13;16-dienoate","CCCCCC=C/CC=C/CCCCCCCCCCCC(=O)O[C@H]1CC[C@]2(C)C3CC[C@]4(C)C(CCC4C3CC=C2C1)[C@H](C)CCCC(C)C","NA","C02530","HMDB0006737","NA","NA","NA","NA","HMDB"
"20629","14274981","CE(19:0)","Cholesteryl nonadecanoic acid is a cholesteryl ester. Cholesteryl ester (CE) is the major transport and storage form of cholesterol in lipoprotein particles and most cell types. Molecular composition of CE species is of high interest for arteriosclerosis research; i.e.; as components of lipoprotein ","19:0 Cholesterol ester;19:0 Cholesteryl ester;CE 19:0;Cholest-5-en-3beta-yl nonadecanoate;Nonadecanoylcholesterol;Cholest-5-en-3b-yl nonadecanoate;Cholest-5-en-3b-yl nonadecanoic acid;Cholest-5-en-3be","667.1421","C46H82O2","(1S;2R;5S;10S;11S;14R;15R)-2;15-dimethyl-14-[(2R)-6-methylheptan-2-yl]tetracyclo[8.7.0.0²;⁷.0¹¹;¹⁵]heptadec-7-en-5-yl nonadecanoate","[H][C@@]1(CC[C@@]2([H])[C@]3([H])CC=C4C[C@H](CC[C@]4(C)[C@@]3([H])CC[C@]12C)OC(=O)CCCCCCCCCCCCCCCCCC)[C@H](C)CCCC(C)C","NA","C02530","HMDB0006738","NA","NA","NA","NA","HMDB"
"20630","53477894","CE(20:0)","CE(20:0) is a cholesterol fatty acid ester or simply a cholesterol ester (CE). Cholesterol esters are cholesterol molecules with long-chain fatty acids linked to the hydroxyl group. They are much less polar than free cholesterol and appear to be the preferred form for transport in plasma and for sto","1-Arachidonyl-cholesterol;20:0 Cholesterol ester;CE(20:0/0:0);Cholest-5-en-3b-yl eicosanoate;Cholest-5-en-3b-yl eicosanoic acid;Cholesterol 1-arachidonyl;Cholesterol 1-eicosanoate;Cholesterol 1-eicosa","681.1687","C47H84O2","(2R;5S;15R)-2;15-dimethyl-14-[(2R)-6-methylheptan-2-yl]tetracyclo[8.7.0.0²;⁷.0¹¹;¹⁵]heptadec-7-en-5-yl icosanoate","CCCCCCCCCCCCCCCCCCCC(=O)O[C@H]1CC[C@]2(C)C3CC[C@]4(C)C(CCC4C3CC=C2C1)[C@H](C)CCCC(C)C","NA","C02530","HMDB0006740","85","NA","NA","NA","HMDB"
"20631","101770","5alpha-Cholest-8-en-3beta-ol","5alpha-Cholest-8-en-3beta-ol; also known as zymostenol; is a normal human metabolite and an intermediate of cholesterol synthesis. The concentrations of zymostenol are higher; both in the serum and bile of patients with cerebrotendinous xanthomatosis; compared to controls or in patients with cerebro","Cholestenol;Zymostenol;​5a-cholest-8-en-3b-ol;​5α-cholest-8-en-3β-ol;(3beta;5alpha)Cholestenol;3beta-Hydroxy-8(9)-cholestene;3beta-Hydroxycholest-8(9)-ene;5-alpha-Cholest-8-en-3-beta-ol;5alpha-Cholest","386.6535","C27H46O","(2S;5S;7S;11R;14R;15R)-2;15-dimethyl-14-[(2R)-6-methylheptan-2-yl]tetracyclo[8.7.0.0^{2;7}.0^{11;15}]heptadec-1(10)-en-5-ol","[H][C@@]1(CC[C@@]2([H])C3=C(CC[C@]12C)[C@@]1(C)CC[C@H](O)C[C@]1([H])CC3)[C@H](C)CCCC(C)C","NA","C03845","HMDB0006841","NA","NA","NA","NA","HMDB"
"20632","5459827","5alpha-Cholesta-7;24-dien-3beta-ol","5alpha-Cholesta-7;24-dien-3beta-ol belongs to the class of organic compounds known as cholesterols and derivatives. Cholesterols and derivatives are compounds containing a 3-hydroxylated cholestane core. ","(3beta;5alpha)-Cholesta-7;24-dien-3-ol;Cholesta-7;24-dien-3-ol;(3b;5a)-Cholesta-7;24-dien-3-ol;(3β;5α)-Cholesta-7;24-dien-3-ol;5a-Cholesta-7;24-dien-3b-ol;5α-Cholesta-7;24-dien-3β-ol;5 alpha-Cholesta-","384.648","C27H44O","(1R;2S;5S;7S;11R;14R;15R)-2;15-dimethyl-14-[(2R)-6-methylhept-5-en-2-yl]tetracyclo[8.7.0.0^{2;7}.0^{11;15}]heptadec-9-en-5-ol","[H][C@@]1(CC[C@@]2([H])C3=CC[C@@]4([H])C[C@@H](O)CC[C@]4(C)[C@@]3([H])CC[C@]12C)[C@H](C)CCC=C(C)C","NA","C05439","HMDB0006842","147","NA","NA","NA","HMDB"
"20633","5281327","Brassicasterol","Brassicasterol belongs to the class of organic compounds known as ergosterols and derivatives. These are steroids containing ergosta-5;7;22-trien-3beta-ol or a derivative thereof; which is based on the 3beta-hydroxylated ergostane skeleton. Thus; brassicasterol is considered to be a sterol lipid mol","(22E;24R)-24-Methylcholesta-5;22-dien-3beta-ol;(3beta;22E)-Ergosta-5;22-dien-3-ol;24(R)-Methylcholesta-5;22E-dien-3beta-ol;24-Methyl cholest-5;22-dien-3beta-ol;Brassicasterin;Ergosta-5;22(e)-dien-3bet","398.675","C28H46O","(1S;2R;5S;10S;11S;14R;15R)-14-[(2R;3E;5R)-5;6-dimethylhept-3-en-2-yl]-2;15-dimethyltetracyclo[8.7.0.0^{2;7}.0^{11;15}]heptadec-7-en-5-ol","[H][C@@]1(CC[C@@]2([H])[C@]3([H])CC=C4C[C@@H](O)CC[C@]4(C)[C@@]3([H])CC[C@]12C)[C@H](C)C=C[C@H](C)C(C)C","NA","C08813","HMDB0011181","150","0.00023 mg/L at 25 °C ","NA","NA","HMDB"
"20634","68759","5beta-Cholestanone","5beta-Cholestanone; also known as coprostan-3-one; belongs to the class of organic compounds known as cholesterols and derivatives. Cholesterols and derivatives are compounds containing a 3-hydroxylated cholestane core. Thus; 5beta-cholestanone is considered to be a sterol. Based on a literature rev","Coprostan-3-one;5b-Cholestanone;5Β-cholestanone;5beta-Cholestan-3-one;Coprostan-3-one;5b-Cholestanone;5Β-cholestanone;5beta-Cholestan-3-one;5b-Cholestanone;5Β-cholestanone;5beta-Cholestan-3-one","386.6535","C27H46O","(1S;2S;7R;10R;11S;14R;15R)-2;15-dimethyl-14-[(2R)-6-methylheptan-2-yl]tetracyclo[8.7.0.0²;⁷.0¹¹;¹⁵]heptadecan-5-one","[H][C@@]1(CC[C@@]2([H])[C@]3([H])CC[C@]4([H])CC(=O)CC[C@]4(C)[C@@]3([H])CC[C@]12C)[C@H](C)CCCC(C)C","NA","C03091","HMDB0011182","NA","NA","NA","NA","HMDB"
"20635","53481015","2-Methylerythritol","2-C-methyl-D-erythritol is a soluble carbohydrate that is found in certain higher plants. In particular; it can be found in the petals; leaves and stems of certain flowering plants","(2R;3S)-2-Methyl-1;2;3;4-butanetetrol;2-C-Methyl-D-erythritol;2-C-Methylerythritol;3-Methylerythritol;[S-(R;S)]-2-Methyl-1;2;3;4-butanetetrol;3-C-Methylerythritol;2-Methylerythritol;(2R;3S)-2-Methyl-1","136.1464","C5H12O4","(3S)-2-methylbutane-1;2;3;4-tetrol","CC(O)(CO)[C@@H](O)CO","NA","NA","HMDB0011659","NA","NA","NA","NA","HMDB"
"20636","24771808","2;3;4;5-Tetrahydro-2-pyridinecarboxylic acid","2;3;4;5-Tetrahydro-2-pyridinecarboxylic acid (CAS: 3038-89-9); also known as 2;3;4;5-tetrahydropiperidine-2-carboxylate and 1-piperideine-6-carboxylic acid; is a cyclic intermediate in lysine degradation. L-Lysine is an essential amino acid that is a necessary building block for all protein in the b","(S)-2;3;4;5-Tetrahydropyridine-2-carboxylic acid;delta1-Piperideine-6-L-carboxylate;Delta(1)-Piperideine-6-L-carboxylic acid;(S)-2;3;4;5-Tetrahydropyridine-2-carboxylate;delta1-Piperideine-6-L-carboxy","127.1412","C6H9NO2","(2S)-2;3;4;5-tetrahydropyridine-2-carboxylic acid","OC(=O)[C@@H]1CCCC=N1","NA","C00450","HMDB0012130","NA","NA","NA","NA","HMDB"
"20637","440077","(S)-5-Amino-3-oxohexanoate","(S)-5-Amino-3-oxohexanoate is an intermediate in lysine degradation. L-Lysine is an essential amino acid that is a necessary building block for all protein in the body and It plays a major role in calcium absorption; building muscle protein; recovering from surgery or sports injuries; and the body's","(S)-5-Amino-3-oxohexanoic acid;(S)-5-amino-3-oxo-Hexanoic acid;(S)-5-amino-3-oxo-Hexanoate;3-keto-5-Aminohexanoate;3-keto-5-Aminohexanoic acid;5-amino-3-Oxohexanoate;5-amino-3-Oxohexanoic acid;(S)-5-A","145.1564","C6H11NO3","(5S)-5-amino-3-oxohexanoic acid","C[C@H](N)CC(=O)CC(O)=O","NA","C03656","HMDB0012131","NA","NA","NA","NA","HMDB"
"20638","439954","2-Keto-6-aminocaproate","2-Keto-6-aminocaproate is an intermediate in lysine degradation and can be formed from L-lysine. L-Lysine is an essential amino-acid that is a necessary building block for all protein in the body. L-Lysine plays a major role in calcium absorption; building muscle protein; recovering from surgery or ","2-oxo-6-Aminocaproate;6-Amino-2-oxohexanoate;2-oxo-6-Aminocaproic acid;6-Amino-2-oxohexanoic acid;2-Keto-6-aminocaproic acid;2-keto-6-amino-Caproate;2-keto-6-amino-Caproic acid;2-oxo-6-Aminohexanoate;","145.1564","C6H11NO3","6-amino-2-oxohexanoic acid","NCCCCC(=O)C(O)=O","NA","C03239","HMDB0012151","NA","NA","NA","NA","HMDB"
"20639","22569148","2-Hydroxyestrone sulfate","2-Hydroxyestrone sulfate is a sulfate derivative of Estrone. Estrone (also oestrone) is an estrogenic hormone secreted by the ovary. Its molecular formula is C18H22O2. estrone has a melting point of 254.5 degrees Celsius. estrone is one of the three estrogens; which also include estriol and estradio","2-Hydroxyestrone sulfuric acid;2-Hydroxyestrone sulphate;2-Hydroxyestrone sulphuric acid;1;3;5(10)-Triene-2;3-diol-17-one 3-sulfate;1;3;5(10)-Triene-2;3-diol-17-one 3-sulphate;2;3-Dihydroxyestra-1;3;5","366.43","C18H22O6S","{4-hydroxy-15-methyl-14-oxotetracyclo[8.7.0.0^{2;7}.0^{11;15}]heptadeca-2(7);3;5-trien-5-yl}oxidanesulfonic acid","CC12CCC3C(CCC4=C3C=C(O)C(OS(O)(=O)=O)=C4)C1CCC2=O","NA","NA","HMDB0012622","NA","NA","NA","NA","HMDB"
"20640","53481501","2-Hydroxyestrone-1-S-glutathione","2-Hydroxyestrone-1-S-glutathione is a glutathione conjugate derivative of Estrone. Estrone (also oestrone) is an estrogenic hormone secreted by the ovary. Its molecular formula is C18H22O2. estrone has a melting point of 254.5 degrees Celsius. estrone is one of the three estrogens; which also includ","2;3-Dihydroxy-1;3;5[10]-estratriene-17-one-1-S-glutathione;(2R)-2-Amino-4-{[(1S)-1-[(carboxymethyl)-C-hydroxycarbonimidoyl]-2-{[(15S)-4;5-dihydroxy-15-methyl-14-oxotetracyclo[8.7.0.0²;⁷.0¹¹;¹⁵]heptade","591.673","C28H37N3O9S","(2R)-2-amino-4-{[(1S)-1-[(carboxymethyl)carbamoyl]-2-{[(15S)-4;5-dihydroxy-15-methyl-14-oxotetracyclo[8.7.0.0^{2;7}.0^{11;15}]heptadeca-2(7);3;5-trien-3-yl]sulfanyl}ethyl]carbamoyl}butanoic acid","C[C@]12CCC3C(CCC4=C3C(SC[C@@H](NC(=O)CC[C@@H](N)C(O)=O)C(=O)NCC(O)=O)=C(O)C(O)=C4)C1CCC2=O","NA","NA","HMDB0012623","NA","NA","NA","NA","HMDB"
"20641","53481502","2-Hydroxyestrone-4-S-glutathione","2-Hydroxyestrone-4-S-glutathione is a glutathione conjugate derivative of Estrone. Estrone (also oestrone) is an estrogenic hormone secreted by the ovary. Its molecular formula is C18H22O2. estrone has a melting point of 254.5 degrees Celsius. estrone is one of the three estrogens; which also includ","2;3-Dihydroxy-1;3;5[10]-estratriene-17-one-4-S-glutathione;(2R)-2-Amino-4-{[(1S)-1-[(carboxymethyl)-C-hydroxycarbonimidoyl]-2-{[(15S)-4;5-dihydroxy-15-methyl-14-oxotetracyclo[8.7.0.0²;⁷.0¹¹;¹⁵]heptade","591.673","C28H37N3O9S","(2R)-2-amino-4-{[(1S)-1-[(carboxymethyl)carbamoyl]-2-{[(15S)-4;5-dihydroxy-15-methyl-14-oxotetracyclo[8.7.0.0^{2;7}.0^{11;15}]heptadeca-2(7);3;5-trien-6-yl]sulfanyl}ethyl]carbamoyl}butanoic acid","C[C@]12CCC3C(CCC4=C3C=C(O)C(O)=C4SC[C@@H](NC(=O)CC[C@@H](N)C(O)=O)C(=O)NCC(O)=O)C1CCC2=O","NA","NA","HMDB0012624","NA","NA","NA","NA","HMDB"
"20642","12337017","4-Hydroxyestrone sulfate","4-Hydroxyestrone sulfate is a sulfate derivative of Estrone. Estrone (also oestrone) is an estrogenic hormone secreted by the ovary. Its molecular formula is C18H22O2. estrone has a melting point of 254.5 degrees Celsius. estrone is one of the three estrogens; which also include estriol and estradio","4-Hydroxyestrone sulfuric acid;4-Hydroxyestrone sulphate;4-Hydroxyestrone sulphuric acid;1;3;5(10)-Triene-3;4-diol-17-one 3-sulfate;1;3;5(10)-Triene-3;4-diol-17-one 3-sulphate;3;4-Dihydroxyestra-1;3;5","366.429","C18H22O6S","[(15R)-6-hydroxy-15-methyl-14-oxotetracyclo[8.7.0.0²;⁷.0¹¹;¹⁵]heptadeca-2(7);3;5-trien-5-yl]oxidanesulfonic acid","C[C@@]12CCC3C(CCC4=C3C=CC(OS(O)(=O)=O)=C4O)C1CCC2=O","NA","NA","HMDB0012779","NA","NA","NA","NA","HMDB"
"20643","53481521","4-Hydroxyestrone-2-S-glutathione","4-Hydroxyestrone-2-S-glutathione is a glutathione conjugate derivative of Estrone. Estrone (also oestrone) is an estrogenic hormone secreted by the ovary. Its molecular formula is C18H22O2. estrone has a melting point of 254.5 degrees Celsius. estrone is one of the three estrogens; which also includ","3;4-Dihydroxy-1;3;5[10]-estratriene-17-one-2-S-glutathione;(2R)-2-Amino-4-{[(1S)-1-[(carboxymethyl)-C-hydroxycarbonimidoyl]-2-{[(15S)-5;6-dihydroxy-15-methyl-14-oxotetracyclo[8.7.0.0²;⁷.0¹¹;¹⁵]heptade","591.673","C28H37N3O9S","(2R)-2-amino-4-{[(1S)-1-[(carboxymethyl)carbamoyl]-2-{[(15S)-5;6-dihydroxy-15-methyl-14-oxotetracyclo[8.7.0.0^{2;7}.0^{11;15}]heptadeca-2(7);3;5-trien-4-yl]sulfanyl}ethyl]carbamoyl}butanoic acid","C[C@]12CCC3C(CCC4=C3C=C(SC[C@@H](NC(=O)CC[C@@H](N)C(O)=O)C(=O)NCC(O)=O)C(O)=C4O)C1CCC2=O","NA","NA","HMDB0012780","NA","NA","NA","NA","HMDB"
"20644","53481604","Somatostatin fragment 3-14","Somatostatin (also known as growth hormone-inhibiting hormone (GHIH) or somatotropin release-inhibiting factor (SRIF)) is a peptide hormone that regulates the endocrine system and affects neurotransmission and cell proliferation via interaction with G-protein-coupled somatostatin receptors and inhib","Cys-lys-asn-phe-phe-TRP-lys-THR-phe-THR-ser-cys;(5S;8R;11R;14R;20R;23R;26R;29R;32R;35R;38R)-38-Amino-20;35-bis(4-aminobutyl)-14;26;29-tribenzyl-7;10;13;16;19;22;25;28;31;34;37-undecahydroxy-32-[(C-hyd","1523.776","C72H98N16O17S2","(5S;8R;11R;14R;20R;23R;26R;29R;32R;35R;38R)-38-amino-20;35-bis(4-aminobutyl)-14;26;29-tribenzyl-32-(carbamoylmethyl)-17-(1-hydroxyethyl)-11-[(1S)-1-hydroxyethyl]-8-(hydroxymethyl)-23-[(1H-indol-3-yl)methyl]-7;10;13;16;19;22;25;28;31;34;37-undecaoxo-1;2-dithia-6;9;12;15;18;21;24;27;30;33;36-undecaazacyclononatriacontane-5-carboxylic acid","CC(O)C1NC(=O)[C@@H](CCCCN)NC(=O)[C@@H](CC2=CNC3=C2C=CC=C3)NC(=O)[C@@H](CC2=CC=CC=C2)NC(=O)[C@@H](CC2=CC=CC=C2)NC(=O)[C@@H](CC(N)=O)NC(=O)[C@@H](CCCCN)NC(=O)[C@@H](N)CSSCC[C@H](NC(=O)[C@@H](CO)NC(=O)[C@H](NC(=O)[C@@H](CC2=CC=CC=C2)NC1=O)[C@H](C)O)C(O)=O","NA","NA","HMDB0013071","NA","NA","NA","NA","HMDB"
"20645","53481605","Somatostatin","Somatostatin belongs to the class of organic compounds known as polypeptides. These are peptides containing ten or more amino acid residues. In humans; somatostatin is involved in the pancreas function - delta cell pathway. Somatostatin is a primary metabolite. Primary metabolites are metabolically ","Growth hormone-inhibiting hormone (ghih);Somatotropin release-inhibiting factor (srif);Somatotropin release-inhibiting hormone;(5S;8R;14R;17R;20R;23R;26R;29R;32R;35R)-38-[(2-{[(2R)-2-amino-1-hydroxypr","1651.905","C77H106N18O19S2","(5S;8R;14R;17R;20R;23R;26R;29R;32R;35R)-20;35-bis(4-aminobutyl)-38-{2-[(2R)-2-aminopropanamido]acetamido}-14;26;29-tribenzyl-32-(carbamoylmethyl)-11-(1-hydroxyethyl)-17-[(1S)-1-hydroxyethyl]-8-(hydroxymethyl)-23-[(1H-indol-3-yl)methyl]-7;10;13;16;19;22;25;28;31;34;37-undecaoxo-1;2-dithia-6;9;12;15;18;21;24;27;30;33;36-undecaazacyclononatriacontane-5-carboxylic acid","C[C@H](O)[C@H]1NC(=O)[C@@H](CCCCN)NC(=O)[C@@H](CC2=CNC3=C2C=CC=C3)NC(=O)[C@@H](CC2=CC=CC=C2)NC(=O)[C@@H](CC2=CC=CC=C2)NC(=O)[C@@H](CC(N)=O)NC(=O)[C@@H](CCCCN)NC(=O)C(CSSCC[C@H](NC(=O)[C@@H](CO)NC(=O)C(NC(=O)[C@@H](CC2=CC=CC=C2)NC1=O)C(C)O)C(O)=O)NC(=O)CNC(=O)[C@@H](C)N","NA","NA","HMDB0013072","NA","NA","NA","P31391;  P35346;  P30872;  P32745;  P30874;  P30937;  P30938;  O08858;  P30936;  P30875;  P30935;  P28646;  P30680","HMDB"
"20646","53481610","7-Dehydropregnenolone","7-Dehydropregnenolone is a 21-carbon steroid; derived from cholesterol and found in steroid hormone-producing tissues. It is the precursor to Gonadal steroid hormones and the adrenal corticosteroid. 7-Dehydropregnenolone is the the single product of metabolism of 7-dehydrocholesterol by CYP11A1","7-DHP;7-Dehydropregnenolone;7-DHP;7-Dehydropregnenolone;7-Dehydropregnenolone","314.4617","C21H30O2","1-[(2R;5S;15S)-5-hydroxy-2;15-dimethyltetracyclo[8.7.0.0²;⁷.0¹¹;¹⁵]heptadeca-7;9-dien-14-yl]ethan-1-one","CC(=O)C1CCC2C3=CC=C4C[C@@H](O)CC[C@]4(C)C3CC[C@]12C","NA","NA","HMDB0013121","NA","NA","NA","NA","HMDB"
"20647","92288779","5-Androstene-3alpha-16beta;17beta-triol","5-Androstene-3alpha-16beta;17beta-triol; also known as 5-androstene-3α-16β;17β-triol; belongs to the class of organic compounds known as androgens and derivatives. These are 3-hydroxylated C19 steroid hormones. They are known to favor the development of masculine characteristics. They also show prof","5-Androstene-3a-16b;17b-triol;5-Androstene-3α-16β;17β-triol;5-Androstene-3alpha-16beta;17beta-triol;5-Androstene-3a-16b;17b-triol;5-Androstene-3α-16β;17β-triol;5-Androstene-3alpha-16beta;17beta-triol;","306.446","C19H30O3","(1S;2R;5R;10R;11S;13S;14R;15S)-2;15-dimethyltetracyclo[8.7.0.0^{2;7}.0^{11;15}]heptadec-7-ene-5;13;14-triol","[H][C@@]12C[C@H](O)[C@H](O)[C@@]1(C)CC[C@@]1([H])[C@@]2([H])CC=C2C[C@H](O)CC[C@]12C","NA","NA","HMDB0013199","NA","NA","NA","NA","HMDB"
"20648","245259","Beta-Cortolone","Beta-Cortolone; also known as b-cortolone; belongs to the class of organic compounds known as 21-hydroxysteroids. These are steroids carrying a hydroxyl group at the 21-position of the steroid backbone. Thus; Beta-cortolone is considered to be a steroid. Based on a literature review a significant nu","b-Cortolone;Β-cortolone;b-Cortolon;beta-Cortolon;b-Cortolone;Β-cortolone;b-Cortolon;beta-Cortolon;Β-cortolone;b-Cortolon;beta-Cortolon","366.4917","C21H34O5","(2S;5S;14S;15S)-14-(1;2-dihydroxyethyl)-5;14-dihydroxy-2;15-dimethyltetracyclo[8.7.0.0²;⁷.0¹¹;¹⁵]heptadecan-17-one","C[C@]12CC(=O)C3C(CCC4C[C@@H](O)CC[C@]34C)C1CC[C@@]2(O)C(O)CO","NA","NA","HMDB0013221","NA","NA","NA","NA","HMDB"
"20649","3247060","4b-Hydroxycholesterol","4b-Hydroxycholesterol; also known as cholest-5-en-3b;4b-diol; belongs to the class of organic compounds known as cholesterols and derivatives. Cholesterols and derivatives are compounds containing a 3-hydroxylated cholestane core. Thus; 4b-hydroxycholesterol is considered to be a sterol lipid molecu","(3beta;4beta)-Cholest-5-ene-3;4-diol;Cholest-5-en-3beta;4beta-diol;(3b;4b)-Cholest-5-ene-3;4-diol;(3Β;4β)-cholest-5-ene-3;4-diol;Cholest-5-en-3b;4b-diol;Cholest-5-en-3β;4β-diol;(4b)-Cholest-5-ene-3b;4","402.6529","C27H46O2","(1S;2R;5S;6R;10S;11S;14R;15R)-2;15-dimethyl-14-[(2R)-6-methylheptan-2-yl]tetracyclo[8.7.0.0²;⁷.0¹¹;¹⁵]heptadec-7-ene-5;6-diol","[H][C@@]1(CC[C@@]2([H])[C@]3([H])CC=C4[C@@H](O)[C@@H](O)CC[C@]4(C)[C@@]3([H])CC[C@]12C)[C@H](C)CCCC(C)C","NA","NA","HMDB0013643","NA","NA","NA","NA","HMDB"
"20650","31072","Carbimazole","Carbimazole is only found in individuals that have used or taken this drug. It is an imidazole antithyroid agent. Carbimazole is metabolized to methimazole; which is responsible for the antithyroid activity. [PubChem]Carbimazole is an aitithyroid agent that decreases the uptake and concentration of ","Athyromazole;Carbethoxymethimazole;Carbimazol;Carbimazolum;Carbinazole;Ethyl 3-methyl-2-thioimidazoline-1-carboxylate;Thyrostat;Carbimazol henning;Ethyl 3-methyl-2-thioimidazoline-1-carboxylic acid;He","186.232","C7H10N2O2S","ethyl 3-methyl-2-sulfanylidene-2;3-dihydro-1H-imidazole-1-carboxylate","CCOC(=O)N1C=CN(C)C1=S","NA","C07615","HMDB0014533","123.5","3.14 g/L","NA","NA","HMDB"
"20651","657298","Propylthiouracil","Propylthiouracil is only found in individuals that have used or taken this drug. It is a thiourea antithyroid agent. Propythiouracil inhibits the synthesis of thyroxine and inhibits the peripheral conversion of throxine to tri-iodothyronine. It is used in the treatment of hyperthyroidism. ","2;3-Dihydro-6-propyl-2-thioxo-4(1H)-pyrimidinone;2-Mercapto-6-propyl-4-pyrimidone;2-Mercapto-6-propylpyrimid-4-one;2-Thio-4-oxo-6-propyl-1;3-pyrimidine;2-Thio-6-propyl-1;3-pyrimidin-4-one;4-Propyl-2-t","170.232","C7H10N2OS","6-propyl-2-sulfanylidene-1;2;3;4-tetrahydropyrimidin-4-one","CCCC1=CC(=O)NC(=S)N1","NA","C07569","HMDB0014690","219","0.47 g/L","NA","NA","HMDB"
"20652","3372","Fluphenazine","Fluphenazine is only found in individuals that have used or taken this drug. It is a phenothiazine used in the treatment of psychoses. Its properties and uses are generally similar to those of chlorpromazine. [PubChem]Fluphenazine blocks postsynaptic mesolimbic dopaminergic D1 and D2 receptors in th","1-(2-Hydroxyethyl)-4-(3-(trifluoromethyl-10-phenothiazinyl)propyl)-piperazine;10-(3'-(4''-(beta-Hydroxyethyl)-1''-piperazinyl)-propyl)-3-trifluoromethylphenothiazine;10-(3-(2-Hydroxyethyl)piperazinopr","437.522","C22H26F3N3OS","2-(4-{3-[2-(trifluoromethyl)-10H-phenothiazin-10-yl]propyl}piperazin-1-yl)ethan-1-ol","OCCN1CCN(CCCN2C3=CC=CC=C3SC3=C2C=C(C=C3)C(F)(F)F)CC1","NA","C07010","HMDB0014761","25","0.019 g/L","NA","NA","HMDB"
"20653","NA","Mitotane","Mitotane is only found in individuals that have used or taken this drug. It is a derivative of the insecticide dichlorodiphenyldichloroethane that specifically inhibits cells of the adrenal cortex and their production of hormones. It is used to treat adrenocortical tumors and causes CNS damage; but ","Lysodren;Bristol myers squibb brand OF mitotane;Khloditan;ortho;Para-DDD;Chloditan;Bristol-myers squibb brand OF mitotane;O;P-DDD;ortho;Para DDD;Chlodithane;Mytotan;Lysodren;Bristol myers squibb brand","320.041","C14H10Cl4","1-chloro-4-[2;2-dichloro-1-(2-chlorophenyl)ethyl]benzene","ClC(Cl)C(C1=CC=C(Cl)C=C1)C1=CC=CC=C1Cl","NA","NA","HMDB0014786","77","9.4e-06 g/L","NA","NA","HMDB"
"20654","25077649","Nafarelin","Nafarelin is only found in individuals that have used or taken this drug. It is a potent synthetic agonist of gonadotropin-releasing hormone with 3-(2-naphthyl)-D-alanine substitution at residue 6. Nafarelin has been used in the treatments of central precocious puberty and endometriosis. [PubChem]Li","Nafarelin acetate;Nafarelin acetate; hydrate;Synarel;Nafarelin monoacetate;Nafarelin acetate;Nafarelin acetate; hydrate;Synarel;Nafarelin monoacetate;Nafarelin acetate; hydrate;Synarel;Nafarelin monoa","1322.4713","C66H83N17O13","N-(5-carbamimidamido-1-{2-[(carbamoylmethyl)carbamoyl]pyrrolidin-1-yl}-1-oxopentan-2-yl)-2-{2-[2-(3-hydroxy-2-{2-[3-(1H-imidazol-4-yl)-2-[(5-oxopyrrolidin-2-yl)formamido]propanamido]-3-(1H-indol-3-yl)propanamido}propanamido)-3-(4-hydroxyphenyl)propanamido]-3-(naphthalen-2-yl)propanamido}-4-methylpentanamide","CC(C)CC(NC(=O)C(CC1=CC2=CC=CC=C2C=C1)NC(=O)C(CC1=CC=C(O)C=C1)NC(=O)C(CO)NC(=O)C(CC1=CNC2=CC=CC=C12)NC(=O)C(CC1=CNC=N1)NC(=O)C1CCC(=O)N1)C(=O)NC(CCCNC(N)=N)C(=O)N1CCCC1C(=O)NCC(N)=O","NA","C07613","HMDB0014804","NA","0.017 g/L","NA","NA","HMDB"
"20655","1349907","Methimazole","Methimazole; also known as tapazole or danantizol; belongs to the class of organic compounds known as imidazolethiones. These are aromatic compounds containing an imidazole ring which bears a thioketone group. Methimazole is an extremely weak basic (essentially neutral) compound (based on its pKa). ","1-METHYL-1;3-dihydro-2H-imidazole-2-thione;1-Methylimidazole-2(3H)-thione;Danantizol;Favistan;Strumazol;Tapazole;Thacapzol;Thiamazol;Thiamazole;Thiamazolum;Tiamazol;USAF el-30;Mercaptazole;Mercasolyl;","114.169","C4H6N2S","1-methyl-2;3-dihydro-1H-imidazole-2-thione","CN1C=CNC1=S","NA","C07190","HMDB0014901","146","11.3 g/L","NA","NA","HMDB"
"20656","5280980","Clavulanate","Clavulanate; also known as acido clavulanico or clavulansaeure; belongs to the class of organic compounds known as alpha amino acids and derivatives. These are amino acids in which the amino group is attached to the carbon atom immediately adjacent to the carboxylate group (alpha carbon); or a deriv","(2R;3Z;5R)-3-(2-HYDROXYETHYLIDENE)-7-oxo-4-oxa-1-azabicyclo[3.2.0]heptane-2-carboxylIC ACID;(Z)-(2R;5R)-3-(2-Hydroxyethylidene)-7-oxo-4-oxa-1-azabicyclo(3.2.0)heptane-2-carboxylic acid;Acide clavulani","199.1608","C8H9NO5","(2R;3Z;5R)-3-(2-hydroxyethylidene)-7-oxo-4-oxa-1-azabicyclo[3.2.0]heptane-2-carboxylic acid","[H][C@@]12CC(=O)N1[C@@H](C(O)=O)C(O2)=CCO","NA","C06662","HMDB0014904","117.5","337 g/L","NA","NA","HMDB"
"20657","84088","Hydrocortamate","Hydrocortamate is a synthetic glucocorticoid used for its anti-inflammatory or immunosuppressive properties to treat inflammation due to corticosteroid-responsive dermatoses. Glucocorticoids are a class of steroid hormones characterised by an ability to bind with the cortisol receptor and trigger a ","17-Hydroxycorticosterone; 21-(diethylamino)acetate;Hidrocortamato;Hydrocortamatum;17-Hydroxycorticosterone; 21-(diethylamino)acetic acid;Hydrocortamic acid;17-Hydroxycorticosterone; 21-(diethylamino)a","475.6175","C27H41NO6","2-[(1S;2R;10S;11S;14R;15S;17S)-14;17-dihydroxy-2;15-dimethyl-5-oxotetracyclo[8.7.0.0²;⁷.0¹¹;¹⁵]heptadec-6-en-14-yl]-2-oxoethyl 2-(diethylamino)acetate","[H][C@@]12CC[C@](O)(C(=O)COC(=O)CN(CC)CC)[C@@]1(C)C[C@H](O)[C@@]1([H])[C@@]2([H])CCC2=CC(=O)CC[C@]12C","NA","NA","HMDB0014907","NA","0.086 g/L","NA","NA","HMDB"
"20658","5566","Trifluoperazine","Trifluoperazine is only found in individuals that have used or taken this drug. It is a phenothiazine with actions similar to chlorpromazine. It is used as an antipsychotic and an antiemetic. [PubChem]Trifluoperazine blocks postsynaptic mesolimbic dopaminergic D1 and D2 receptors in the brain; depre","10-[3-(4-Methyl-1-piperazinyl)propyl]-2-(trifluoromethyl)-10H-phenothiazine;10-[3-(4-METHYL-piperazin-1-yl)-propyl]-2-trifluoromethyl-10H-phenothiazine;Trifluoperazina;Trifluoperazinum;Trifluoromethyl","407.496","C21H24F3N3S","10-[3-(4-methylpiperazin-1-yl)propyl]-2-(trifluoromethyl)-10H-phenothiazine","CN1CCN(CCCN2C3=CC=CC=C3SC3=C2C=C(C=C3)C(F)(F)F)CC1","NA","C07168","HMDB0014969","NA","0.0088 g/L","NA","NA","HMDB"
"20659","6011","Drostanolone","Drostanolone is only found in individuals that have used or taken this drug. It is a potent synthetic androgenic anabolic steroid similar to testosterone. Drostanolone is indicated in postmenopausal women with recurrent breast cancer; in a combined hormone therapy.Dromostanolone is a synthetic andro","17beta-Hydroxy-2alpha-methyl-5alpha-androstan-3-one;2alpha-Methyldihydrotestosterone;Dihydro-2alpha-methyltestosterone;Dromostanolone;Drostanolona;Drostanolonum;Medrosteron;Medrotestron;17b-Hydroxy-2a","304.4669","C20H32O2","(1S;2S;4R;7S;10R;11S;14S;15S)-14-hydroxy-2;4;15-trimethyltetracyclo[8.7.0.0²;⁷.0¹¹;¹⁵]heptadecan-5-one","[H][C@@]12CC[C@H](O)[C@@]1(C)CC[C@@]1([H])[C@@]2([H])CC[C@@]2([H])CC(=O)[C@H](C)C[C@]12C","NA","C14605","HMDB0014996","128","0.006 g/L","NA","NA","HMDB"
"20660","25137957","Carphenazine","Carphenazine is only found in individuals that have used or taken this drug. It is an antipsychotic drug; used in hospitalized patients in the management of chronic schizophrenic psychoses.A yellow; powdered; phenothiazine antipsychotic agent used in the treatment of acute or chronic schizophrenia. ","1-(10-(3-(4-(2-Hydroxyethyl)-1-piperazinyl)propyl)phenothiazin-2-yl)-1-propanone;Carfenazina;Carfenazine;Carfenazinum;Carphenazin;1-(10-(3-(4-(2-Hydroxyethyl)-1-piperazinyl)propyl)phenothiazin-2-yl)-1","411.56","C23H29N3O2S","1-(10-{2-[4-(2-hydroxyethyl)piperazin-1-yl]ethyl}-10H-phenothiazin-2-yl)propan-1-one","CCC(=O)C1=CC2=C(SC3=C(C=CC=C3)N2CCN2CCN(CCO)CC2)C=C1","NA","NA","HMDB0015172","NA","0.09 g/L","NA","NA","HMDB"
"20661","17676","Acetophenazine","Acetophenazine is only found in individuals that have used or taken this drug.It is an antipsychotic drug of moderate-potency. It is used in the treatment of disorganized and psychotic thinking. It is also used to help treat false perceptions (e.g. hallucinations or delusions).Acetophenazine blocks ","Tindal;Acetophenazine; (Z)-2-maleate (1:2) salt;Acetophenazine; ion (1+);Acetophenazine maleate;Tindal;Acetophenazine; (Z)-2-maleate (1:2) salt;Acetophenazine; ion (1+);Acetophenazine maleate;Acetophe","411.56","C23H29N3O2S","1-(10-{3-[4-(2-hydroxyethyl)piperazin-1-yl]propyl}-10H-phenothiazin-2-yl)ethan-1-one","CC(=O)C1=CC=C2SC3=C(C=CC=C3)N(CCCN3CCN(CCO)CC3)C2=C1","NA","C06807","HMDB0015196","NA","0.06 g/L","NA","P10275","HMDB"
"20662","6446","Fluoxymesterone","Fluoxymesterone is only found in individuals that have used or taken this drug. It is an anabolic steroid that has been used in the treatment of male hypogonadism; delayed puberty in males; and in the treatment of breast neoplasms in women. [PubChem]Fluoxymesterone is a synthetic androgenic anabolic","11beta;17beta-Dihydroxy-9alpha-fluoro-17alpha-methyl-4-androster-3-one;17alpha-Methyl-9alpha-fluoro-11beta-hydroxytesterone;9-Fluoro-11beta;17beta-dihydroxy-17-methylandrost-4-en-3-one;9alpha-Fluoro-1","336.4409","C20H29FO3","(1R;2S;10S;11S;14S;15S;17S)-1-fluoro-14;17-dihydroxy-2;14;15-trimethyltetracyclo[8.7.0.0²;⁷.0¹¹;¹⁵]heptadec-6-en-5-one","[H][C@@]12CC[C@](C)(O)[C@@]1(C)C[C@H](O)[C@@]1(F)[C@@]2([H])CCC2=CC(=O)CC[C@]12C","NA","NA","HMDB0015316","270","0.045 g/L","NA","NA","HMDB"
"20663","667466","Chlorprothixene","Chlorprothixene is only found in individuals that have used or taken this drug. It is a typical antipsychotic drug of the thioxanthene (tricyclic) class. Chlorprothixene exerts strong blocking effects by blocking the 5-HT2 D1; D2; D3; histamine H1; muscarinic and alpha1 adrenergic receptors. Chlorpr","Alpha-Chlorprothixene;Chlorprothixen;Chlorprothixenum;Chlorprothixine;Chlorprotixen;Chlorprotixene;Chlorprotixine;Chlothixen;Clorprotixeno;a-Chlorprothixene;Α-chlorprothixene;Chloroprothixene;cis-Chlo","315.86","C18H18ClNS","[3-(2-chloro-9H-thioxanthen-9-ylidene)propyl]dimethylamine","[H]C(CCN(C)C)=C1C2=CC(Cl)=CC=C2SC2=C1C=CC=C2","NA","C07953","HMDB0015369","97.5","0.00037 g/L","NA","NA","HMDB"
"20664","5054","1;3-Benzenediol","1;3-Benzenediol; also known as resorcin or m-hydroquinone; belongs to the class of organic compounds known as resorcinols. Resorcinols are compounds containing a resorcinol moiety; which is a benzene ring bearing two hydroxyl groups at positions 1 and 3. 1;3-Benzenediol exists in all living organism","1;3-Dihydroxybenzene;1;3-Dihydroxybenzol;m-Hydroquinone;m-Hydroxyphenol;Resorcin;Resorzin;Resorcinol disodium salt;Resorcinol; monocopper (2+) salt;1;3-Benzenediol;1;3-Dihydroxy-benzene;3-Hydroxypheno","110.1106","C6H6O2","benzene-1;3-diol","OC1=CC(O)=CC=C1","NA","C01751","HMDB0032037","111","717 mg/mL at 25 °C","NA","NA","HMDB"
"20665","131751296","Nb-trans-p-Coumaroylserotonin glucoside","Nb-trans-p-Coumaroylserotonin glucoside is found in fats and oils. It is an alkaloid from Carthamus tinctorius (safflower) If neurons that make serotonin serotonergic neurons are abnormal in infants; there is a risk of sudden infant death syndrome (SIDS). Low levels of serotonin may also be associat","5-Hydroxytryptamine;(2E)-3-(4-Hydroxyphenyl)-N-[2-(5-{[3;4;5-trihydroxy-6-(hydroxymethyl)oxan-2-yl]oxy}-1H-indol-3-yl)ethyl]prop-2-enimidate;5-Hydroxytryptamine;(2E)-3-(4-Hydroxyphenyl)-N-[2-(5-{[3;4;","484.4984","C25H28N2O8","(2E)-3-(4-hydroxyphenyl)-N-[2-(5-{[3;4;5-trihydroxy-6-(hydroxymethyl)oxan-2-yl]oxy}-1H-indol-3-yl)ethyl]prop-2-enamide","OCC1OC(OC2=CC3=C(NC=C3CCNC(=O)C=CC3=CC=C(O)C=C3)C=C2)C(O)C(O)C1O","NA","NA","HMDB0032760","240","NA","NA","NA","HMDB"
"20666","5281166","Jasmonic acid","Jasmonic acid; also known as jasmonate; belongs to the class of organic compounds known as jasmonic acids. These are lipids containing or derived from a jasmonic acid; with a structure characterized by the presence of an alkene chain linked to a 2-(3-oxocyclopentyl)acetic acid moiety. Based on a lit","(-)-Jasmonic acid;(1R;2R)-3-oxo-2-(2Z)-2-Penten-ylcyclopentanacetic acid;(1R;2R)-3-oxo-2-(Pent-2Z-enyl)-cyclopentaneacetic acid;2-{(1R;2R)-3-oxo-2-[(Z)-pent-2-enyl]cyclopentyl}acetate;Jasmonate;{(1R;2","210.2695","C12H18O3","2-[(1R;2R)-3-oxo-2-[(2Z)-pent-2-en-1-yl]cyclopentyl]acetic acid","CCC=C/C[C@@H]1[C@@H](CC(O)=O)CCC1=O","NA","C08491","HMDB0032797","NA","742.1 mg/L at 25 °C","NA","NA","HMDB"
"20667","6852393","5alpha-Androst-16-en-3-one","5alpha-Androst-16-en-3-one; also known as androstenone; belongs to the class of organic compounds known as androgens and derivatives. These are 3-hydroxylated C19 steroid hormones. They are known to favour the development of masculine characteristics. They also show profound effects on scalp and bod","Androstenone;5a-Androst-16-en-3-one;5Α-androst-16-en-3-one;Androst-16-en-3-one;5 alpha-Androst-16-en-3-one;AEON steroid;Androst-16-en-3-one; (5beta)-isomer;(5alpha)-Androst-16-en-3-one;(5Α)-androst-16","272.432","C19H28O","(1S;2S;7S;10R;11S;15R)-2;15-dimethyltetracyclo[8.7.0.0^{2;7}.0^{11;15}]heptadec-13-en-5-one","[H][C@@]12CC=C[C@@]1(C)CC[C@@]1([H])[C@@]2([H])CC[C@@]2([H])CC(=O)CC[C@]12C","NA","NA","HMDB0034406","140","3.16 mg/L at 25 °C","NA","NA","HMDB"
"20668","6391814","Strigol","Strigol is found in corn. Strigol is a constituent of the root of Gossypium hirsutum (cotton) Strigolactones are plant hormones that have been implicated in inhibition of shoot branching. Strigolactones are carotenoid-derived and trigger germination of parasitic plant seeds (for example striga from ","NA","346.3744","C19H22O6","5-{[(3E)-5-hydroxy-8;8-dimethyl-2-oxo-2H;3H;3aH;4H;5H;6H;7H;8H;8bH-indeno[1;2-b]furan-3-ylidene]methoxy}-3-methyl-2;5-dihydrofuran-2-one","CC1=CC(OC=C2/C3CC4=C(C3OC2=O)C(C)(C)CCC4O)OC1=O","NA","C09190","HMDB0036677","200","1030 mg/L at 25 °C ","NA","NA","HMDB"
"20669","131752688","Sorgolactone","Sorgolactone is found in cereals and cereal products. Sorgolactone is isolated from the roots of Sorghum bicolor (sorghum) (genuine host plant for Striga species) Strigolactones are plant hormones that have been implicated in inhibition of shoot branching. Strigolactones are carotenoid-derived and t","NA","316.3484","C18H20O5","3-methyl-5-{[(3Z)-8-methyl-2-oxo-2H;3H;3aH;4H;5H;6H;7H;8H;8bH-indeno[1;2-b]furan-3-ylidene]methoxy}-2;5-dihydrofuran-2-one","CC1CCCC2=C1C1OC(=O)C(=C/OC3OC(=O)C(C)=C3)C1C2","NA","C09186","HMDB0039607","139","56.96 mg/L at 25 °C ","NA","NA","HMDB"
"20670","131753126","Alectrol","Alectrol is found in cowpea. Alectrol is isolated from the roots of Vigna unguiculata (genuine host plant for Alectra species) Strigolactones are plant hormones that have been implicated in inhibition of shoot branching. Strigolactones are carotenoid-derived and trigger germination of parasitic plan","Alectrol;Alectrol;","346.3744","C19H22O6","5-{[(3Z)-8a-hydroxy-8;8-dimethyl-2-oxo-2H;3H;3aH;5H;6H;7H;8H;8aH;8bH-indeno[1;2-b]furan-3-ylidene]methoxy}-3-methyl-2;5-dihydrofuran-2-one","CC1=CC(OC=C2C3C=C4CCCC(C)(C)C4(O)C3OC2=O)OC1=O","NA","C09059","HMDB0041372","NA","4755 mg/L at 25 °C","NA","NA","HMDB"
"20671","1486","2;4-Dichlorophenoxyacetic acid","2;4-D is a member of the phenoxy family of herbicides; which include:; 2;4-D is a synthetic auxin; which is a class of plant hormones. It is absorbed through the leaves and is translocated to the meristems of the plant. Uncontrolled; unsustainable growth ensues; causing stem curl-over; leaf witherin","(2;4-Dichlorphenoxy)essigsaeure;2;4-D acid;2;4-Dichlorophenoxyacetate;2;4-Dichlorphenoxyessigsaeure;Acide 2;4-dichloro phenoxyacetique;Hedonal;Trinoxol;2;4-D;(2; 4-Dichlorophenoxy)acetic acid;(2;4-Dic","221.037","C8H6Cl2O3","2-(2;4-dichlorophenoxy)acetic acid","OC(=O)COC1=C(Cl)C=C(Cl)C=C1","NA","C03664","HMDB0041797","140.5","0.68 mg/mL at 25 °C","NA","NA","HMDB"
"20672","150968","w Hydroxy testosterone","w Hydroxy testosterone belongs to the class of organic compounds known as androgens and derivatives. These are 3-hydroxylated C19 steroid hormones. They are known to favor the development of masculine characteristics. They also show profound effects on scalp and body hair in humans. Thus; W hydroxy ","17beta;19-Dihydroxyandrost-4-en-3-one;17b;19-Dihydroxyandrost-4-en-3-one;17Β;19-dihydroxyandrost-4-en-3-one;17 beta;19-Dihydroxyandrost-4-en-3-one;17beta;19-Dihydroxyandrost-4-en-3-one;17b;19-Dihydrox","304.4238","C19H28O3","(1S;2S;10R;11S;14S;15S)-14-hydroxy-2-(hydroxymethyl)-15-methyltetracyclo[8.7.0.0²;⁷.0¹¹;¹⁵]heptadec-6-en-5-one","C[C@]12CC[C@H]3[C@@H](CCC4=CC(=O)CC[C@]34CO)[C@@H]1CC[C@@H]2O","NA","C05294","HMDB0060089","NA","NA","NA","NA","HMDB"
"20673","114920","11beta;17beta-Dihydroxy-4-androsten-3-one","11beta;17beta-Dihydroxy-4-androsten-3-one; also known as 11-hydroxytestosterone or (11b;17b)-11;17-dihydroxyandrost-4-en-3-one; belongs to the class of organic compounds known as androgens and derivatives. These are 3-hydroxylated C19 steroid hormones. They are known to favor the development of masc","(11beta;17beta)-11;17-Dihydroxyandrost-4-en-3-one;11-Hydroxytestosterone;11beta;17beta-Dihydroxyandrost-4-ene-3-one;11beta-Hydroxytestosterone;(11b;17b)-11;17-Dihydroxyandrost-4-en-3-one;(11Β;17β)-11;","304.4238","C19H28O3","(1S;2R;10S;11S;14S;15S;17S)-14;17-dihydroxy-2;15-dimethyltetracyclo[8.7.0.0²;⁷.0¹¹;¹⁵]heptadec-6-en-5-one","C[C@]12C[C@H](O)[C@H]3[C@@H](CCC4=CC(=O)CC[C@]34C)[C@@H]1CC[C@@H]2O","NA","C18075","HMDB0060339","NA","NA","NA","NA","HMDB"
"20674","15818","Androstan-3alpha;17beta-diol","Androstan-3alpha;17beta-diol; also known as hombreol or (3a;5a;17b)-androstane-3;17-diol; belongs to the class of organic compounds known as androgens and derivatives. These are 3-hydroxylated C19 steroid hormones. They are known to favor the development of masculine characteristics. They also show ","(3alpha;5alpha;17beta)-Androstane-3;17-diol;3alpha;17beta-Dihydroxy-5alpha-androstane;Hombreol;(3a;5a;17b)-Androstane-3;17-diol;(3Α;5α;17β)-androstane-3;17-diol;3a;17b-Dihydroxy-5a-androstane;3Α;17β-d","292.4562","C19H32O2","(5R;14S)-2;15-dimethyltetracyclo[8.7.0.0²;⁷.0¹¹;¹⁵]heptadecane-5;14-diol","CC12CCC3C(CCC4C[C@H](O)CCC34C)C1CC[C@@H]2O","NA","NA","HMDB0060437","NA","NA","NA","NA","HMDB"
"20675","1107","Sterol","Sterols; also known as steroid alcohols; are a subgroup of the steroids and an important class of organic molecules. They occur naturally in plants; animals; and fungi; with the most familiar type of animal sterol being cholesterol. ","Sterols;Sterols;","248.4036","C17H28O","tetracyclo[8.7.0.0²;⁷.0¹¹;¹⁵]heptadecan-5-ol","OC1CCC2C(CCC3C4CCCC4CCC23)C1","NA","C00370","HMDB0060512","NA","NA","NA","NA","HMDB"
"20676","131770001","6(beta)-hydroxyprogesterone","6(beta)-hydroxyprogesterone is a metabolite of progesterone. Progesterone also known as P4 (pregn-4-ene-3;20-dione) is a C-21 steroid hormone involved in the female menstrual cycle; pregnancy and embryogenesis of humans and other species. Progesterone belongs to a class of hormones called progestoge","6(b)-Hydroxyprogesterone;6(Β)-hydroxyprogesterone;6(b)-Hydroxyprogesterone;6(Β)-hydroxyprogesterone;6(Β)-hydroxyprogesterone","330.4611","C21H30O3","(2S;8S;14R;15R)-14-acetyl-8-hydroxy-2;15-dimethyltetracyclo[8.7.0.0²;⁷.0¹¹;¹⁵]heptadec-6-en-5-one","CC(=O)[C@@H]1CCC2C3C[C@H](O)C4=CC(=O)CC[C@@]4(C)C3CC[C@@]12C","NA","NA","HMDB0060973","NA","NA","NA","NA","HMDB"
"20677","200149","6-beta-hydroxyprogesterone","6-beta-hydroxyprogesterone; also known as 6b-hydroxy-4-pregnen-3;20-dione or 3;20-dioxopregn-4-en-6beta-ol; belongs to the class of organic compounds known as gluco/mineralocorticoids; progestogins and derivatives. These are steroids with a structure based on a hydroxylated prostane moiety. 6-beta-h","3;20-Dioxopregn-4-en-6beta-ol;6beta-Hydroxy-4-pregnen-3;20-dione;6beta-Hydroxy-4-pregnene-3;20-dione;6beta-Hydroxydeoxycorticosterone;3;20-Dioxopregn-4-en-6b-ol;3;20-Dioxopregn-4-en-6β-ol;6b-Hydroxy-4","330.4611","C21H30O3","(1S;2R;8R;10S;11S;14S;15S)-14-acetyl-8-hydroxy-2;15-dimethyltetracyclo[8.7.0.0²;⁷.0¹¹;¹⁵]heptadec-6-en-5-one","CC(=O)[C@H]1CC[C@H]2[C@@H]3C[C@@H](O)C4=CC(=O)CC[C@]4(C)[C@H]3CC[C@]12C","NA","NA","HMDB0061004","NA","NA","NA","NA","HMDB"
"20678","160531","androst-5-ene-3;17-dione","androst-5-ene-3;17-dione; also known as delta5-ADD or δ5-add; is classified as an androgen or an Androgen derivative. Androgens are 3-hydroxylated C19 steroid hormones. They are known to favor the development of masculine characteristics. They also show profound effects on scalp and body hair in hum","5-Androstene-3;17-dione;Delta(5)-Androstene-3;17-dione;delta5-Androstene-3;17-dione;Δ(5)-androstene-3;17-dione;Δ5-androstene-3;17-dione;5-Androstene-3;17-dione;Delta(5)-Androstene-3;17-dione;delta5-An","286.415","C19H26O2","(1S;2R;10R;11S;15S)-2;15-dimethyltetracyclo[8.7.0.0²;⁷.0¹¹;¹⁵]heptadec-7-ene-5;14-dione","[H][C@@]12CCC(=O)[C@@]1(C)CC[C@@]1([H])[C@@]2([H])CC=C2CC(=O)CC[C@]12C","NA","C20252","HMDB0062415","NA","0.037 g/l","NA","NA","HMDB"
"20679","90470904","Leptin","Implicated in the regulation of food intake; energy expenditure and whole-body energy balance","NA","2004.31","C87H138N22O28S2","(3S)-3-{[(2S)-2-{[(2S)-2-{[(2S)-2-{[(2S)-2-{[(2S)-2-{[(2S)-2-{[(2S)-2-{[(2S)-2-{[(2S)-2-[(2-{[(2S)-2-{[(2S)-2-amino-1-hydroxy-4-methylpentylidene]amino}-1-hydroxy-4-(C-hydroxycarbonimidoyl)butylidene]amino}-1-hydroxyethylidene)amino]-1;3-dihydroxypropylidene]amino}-1-hydroxy-4-methylpentylidene]amino}-1-hydroxy-4-(C-hydroxycarbonimidoyl)butylidene]amino}-3-carboxy-1-hydroxypropylidene]amino}-1-hydroxy-4-(methylsulfanyl)butylidene]amino}-1-hydroxy-4-methylpentylidene]amino}-1-hydroxy-3-(1H-indol-3-yl)propylidene]amino}-1-hydroxy-4-(C-hydroxycarbonimidoyl)butylidene]amino}-1-hydroxy-4-methylpentylidene]amino}-3-{[(1S)-1-{[(2S)-1-[(2S)-2-[({[(1R)-1-carboxy-2-sulfanylethyl]-C-hydroxycarbonimidoyl}methyl)-C-hydroxycarbonimidoyl]pyrrolidin-1-yl]-3-hydroxy-1-oxopropan-2-yl]-C-hydroxycarbonimidoyl}-3-methylbutyl]-C-hydroxycarbonimidoyl}propanoic acid","[H][C@](N)(CC(C)C)C(O)=N[C@@]([H])(CCC(O)=N)C(O)=NCC(O)=N[C@@]([H])(CO)C(O)=N[C@@]([H])(CC(C)C)C(O)=N[C@@]([H])(CCC(O)=N)C(O)=N[C@@]([H])(CC(O)=O)C(O)=N[C@@]([H])(CCSC)C(O)=N[C@@]([H])(CC(C)C)C(O)=N[C@@]([H])(CC1=CNC2=CC=CC=C12)C(O)=N[C@@]([H])(CCC(O)=N)C(O)=N[C@@]([H])(CC(C)C)C(O)=N[C@@]([H])(CC(O)=O)C(O)=N[C@@]([H])(CC(C)C)C(O)=N[C@@]([H])(CO)C(=O)N1CCC[C@@]1([H])C(O)=NCC(O)=N[C@@]([H])(CS)C(O)=O","NA","NA","HMDB0303441","NA","NA","NA","P48357;  Q62959;  P48356;  O02671;  Q9MYL0","HMDB"
"20680","440622","19-oxoandrostenedione","19-oxoandrostenedione belongs to androgens and derivatives class of compounds. Those are 3-hydroxylated C19 steroid hormones. They are known to favor the development of masculine characteristics. They also show profound effects on scalp and body hair in humans. 19-oxoandrostenedione is practically i","NA","300.398","C19H24O3","15-methyl-5;14-dioxotetracyclo[8.7.0.0²;⁷.0¹¹;¹⁵]heptadec-6-ene-2-carbaldehyde","CC12CCC3C(CCC4=CC(=O)CCC34C=O)C1CCC2=O","NA","NA","HMDB0304035","NA","NA","NA","NA","HMDB"
"20681","625380","5-androstene-3;17-dione","5-androstene-3;17-dione belongs to androgens and derivatives class of compounds. Those are 3-hydroxylated C19 steroid hormones. They are known to favor the development of masculine characteristics. They also show profound effects on scalp and body hair in humans. 5-androstene-3;17-dione is practical","NA","286.415","C19H26O2","2;15-dimethyltetracyclo[8.7.0.0²;⁷.0¹¹;¹⁵]heptadec-7-ene-5;14-dione","CC12CCC3C(CC=C4CC(=O)CCC34C)C1CCC2=O","NA","NA","HMDB0304212","NA","NA","NA","NA","HMDB"
"20682","NA","LysoPA(0:0/16:0)","LysoPA(0:0/16:0) is a lysophosphatidic acid. It is a glycerophospholipid in which a phosphate moiety occupies a glycerol substitution site. Lysophosphatidic acids can have different combinations of fatty acids of varying lengths and saturation attached at the C-1 (sn-1) or C-2 (sn-2) position. Fatty","2-Palmitoyl-glycero-3-phosphate; LPA(0:0/16:0); Lysophosphatidic acid(0:0/16:0); LPA(16:0); 2-Hexadecanoyl-phosphatidic acid; 2-Hexadecanoyl-glycero-3-phosphate; Lysophosphatidic acid(16:0); [2-(Hexad","410.4825","C19H39O7P","[2-(hexadecanoyloxy)-3-hydroxypropoxy]phosphonic acid","CCCCCCCCCCCCCCCC(=O)OC(CO)COP(O)(O)=O","NA","NA","HMDB0007849","NA","NA","NA","NA","HMDB"
"20683","NA","Aldosterone","Aldosterone is a steroid hormone produced by the adrenal cortex in the adrenal gland to regulate sodium and potassium balance in the blood. Specifically; it regulates electrolyte and water balance by increasing the renal retention of sodium and the excretion of potassium. It is synthesized from chol","(+)-AldosteroneChEBI(11beta)-11;21-Dihydroxy-3;20-dioxopregn-4-en-18-alChEBI11beta;21-Dihydroxy-3;20-dioxo-4-pregnen-18-alChEBI(11b)-11;21-Dihydroxy-3;20-dioxopregn-4-en-18-alGenerator(11Β)-11;21-dihy","360.444","C21H28O5","(1S;2R;10S;11S;14S;15R;17S)-17-hydroxy-14-(2-hydroxyacetyl)-2-methyl-5-oxotetracyclo[8.7.0.0^{2;7}.0^{11;15}]heptadec-6-ene-15-carbaldehyde","[H][C@@]12CC[C@H](C(=O)CO)[C@]1(C[C@H](O)[C@@]1([H])[C@@]2([H])CCC2=CC(=O)CC[C@]12C)C=O","NA","C01780","HMDB0000037","166.5","0.051 mg/mL at 37 °C","DB04630","NA","HMDB"
"20684","NA","Androstenedione","Androstenedione is a delta-4 19-carbon steroid that is produced not only in the testis; but also in the ovary and the adrenal cortex. Depending on the tissue type; androstenedione can serve as a precursor to testosterone as well as estrone and estradiol. It is the common precursor of male and female","4-Androstene-3;17-dioneChEBI4-ANDROSTENE-3-17-dioneChEBIdelta(4)-Androsten-3;17-dioneChEBIdelta(4)-Androstene-3;17-dioneChEBIΔ(4)-Androsten-3;17-dioneGeneratorΔ(4)-Androstene-3;17-dioneGenerator(4)-An","286.4085","C19H26O2","(1S;2R;10R;11S;15S)-2;15-dimethyltetracyclo[8.7.0.0^{2;7}.0^{11;15}]heptadec-6-ene-5;14-dione","[H][C@@]12CCC(=O)[C@@]1(C)CC[C@@]1([H])[C@@]2([H])CCC2=CC(=O)CC[C@]12C","NA","C00280","HMDB0000053","170","0.058 mg/mL","DB01536","NA","HMDB"
"20685","NA","Calcidiol","Calcidiol; also known as 25(OH)D3 or rayaldee; belongs to the class of organic compounds known as vitamin d and derivatives. Vitamin D and derivatives are compounds containing a secosteroid backbone; usually secoergostane or secocholestane. Thus; calcidiol is considered to be a secosteroid lipid mol","(3beta;5Z;7E)-9;10-Secocholesta-5;7;10(19)-triene-3;25-diolChEBI(3S;5Z;7E)-9;10-Secocholesta-5;7;10-triene-3;25-diolChEBI(5Z;7E)-(3S)-9;10-Secocholesta-5;7;10(19)-triene-3;25-diolChEBI25(OH)D3ChEBI25-","400.6371","C27H44O2","(1S;3Z)-3-{2-[(1R;3aS;4E;7aR)-1-[(2R)-6-hydroxy-6-methylheptan-2-yl]-7a-methyl-octahydro-1H-inden-4-ylidene]ethylidene}-4-methylidenecyclohexan-1-ol","C[C@H](CCCC(C)(C)O)[C@@]1([H])CC[C@@]2([H])C(CCC[C@]12C)=CC=C1C[C@@H](O)CCC1=C","NA","C01561","HMDB0003550","NA","NA","DB00146","NA","HMDB"
"20686","NA","Calcitriol","Calcitriol; also known as rocaltrol or 1a;25(OH)2D3; belongs to the class of organic compounds known as vitamin d and derivatives. Vitamin D and derivatives are compounds containing a secosteroid backbone; usually secoergostane or secocholestane. Thus; calcitriol is considered to be a secosteroid li","(1alpha;3beta;5Z;7E)-9;10-Secocholesta-5;7;10(19)-triene-1;3;25-triolChEBI(1S;3R;5Z;7E)-9;10-Secocholesta-5;7;10-triene-1;3;25-triolChEBI(5Z;7E)-(1S;3R)-9;10-Secocholesta-5;7;10(19)-triene-1;3;25-trio","416.6365","C27H44O3","(1R;3S;5Z)-5-{2-[(1R;3aS;4E;7aR)-1-[(2R)-6-hydroxy-6-methylheptan-2-yl]-7a-methyl-octahydro-1H-inden-4-ylidene]ethylidene}-4-methylidenecyclohexane-1;3-diol","C[C@H](CCCC(C)(C)O)[C@@]1([H])CC[C@@]2([H])C(CCC[C@]12C)=CC=C1C[C@@H](O)C[C@H](O)C1=C","NA","C01673","HMDB0001903","113","NA","DB00136","NA","HMDB"
"20687","NA","Cholesterol","Cholesterol is a sterol (a combination steroid and alcohol) and a lipid found in the cell membranes of all body tissues and transported in the blood plasma of all animals. ","(3beta;14beta;17alpha)-Cholest-5-en-3-olChEBICholest-5-en-3beta-olChEBICholesterinChEBI(3b;14b;17a)-Cholest-5-en-3-olGenerator(3Β;14β;17α)-cholest-5-en-3-olGeneratorCholest-5-en-3b-olGeneratorCholest-","386.6535","C27H46O","(1S;2R;5S;10S;11S;14R;15R)-2;15-dimethyl-14-[(2R)-6-methylheptan-2-yl]tetracyclo[8.7.0.0^{2;7}.0^{11;15}]heptadec-7-en-5-ol","[H][C@@]1(CC[C@@]2([H])[C@]3([H])CC=C4C[C@@H](O)CC[C@]4(C)[C@@]3([H])CC[C@]12C)[C@H](C)CCCC(C)C","NA","C00187","HMDB0000067","148","9.5e-05 mg/mL","DB04540","NA","HMDB"
"20688","NA","Corticosterone","Corticosterone; also known as 17-deoxycortisol; belongs to the class of organic compounds known as 21-hydroxysteroids. These are steroids carrying a hydroxyl group at the 21-position of the steroid backbone. Thus; corticosterone is considered to be a steroid lipid molecule. Corticosterone is a very ","(11beta)-11;21-Dihydroxypregn-4-ene-3;20-dioneChEBI11beta;21-Dihydroxy-4-pregnene-3;20-dioneChEBI11beta;21-DihydroxyprogesteroneChEBI17-DeoxycortisolChEBIKendall's compound bChEBIReichstein's substanc","346.4605","C21H30O4","(1S;2R;10S;11S;14S;15S;17S)-17-hydroxy-14-(2-hydroxyacetyl)-2;15-dimethyltetracyclo[8.7.0.0^{2;7}.0^{11;15}]heptadec-6-en-5-one","[H][C@@]1(CC[C@@]2([H])[C@]3([H])CCC4=CC(=O)CC[C@]4(C)[C@@]3([H])[C@@]([H])(O)C[C@]12C)C(=O)CO","NA","C02140","HMDB0001547","179","0.2 mg/mL","DB04652","NA","HMDB"
"20689","NA","Cortisol","Cortisol is the main glucocorticoid secreted by the adrenal cortex and it is involved in the stress response. Its synthetic counterpart hydrocortisone is used; either as an injection or topically; in the treatment of inflammation; allergy; collagen diseases; asthma; adrenocortical deficiency; shock;","(11beta)-11;17;21-Trihydroxypregn-4-ene-3;20-dioneChEBI11beta;17alpha;21-Trihydroxy-4-pregnene-3;20-dioneChEBI11beta-HydrocortisoneChEBI17-HydroxycorticosteroneChEBI4-Pregnen-11beta;17alpha;21-triol-3","362.4599","C21H30O5","(1S;2R;10S;11S;14R;15S;17S)-14;17-dihydroxy-14-(2-hydroxyacetyl)-2;15-dimethyltetracyclo[8.7.0.0^{2;7}.0^{11;15}]heptadec-6-en-5-one","[H][C@@]12CC[C@](O)(C(=O)CO)[C@@]1(C)C[C@H](O)[C@@]1([H])[C@@]2([H])CCC2=CC(=O)CC[C@]12C","NA","C00735","HMDB0000063","220","0.32 mg/mL","DB00741","NA","HMDB"
"20690","NA","Cortisone","Cortisone is a naturally occurring glucocorticoid. It has been used in replacement therapy for adrenal insufficiency and as an anti-inflammatory agent. Cortisone itself is inactive. It is converted in the liver into the active metabolite cortisol. Cortisone is a corticosteroid hormone released by th","11-Dehydro-17-hydroxycorticosteroneChEBI17-Hydroxy-11-dehydrocorticosteroneChEBI17alpha;21-Dihydroxy-4-pregnene-3;11;20-trioneChEBI4-Pregnene-17alpha;21-diol-3;11;20-trioneChEBICortisonChEBIDelta(4)-P","360.444","C21H28O5","(1S;2R;10S;11S;14R;15S)-14-hydroxy-14-(2-hydroxyacetyl)-2;15-dimethyltetracyclo[8.7.0.0^{2;7}.0^{11;15}]heptadec-6-ene-5;17-dione","[H][C@@]12CC[C@](O)(C(=O)CO)[C@@]1(C)CC(=O)[C@@]1([H])[C@@]2([H])CCC2=CC(=O)CC[C@]12C","NA","C00762","HMDB0002802","222","0.28 mg/mL at 25 °C","NA","NA","HMDB"
"20691","NA","Dehydroepiandrosterone","Dehydroepiandrosterone (DHEA) is a natural steroid hormone produced from cholesterol by the adrenal glands. DHEA is also produced in the gonads; adipose tissue; and the brain. DHEA is structurally similar to and is a precursor of; androstenedione; testosterone; estradiol; estrone; and estrogen.","3-BETA-HYDROXY-5-androsten-17-oneChEBI3beta-Hydroxyandrost-5-en-17-oneChEBIDehydroisoandrosteroneChEBIDHAChEBIDHEAChEBIIntrarosaChEBIPrasteroneChEBIBiolaifKegg3-b-HYDROXY-5-androsten-17-oneGenerator3-","288.4244","C19H28O2","(1S;2R;5S;10R;11S;15S)-5-hydroxy-2;15-dimethyltetracyclo[8.7.0.0^{2;7}.0^{11;15}]heptadec-7-en-14-one","[H][C@@]12CCC(=O)[C@@]1(C)CC[C@@]1([H])[C@@]2([H])CC=C2C[C@@H](O)CC[C@]12C","NA","C01227","HMDB0000077","140","0.064 mg/mL","DB01708","NA","HMDB"
"20692","NA","Deoxycorticosterone","11-Deoxycorticosterone (also called desoxycortone; 21-hydroxyprogesterone; DOC; or simply deoxycorticosterone) is a steroid hormone produced by the adrenal gland that possesses mineralocorticoid activity and acts as a precursor to aldosterone.","21-Hydroxy-4-pregnene-3;20-dioneChEBI21-HydroxyprogesteroneChEBI4-Pregnen-21-ol-3;20-dioneChEBICortexoneChEBIDESOXYCORTICOSTERONEChEBIDesoxycortoneChEBIDOCChEBIKendall's desoxy compound bChEBIReichste","330.4611","C21H30O3","(1S;2R;10S;11S;14S;15S)-14-(2-hydroxyacetyl)-2;15-dimethyltetracyclo[8.7.0.0^{2;7}.0^{11;15}]heptadec-6-en-5-one","[H][C@@]12CC[C@H](C(=O)CO)[C@@]1(C)CC[C@@]1([H])[C@@]2([H])CCC2=CC(=O)CC[C@]12C","NA","C03205","HMDB0000016","141","0.06 mg/mL at 37 °C","NA","NA","HMDB"
"20693","NA","Dihydrotestosterone","Dihydrotestosterone is a potent androgenic metabolite of testosterone. Dihydrotestosterone (DHT) is generated by a 5-alpha reduction of testosterone. Unlike testosterone; DHT cannot be aromatized to estradiol therefore DHT is considered a pure androgenic steroid. ","17beta-Hydroxyandrostan-3-oneChEBI4;5alpha-DihydrotestosteroneChEBI5alpha-DHTChEBI5alpha-DihydrotestosteroneChEBIAndrostanolonaChEBIAndrostanoloneChEBIAndrostanolonumChEBIDHTChEBIDihydrotestosteronChE","290.4403","C19H30O2","(1S;2S;7S;10R;11S;14S;15S)-14-hydroxy-2;15-dimethyltetracyclo[8.7.0.0^{2;7}.0^{11;15}]heptadecan-5-one","[H][C@@]12CC[C@H](O)[C@@]1(C)CC[C@@]1([H])[C@@]2([H])CC[C@@]2([H])CC(=O)CC[C@]12C","NA","C03917","HMDB0002961","181","525 mg/mL at 25 °C","DB02901","NA","HMDB"
"20694","NA","Estradiol","Estradiol is the most potent form of mammalian estrogenic steroids. Estradiol is produced in the ovaries. The ovary requires both luteinizing hormone (LH) and follicle-stimulating hormone (FSH) to produce sex steroids. ","(17beta)-Estra-1;3;5(10)-triene-3;17-diolChEBI17beta OestradiolChEBI17beta-Estra-1;3;5(10)-triene-3;17-diolChEBI17beta-OestradiolChEBIbeta-EstradiolChEBIcis-EstradiolChEBIEstradiol-17betaChEBIClimaraK","272.382","C18H24O2","(1S;10R;11S;14S;15S)-15-methyltetracyclo[8.7.0.0^{2;7}.0^{11;15}]heptadeca-2(7);3;5-triene-5;14-diol","[H][C@@]12CC[C@H](O)[C@@]1(C)CC[C@]1([H])C3=C(CC[C@@]21[H])C=C(O)C=C3","NA","C00951","HMDB0000151","178.5","0.0036 mg/mL","DB00783","NA","HMDB"
"20695","NA","Estriol","Estriol is a metabolite of estrone metabolized via 16alpha-hydroxyestrone through the enzyme 16alpha-hydroxysteroid dehydrogenase (EC 1.1.1.147) or to 2- or 4-hydroxyestrone (catechol estrogens) by the action of catecho-O-methyltransferase ","(16alpha;17beta)-Estra-1;3;5(10)-triene-3;16;17-triolChEBI1;3;5(10)-Estratriene-3;16-alpha;17beta-triolChEBI16alpha;17beta-EstriolChEBI16alpha-HydroxyestradiolChEBI3;16alpha;17beta-Trihydroxy-Delta(1;","288.3814","C18H24O3","(1S;10R;11S;13R;14R;15S)-15-methyltetracyclo[8.7.0.0^{2;7}.0^{11;15}]heptadeca-2(7);3;5-triene-5;13;14-triol","[H][C@@]12C[C@@H](O)[C@H](O)[C@@]1(C)CC[C@]1([H])C3=C(CC[C@@]21[H])C=C(O)C=C3","NA","C05141","HMDB0000153","282","NA","DB04573","NA","HMDB"
"20696","NA","Estrone","Estrone is a major mammalian estrogen. The conversion of the natural C19 steroids; testosterone and androstenedione into estrone is dependent on a complex key reaction catalyzed by the cytochrome P450 aromatase ","3-Hydroxy-1;3;5(10)-estratrien-17-oneChEBIFollicular hormoneChEBIFolliculinChEBIOestroneChEBI(+)-Estrone; 1;3;5(10)-Estratrien-3-ol-17-one; 3-Hydroxy-17-keto-estra-1;3;5-triene; 3-Hydroxyestra-1;3;5(1","270.3661","C18H22O2","(1S;10R;11S;15S)-5-hydroxy-15-methyltetracyclo[8.7.0.0^{2;7}.0^{11;15}]heptadeca-2(7);3;5-trien-14-one","[H][C@@]12CCC(=O)[C@@]1(C)CC[C@]1([H])C3=C(CC[C@@]21[H])C=C(O)C=C3","NA","C00468","HMDB0000145","258","NA","DB00655","NA","HMDB"
"20697","NA","Pregnenolone","Pregnenolone is a derivative of cholesterol; the product of cytochrome P450 side-chain cleavage ","(3BETA)-3-HYDROXYPREGN-5-en-20-oneChEBI3beta-Hydroxypregn-5-en-20-oneChEBI5-Pregnen-3beta-ol-20-oneChEBI(3b)-3-HYDROXYPREGN-5-en-20-oneGenerator(3Β)-3-hydroxypregn-5-en-20-oneGenerator3b-Hydroxypregn-","316.4776","C21H32O2","1-[(1S;2R;5S;10S;11S;14S;15S)-5-hydroxy-2;15-dimethyltetracyclo[8.7.0.0^{2;7}.0^{11;15}]heptadec-7-en-14-yl]ethan-1-one","[H][C@@]12CC[C@H](C(C)=O)[C@@]1(C)CC[C@@]1([H])[C@@]2([H])CC=C2C[C@@H](O)CC[C@]12C","NA","C01953","HMDB0000253","192","NA","DB02789","NA","HMDB"
"20698","NA","Progesterone","The major progestational steroid that is secreted primarily by the corpus luteum and the placenta. ","(S)-4-Pregnene-3;20-dioneChEBI(S)-Pregn-4-en-3;20-dioneChEBI(S)-ProgesteroneChEBI17alpha-ProgesteroneChEBI4-Pregnene-3;20-dioneChEBIAgolutinChEBIAkrolutinChEBICorpus luteum hormoneChEBICrinoneChEBIDel","314.4617","C21H30O2","(1S;2R;10S;11S;14S;15S)-14-acetyl-2;15-dimethyltetracyclo[8.7.0.0^{2;7}.0^{11;15}]heptadec-6-en-5-one","[H][C@@]12CC[C@H](C(C)=O)[C@@]1(C)CC[C@@]1([H])[C@@]2([H])CCC2=CC(=O)CC[C@]12C","NA","C00410","HMDB0001830","121","0.0088 mg/mL at 25 °C","DB00396","NA","HMDB"
"20699","NA","Testosterone","Testosterone is the primary male sex hormone and anabolic steroid from the androstane class of steroids. It is the most important androgen in potency and quantity for vertebrates. In humans; testosterone plays a key role in the development of male reproductive tissues such as testes and prostate; as","17beta-Hydroxy-4-androsten-3-oneChEBI4-Androsten-17beta-ol-3-oneChEBIAndrodermChEBITestosteronChEBITestosteronaChEBITestosteronumChEBIAndrogelKeggAxironKeggStriantKeggTestimKegg17b-Hydroxy-4-androsten","288.4244","C19H28O2","(1S;2R;10R;11S;14S;15S)-14-hydroxy-2;15-dimethyltetracyclo[8.7.0.0^{2;7}.0^{11;15}]heptadec-6-en-5-one","[H][C@@]12CC[C@H](O)[C@@]1(C)CC[C@@]1([H])[C@@]2([H])CCC2=CC(=O)CC[C@]12C","NA","C00535","HMDB0000234","155","0.023 mg/mL","DB00624","NA","HMDB"
"20700","NA","Vitamin D3","Vitamin D3; also called cholecalciferol; is one of the forms of vitamin D. ","(+)-Vitamin D3ChEBI(1S;3Z)-3-[(2E)-2-[(1R;3AR;7as)-7a-methyl-1-[(2R)-6-methylheptan-2-yl]-2;3;3a;5;6;7-hexahydro-1H-inden-4-ylidene]ethylidene]-4-methylidene-cyclohexan-1-olChEBI(3beta;5Z;7E)-9;10-Sec","384.6377","C27H44O","(1S;3Z)-3-{2-[(1R;3aS;4E;7aR)-7a-methyl-1-[(2R)-6-methylheptan-2-yl]-octahydro-1H-inden-4-ylidene]ethylidene}-4-methylidenecyclohexan-1-ol","[H][C@@]1(CC[C@@]2([H])C(CCC[C@]12C)=CC=C1C[C@@H](O)CCC1=C)[C@H](C)CCCC(C)C","NA","C05443","HMDB0000876","84.5","NA","DB00169","NA","HMDB"
"20701","NA","Leukotriene B4","Leukotriene B4 is the major metabolite in neutrophil polymorphonuclear leukocytes. Leukotrienes are metabolites of arachidonic acid derived from the action of 5-LO (5-lipoxygenase). The immediate product of 5-LO is LTA4 (leukotriene A4); which is enzymatically converted into either LTB4 (leukotriene","(5S;12R;6Z;8E;10E;14Z)-5;12-Dihydroxy-6;8;10;14-eicosatetraenoic acidChEBI(5S;6Z;8E;10E;12R;14Z)-5;12-Dihydroxyeicosa-6;8;10;14-tetraenoic acidChEBI(S-(R*;s*-(e;Z;e;Z)))-5;12-dihydroxy-6;8;10;14-eicos","336.4657","C20H32O4","(5S;6Z;8E;10E;12R;14Z)-5;12-dihydroxyicosa-6;8;10;14-tetraenoic acid","CCCCCC=C/C[C@@H](O)C=CC=CC=C/[C@@H](O)CCCC(O)=O","NA","C02165","HMDB0001085","NA","NA","DB12961","NA","HMDB"
"20702","NA","12-Keto-tetrahydro-leukotriene B4","12-keto-tetrahydro-Leukotriene B4 is an inactivated enzymatic metabolite of leukotriene B4(LTB4); product of the human liver enzyme leukotriene B4 (LTB4) 12-hydroxydehydrogenase; also found in the porcine kidney and other mammals. LTB4 is the major metabolite in neutrophil polymorphonuclear leukocyt","12-Keto-10;11;14;15-tetrahydro-LTB4; 5S-Hydroxy-12-keto-6Z;8E-eicosadienoate; 5S-Hydroxy-12-keto-6Z;8E-eicosadienoic acid","338.4816","C20H34O4","(5S;6Z;8E)-5-hydroxy-12-oxoicosa-6;8-dienoic acid","CCCCCCCCC(=O)CCC=CC=C/[C@@H](O)CCCC(O)=O","NA","C02165","HMDB0002995","NA","NA","NA","NA","HMDB"
"20703","NA","10;11-dihydro-12-oxo-LTB4","10;11-dihydro-12-oxo-LTB4 is formed when leukotriene B4 (LTB4) is metabolized by beta-oxidation.LTB4 is the major metabolite in neutrophil polymorphonuclear leukocytes. Leukotrienes are metabolites of arachidonic acid derived from the action of 5-LO (5-lipoxygenase). The immediate product of 5-LO is","12-oxo-(5S)-Hydroxy-(6Z;8E;14Z)-eicosatrienoate; 12-oxo-(5S)-Hydroxy-(6Z;8E;14Z)-eicosatrienoic acid; 12-oxo-(5S)-Hydroxy-(6Z;8E;14Z)-eicosatrienoic acid anion; 12-oxo-10;11-dihydro-LTB(;4)","336.4657","C20H32O4","(5R;6Z;8E;14Z)-5-hydroxy-12-oxoicosa-6;8;14-trienoic acid","CCCCCC=C/CC(=O)CCC=CC=C/[C@H](O)CCCC(O)=O","NA","NA","HMDB0012498","NA","NA","NA","NA","HMDB"
"20704","NA","12-Keto-leukotriene B4","12-Keto-leukotriene B4 is formed when leukotriene B4 (LTB4) is metabolized by beta-oxidation. LTB4 is the major metabolite in neutrophil polymorphonuclear leukocytes. Leukotrienes are metabolites of arachidonic acid derived from the action of 5-LO (5-lipoxygenase). The immediate product of 5-LO is L","(5S;6Z;8E;10E;14Z)-5-Hydroxy-12-oxoeicosa-6;8;10;14-tetraenoic acidChEBI12-Keto-LTB4ChEBI12-oxo-LTB4ChEBI12-Oxoleukotriene b4ChEBI5(S)-Hydroxy-12-oxo-6(Z);8(e);10(e);14(Z)-eicosatetraenoic acidChEBI5-","334.4498","C20H30O4","(5S;6Z;8E;10E;14Z)-5-hydroxy-12-oxoicosa-6;8;10;14-tetraenoic acid","CCCCCC=C/CC(=O)C=CC=CC=C/[C@@H](O)CCCC(O)=O","NA","C05949","HMDB0004234","NA","NA","NA","NA","HMDB"
"20705","NA","15-Deoxy-d-12;14-PGJ2","15-deoxy-PGJ2 (15d-PGJ2) is a metabolite of the PGJ2 prostanoid family that influences multiple signaling pathways by covalently binding with key signaling molecules. Among them; 15d-PGJ2 has displayed highest potency as an inducer of gene expression. Prostanoids are a subclass of the lipid mediator","15-Deoxy-delta-12;14-PGJ2ChEBI15-Deoxy-delta-12;14-prostaglandin J2ChEBI15-Deoxy-PGJ2ChEBIdelta-12;14-15-Deoxy-PGJ2ChEBI15-Deoxy-Delta12;14-prostaglandin J2Kegg15-Deoxy-δ-12;14-PGJ2Generator15-Deoxy-δ","316.4345","C20H28O3","(5Z)-7-[(1S;5E)-5-[(2E)-oct-2-en-1-ylidene]-4-oxocyclopent-2-en-1-yl]hept-5-enoic acid","CCCCCC=CC=C1/[C@@H](CC=C/CCCC(O)=O)C=CC1=O","NA","C14717","HMDB0005079","NA","NA","NA","NA","HMDB"
"20706","NA","MG(0:0/20:4(5Z;8Z;11Z;14Z)/0:0)","MG(0:0/20:4(5Z;8Z;11Z;14Z)/0:0); also known as 2-arachidonoylglycerol (2-AG); is a unique molecular species of monoacylglycerol isolated in 1995 from rat brain and canine gut as an endogenous ligand for the cannabinoid receptors. 2-AG is rapidly formed from arachidonic acid-containing phospholipids ","2-(5Z;8Z;11Z;14Z-Eicosatetraenoyl)-glycerolChEBI2-AGChEBI2-Ara-GLChEBI2-Arachidonoyl-glycerolChEBI2-Arachidonyl-glycerolChEBI2-Arachidonoyl-sn-glycerolKegg(5Z;8Z;11Z;14Z)-2-Hydroxy-1-(hydroxymethyl)et","378.5454","C23H38O4","1;3-dihydroxypropan-2-yl (5Z;8Z;11Z;14Z)-icosa-5;8;11;14-tetraenoate","[H]C(CO)(CO)OC(=O)CCCC=C/CC=C/CC=C/CC=C/CCCCC","NA","C13856","HMDB0004666","NA","NA","NA","NA","HMDB"
"20707","NA","2-Arachidonyl Glycerol ether","2-Arachidonyl glycerol ether (2-AG ether) has been isolated from porcine brain and its structure determined by mass spec analysis.1 2-AG ether has also been synthesized as an analog of the endogenous cannabinoid (CB); 2-AG; for structure activity testing.2 2-AG ether is a selective central cannabino","(5Z;8Z;11Z;14Z)-Icosatetraenyl-2-glyceryl etherChEBI2-(5Z;8Z;11Z;14Z-Eicosatetraenyl)-sn-glycerolChEBI2-AG etherChEBI2-O-(5Z;8Z;11Z;14Z)-EicosatetraenylglycerolChEBI5Z;8Z;11Z;14Z-Eicosatetraen-2-glyce","364.5619","NA","2-[(5Z;8Z;11Z;14Z)-icosa-5;8;11;14-tetraen-1-yloxy]propane-1;3-diol","CCCCCC=C/CC=C/CC=C/CC=C/CCCCOC(CO)CO","NA","NA","HMDB0013657","NA","NA","NA","NA","HMDB"
"20708","NA","20-Carboxy-leukotriene B4","20-Carboxyleukotriene B4 is an omega-oxidized metabolite of leukotriene B4 (LTB4). Neutrophil microsomes are known to oxidize 20-hydroxy-LTB4 (20-OH-LTB4) to its 20-oxo and 20-carboxy derivatives in the presence of NADPH. ","20-Carboxy-LTB4ChEBI20-COOH-Leukotriene b4ChEBI20-COOH-LTB4ChEBI5;12-Dihydroxy-delta5;8;11;14-eicosapolyendioic acidChEBI5;12-Dihydroxy-delta5;8;11;14-eicosapolyendioateGenerator5;12-Dihydroxy-δ5;8;11","366.4486","NA","(5S;6Z;8E;10E;12R;14Z)-5;12-dihydroxyicosa-6;8;10;14-tetraenedioic acid","O[C@@H](CCCC(O)=O)C=C/C=C/C=C/[C@H](O)CC=C/CCCCC(O)=O","NA","C05950","HMDB0006059","NA","NA","NA","NA","HMDB"
"20709","NA","20-Hydroxyeicosatetraenoic acid","20-Hydroxyeicosatetraenoic acid (20-HETE) is a metabolite of arachidonic acid. Cytochrome P450 enzymes of the 4A and 4F families catalyze the omega-hydroxylation of arachidonic acid and produce 20-HETE. 20-HETE is a potent constrictor of renal; cerebral; and mesenteric arteries. The vasoconstrictor ","(5Z;8Z;11Z;14Z)-20-Hydroxyicosa-5;8;11;14-tetraenoic acidChEBI20-Hydroxy arachidonic acidChEBI20-Hydroxyarachidonic acidChEBI20-Hydroxyicosatetraenoic acidChEBI(5Z;8Z;11Z;14Z)-20-Hydroxyicosa-5;8;11;1","320.4663","NA","(5Z;8Z;11Z;14Z)-20-hydroxyicosa-5;8;11;14-tetraenoic acid","OCCCCCC=C/CC=C/CC=C/CC=C/CCCC(O)=O","NA","C14748","HMDB0005998","NA","NA","NA","NA","HMDB"
"20710","NA","20-Hydroxy-leukotriene B4","20-hydroxy- Leukotriene B4 (20-OH-LTB4) is an omega-hydroxylated metabolite of leukotriene B4 in human neutrophils. Elevated urinary concentrations of 20-OH-LTB4 and LTB4 are found in patients with Sjogren-Larsson syndrome ","(6Z;8E;10E;14Z)-(5S;12R)-5;12;20-Trihydroxyeicosa-6;8;10;14-tetraenoateChEBI(6Z;8E;10E;14Z)-(5S;12R)-5;12;20-Trihydroxyicosa-6;8;10;14-tetraenoateChEBI20-Hydroxy-LTB4ChEBI20-OH-Leukotriene b4ChEBI20-O","352.4651","NA","(5S;6Z;8E;10E;12R;14Z)-5;12;20-trihydroxyicosa-6;8;10;14-tetraenoic acid","OCCCCCC=C/C[C@@H](O)C=CC=CC=C/[C@@H](O)CCCC(O)=O","NA","C04853","HMDB0001509","NA","NA","NA","NA","HMDB"
"20711","NA","5-KETE","5-KETE; also known as 5-keto-ete or 5-oxoete; belongs to the class of organic compounds known as long-chain fatty acids. These are fatty acids with an aliphatic tail that contains between 13 and 21 carbon atoms. Thus; 5-KETE is considered to be an eicosanoid. Based on a literature review a significa","(6E;8Z;11Z;14Z)-5-Oxoicosa-6;8;11;14-tetraenoic acidChEBI5-Keto-eteChEBI5-Ketoeicosatetraenoic acidChEBI5-oxo; 6t;8C;11C;14C-20:4ChEBI5-oxo-6(e);8(Z);11(Z);14(Z)-Eicosatetraenoic acidChEBI5-oxo-6E;8Z;","318.4504","NA","(6E;8Z;11Z;14Z)-5-oxoicosa-6;8;11;14-tetraenoic acid","CCCCCC=C/CC=C/CC=C/C=C/C(=O)CCCC(O)=O","NA","C14732","HMDB0010217","NA","NA","NA","NA","HMDB"
"20712","NA","5(S)-Hydroperoxyeicosatetraenoic acid","5(S)-Hydroperoxyeicosatetraenoic acid is a lipid hydroperoxide precursor of leukotrienes. The first step of biosynthesis of leukotrienes is conversion of arachidonic acid into 5(S)-hydroperoxy-6;8;11;14-(E;Z;Z;Z)-eicosatetraenoic acid [5(S)-HpETE] by 5- lipoxygenases (5-LOX). Lipid hydroperoxides un","(5S;6E;8Z;11Z;14Z)-5-Hydroperoxyeicosa-6;8;11;14-tetraenoic acidChEBI(5S;6E;8Z;11Z;14Z)-5-Hydroperoxyicosa-6;8;11;14-tetraenoateChEBI(6E;8Z;11Z;14Z)-(5S)-5-Hydroperoxyeicosa-6;8;11;14-tetraenoateChEBI","336.4657","NA","(5S;6E;8Z;11Z;14Z)-5-hydroperoxyicosa-6;8;11;14-tetraenoic acid","CCCCCC=C/CC=C/CC=C/C=C/[C@H](CCCC(O)=O)OO","NA","C05356","HMDB0001193","NA","NA","NA","NA","HMDB"
"20713","NA","6-Keto-prostaglandin F1a","6-keto-Prostaglandin F1a is the physiologically active and stable metabolite of prostacyclin. (A prostaglandin found in nearly all mammalian tissue that is a powerful vasodilator and inhibits platelet aggregation; it is biosynthesized enzymatically from prostaglandin endoperoxides in human vascular ","6-Keto-PGF1aChEBI6-Keto-PGF1alphaChEBI6-Keto-prostaglandin F1alphaChEBI6-Ketoprostaglandin F1alphaChEBI6-oxo-PGF1alphaChEBI6-oxo-Prostaglandin F1alphaChEBI6-Keto-PGF1αGenerator6-Keto-prostaglandin F1α","370.4804","NA","7-[(1R;2R;3R;5S)-3;5-dihydroxy-2-[(1E;3S)-3-hydroxyoct-1-en-1-yl]cyclopentyl]-6-oxoheptanoic acid","CCCCC[C@H](O)C=C[C@H]1[C@H](O)C[C@H](O)[C@@H]1CC(=O)CCCCC(O)=O","NA","C05961","HMDB0002886","NA","NA","NA","NA","HMDB"
"20714","NA","6-trans-Leukotriene B4","6-trans-Leukotriene B4 is an enzymatic metabolite of leukotriene B4(LTB4). A greater increase in LTB4 and 6-trans-LTB4 (one of its hydroxylated 5-lipoxygenase metabolic derivatives) occurs after stimulation with calcium-ionophore in asthma patients compared to healthy controls. LTB4 is the major met","(5S;6E;8E;10E;12R;14Z)-5;12-Dihydroxyeicosa-6;8;10;14-tetraenoic acidChEBI(6E;5S;12R)-Leukotriene b4ChEBI5(S);12(R)-Dihydroxy-6;8;10;14-(trans;trans;trans;cis)-eicosatetraenoic acidChEBI5S;12R-Dihydro","336.4657","NA","(5S;6E;8E;10E;12R;14Z)-5;12-dihydroxyicosa-6;8;10;14-tetraenoic acid","CCCCCC=C/C[C@@H](O)C=CC=CC=C[C@@H](O)CCCC(O)=O","NA","NA","HMDB0005087","NA","NA","NA","NA","HMDB"
"20715","NA","Anandamide","Anandamide; also known as arachidonoylethanolamide (AEA); is a highly potent endogenous agonist of the cannabinoid CB1 and CB2 receptors. CB1 receptors are predominantly found in the central nervous system (CNS) where they mainly mediate the psychotropic effects of tetrahydrocannabinol (THC) and end","(5Z;8Z;11Z;14Z)-N-(2-Hydroxyethyl)-5;8;11;14-eicosatetraenamideChEBI(all-Z)-N-(2-Hydroxyethyl)-5;8;11;14-eicosatetraenamideChEBIAEAChEBIAnandamide (20.4; N-6)ChEBIAnandamide(20:4; N-6)ChEBIArachidonic","347.5347","NA","(5Z;8Z;11Z;14Z)-N-(2-hydroxyethyl)icosa-5;8;11;14-tetraenamide","CCCCCC=C/CC=C/CC=C/CC=C/CCCC(=O)NCCO","NA","C11695","HMDB0004080","NA","NA","NA","NA","HMDB"
"20716","NA","Arachidonic acid","Arachidonic acid is a polyunsaturated; essential fatty acid that has a 20-carbon chain as a backbone and four cis-double bonds at the C5; C8; C11; and C14 positions. It is found in animal and human fat as well as in the liver; brain; and glandular organs; and is a constituent of animal phosphatides.","(5Z;8Z;11Z;14Z)-5;8;11;14-Icosatetraenoic acidChEBI(5Z;8Z;11Z;14Z)-Icosatetraenoic acidChEBIAAChEBIall-cis-5;8;11;14-Eicosatetraenoic acidChEBIARAChEBIArachidonateChEBIArachidonsaeureChEBIcis-5;8;11;1","304.4669","NA","(5Z;8Z;11Z;14Z)-icosa-5;8;11;14-tetraenoic acid","CCCCCC=C/CC=C/CC=C/CC=C/CCCC(O)=O","NA","C00219","HMDB0001043","NA","NA","DB04557","NA","HMDB"
"20717","NA","Leukotriene B4","Leukotriene B4 is the major metabolite in neutrophil polymorphonuclear leukocytes. Leukotrienes are metabolites of arachidonic acid derived from the action of 5-LO (5-lipoxygenase). The immediate product of 5-LO is LTA4 (leukotriene A4); which is enzymatically converted into either LTB4 (leukotriene","(5S;12R;6Z;8E;10E;14Z)-5;12-Dihydroxy-6;8;10;14-eicosatetraenoic acidChEBI(5S;6Z;8E;10E;12R;14Z)-5;12-Dihydroxyeicosa-6;8;10;14-tetraenoic acidChEBI(S-(R*;s*-(e;Z;e;Z)))-5;12-dihydroxy-6;8;10;14-eicos","336.4657","NA","(5S;6Z;8E;10E;12R;14Z)-5;12-dihydroxyicosa-6;8;10;14-tetraenoic acid","CCCCCC=C/C[C@@H](O)C=CC=CC=C/[C@@H](O)CCCC(O)=O","NA","C02165","HMDB0001085","NA","NA","DB12961","Q9NPC1;  Q15722;  Q9JJL9;  O88855;  Q9R0Q2;  Q3T181;  Q924U0","HMDB"
"20718","NA","Leukotriene B4 dimethylamide","Leukotriene B4 dimethylamide is a derivative of Leukotriene B4 (LTB4) and was shown to inhibit neutrophil degranulation induced by LTB4. LTB4 is the major metabolite in neutrophil polymorphonuclear leukocytes. Leukotrienes are metabolites of arachidonic acid derived from the action of 5-LO (5-lipoxy","LTB4 Dimethyl amide; LTB4-Dimethylamide; N;N-Dimethyl-5S;12R-dihydroxy-6Z;8E;10E;14Z-eicosatetraen-1-amide; [S-[R*;s*-(e;Z;e;Z)]]-5;12-dihydroxy-N;N-dimethyl-6;8;10;14-eicosatetraenamide; LTB4dMA; Leu","363.5341","NA","(5S;6Z;8E;10E;12R;14Z)-5;12-dihydroxy-N;N-dimethylicosa-6;8;10;14-tetraenamide","CCCCCC=C/C[C@@H](O)C=CC=CC=C/[C@@H](O)CCCC(=O)N(C)C","NA","NA","HMDB0005085","NA","NA","NA","NA","HMDB"
"20719","NA","Leukotriene B4 ethanolamide","Leukotriene B4 ethanolamide is a synthetic agonist of leukotriene B4 (LTB4); that interacts with both leukotriene B4 receptors and Vanilloid TRPV1 receptors. Leukotriene B4 is the major metabolite in neutrophil polymorphonuclear leukocytes. Leukotrienes are metabolites of arachidonic acid derived fr","LTB4 Ethanol amide; N-(2-Hydroxyethyl)-5S;12R-dihydroxy-6Z;8E;10E;14Z-eicosatetraen-1-amide","379.5335","NA","(5S;6Z;8E;10E;12R;14Z)-5;12-dihydroxy-N-(2-hydroxyethyl)icosa-6;8;10;14-tetraenamide","CCCCCC=C/C[C@@H](O)C=CC=CC=C/[C@@H](O)CCCC(=O)NCCO","NA","NA","HMDB0002304","NA","NA","NA","NA","HMDB"
"20720","NA","Leukotriene B4 dimethylamide","Leukotriene B4 dimethylamide is a derivative of Leukotriene B4 (LTB4) and was shown to inhibit neutrophil degranulation induced by LTB4. LTB4 is the major metabolite in neutrophil polymorphonuclear leukocytes. ","LTB4 Dimethyl amide; LTB4-Dimethylamide; N;N-Dimethyl-5S;12R-dihydroxy-6Z;8E;10E;14Z-eicosatetraen-1-amide; [S-[R*;s*-(e;Z;e;Z)]]-5;12-dihydroxy-N;N-dimethyl-6;8;10;14-eicosatetraenamide; LTB4dMA; Leu","363.5341","NA","(5S;6Z;8E;10E;12R;14Z)-5;12-dihydroxy-N;N-dimethylicosa-6;8;10;14-tetraenamide","CCCCCC=C/C[C@@H](O)C=CC=CC=C/[C@@H](O)CCCC(=O)N(C)C","NA","NA","HMDB0005085","NA","NA","NA","NA","HMDB"
"20721","NA","Leukotriene B5","Leukotriene B5 (LTB5) is a 5-lipoxygenase metabolite of arachidonic (AA) and eicosapentaenoic acid (EPA); involved in numerous inflammatory diseases and possesses a substantially less potent inflammatory effect than LTB4. ","(5S;6Z;8E;10E;12R;14Z)-5;12-Dihydroxy-6;8;10;14;17-eicosapentaenoic acidChEBI5;12-DiHEPEChEBILTB5ChEBI(5S;6Z;8E;10E;12R;14Z)-5;12-Dihydroxy-6;8;10;14;17-eicosapentaenoateGenerator5;12-Dihydroxy-6-tran","334.4498","NA","(5S;6Z;8E;10E;12R;14Z;17Z)-5;12-dihydroxyicosa-6;8;10;14;17-pentaenoic acid","CCC=C/CC=C/C[C@@H](O)C=CC=CC=C/[C@@H](O)CCCC(O)=O","NA","NA","HMDB0005073","NA","NA","NA","NA","HMDB"
"20722","NA","Leukotriene C4","Leukotriene C4 (LTC4) is a cysteinyl leukotriene (CysLT); a family of potent inflammatory mediators. Eosinophils; one of the principal cell types recruited to and activated at sites of allergic inflammation; is capable of elaborating lipid mediators; including leukotrienes derived from the oxidative","(R-(R*;s*-(e;e;Z;Z)))-N-(S-(1-(4-carboxy-1-hydroxybutyl)-2;4;6;9-pentadecatetraenyl)-N-L-gamma-glutamyl-L-cysteinyl)glycineChEBI5S;6R-LTC(Sub 4)ChEBI5S-Hydroxy;6R-(S-glutathionyl);7E;9E;11Z;14Z-eicosa","625.774","NA","(5S;6R;7E;9E;11Z;14Z)-6-{[(2R)-2-[(4S)-4-amino-4-carboxybutanamido]-2-[(carboxymethyl)carbamoyl]ethyl]sulfanyl}-5-hydroxyicosa-7;9;11;14-tetraenoic acid","CCCCCC=C/CC=C/C=C/C=C/[C@@H](SC[C@H](NC(=O)CC[C@H](N)C(O)=O)C(=O)NCC(O)=O)[C@@H](O)CCCC(O)=O","NA","C02166","HMDB0001198","NA","NA","DB08855","NA","HMDB"
"20723","NA","Leukotriene D4","Leukotriene D4 (LTD4) is a cysteinyl leukotriene. Cysteinyl leukotrienes (CysLTs) are a family of potent inflammatory mediators that appear to contribute to the pathophysiologic features of allergic rhinitis. ","(R-(R*;s*-(e;e;Z;Z)))-N-(S-(1-(4-carboxy-1-hydroxybutyl)-2;4;6;9-pentadecatetraenyl)-L-cysteinyl)glycineChEBI5S-Hydroxy-6R-(S-cysteinylglycinyl)-7E;9E;11E;14Z-eicosatetraenoic acidChEBILTD4ChEBI5S-Hyd","496.66","NA","(5S;6R;7E;9E;11Z;14Z)-6-{[(2R)-2-amino-2-[(carboxymethyl)carbamoyl]ethyl]sulfanyl}-5-hydroxyicosa-7;9;11;14-tetraenoic acid","CCCCCC=C/CC=C/C=C/C=C/[C@@H](SC[C@H](N)C(=O)NCC(O)=O)[C@@H](O)CCCC(O)=O","NA","C05951","HMDB0003080","NA","NA","DB11858","NA","HMDB"
"20724","NA","Leukotriene E4","Leukotriene E4 (LTE4) is a cysteinyl leukotriene. Cysteinyl leukotrienes (CysLTs) are a family of potent inflammatory mediators that appear to contribute to the pathophysiologic features of allergic rhinitis. Nasal blockage induced by CysLTs is mainly due to dilatation of nasal blood vessels; which ","(5S-(5R*;6S*(s*);7E;9E;11Z;14Z))-6-((2-amino-2-carboxyethyl)thio)-5-hydroxy-7;9;11;14-eicosatetraenoic acidChEBI(7E;9E;11Z;14Z)-(5S;6R)-6-(Cystein-S-yl)-5-hydroxyeicosa-7;9;11;14-tetraenoateChEBI(7E;9","439.61","NA","(5S;6R;7E;9E;11Z;14Z)-6-{[(2R)-2-amino-2-carboxyethyl]sulfanyl}-5-hydroxyicosa-7;9;11;14-tetraenoic acid","CCCCCC=C/CC=C/C=C/C=C/[C@@H](SC[C@H](N)C(O)=O)[C@@H](O)CCCC(O)=O","NA","C05952","HMDB0002200","NA","NA","NA","NA","HMDB"
"20725","NA","Lipoxin A4","Lipoxin A4 (LXA4) was first identified in 1984 by Serhan and colleagues as 5-lipoxygenase interaction product of activated leukocytes. Endogenous transcellular biosynthesis of LXA4 occurs via interaction of leukocytes with epithelium; endothelium or platelets. ","(5S;6R;15S)-Trihydroxy-7;9;13-trans-11-cis-eicosatetraenoic acidChEBI(5S;6R;7E;9E;11Z;13E;15S)-5;6;15-Trihydroxy-7;9;11;13-eicosatetraenoic acidChEBI(5S;6R;7E;9E;11Z;13E;15S)-5;6;15-Trihydroxyeicosa-7","352.4651","NA","(5S;6R;7E;9E;11Z;13E;15S)-5;6;15-trihydroxyicosa-7;9;11;13-tetraenoic acid","CCCCC[C@H](O)C=CC=C/C=C/C=C/[C@@H](O)[C@@H](O)CCCC(O)=O","NA","C06314","HMDB0004385","NA","NA","NA","NA","HMDB"
"20726","NA","Lipoxin B4","Lipoxins (LXs) and aspirin-triggered lipoxin (ATL) are trihydroxytetraene-containing eicosanoids generated from arachidonic acid that are distinct in structure; formation; and function from the many other proinflammatory lipid-derived mediators. ","(5S;14R;6E;8Z;10E;12E;15S)-5;14;15-Trihydroxy-6;8;10;12-eicosatetraenoic acidChEBI(5S;6E;8Z;10E;12E;14R;15S)-5;14;15-Trihydroxyeicosa-6;8;10;12-tetraenoic acidChEBI(6E;8Z;10E;12E)-(5S;14R;15S)-Trihydr","352.4651","NA","(5S;6E;8Z;10E;12E;14R;15S)-5;14;15-trihydroxyicosa-6;8;10;12-tetraenoic acid","CCCCC[C@H](O)[C@H](O)C=CC=CC=C/C=C/[C@@H](O)CCCC(O)=O","NA","C06315","HMDB0005082","NA","NA","NA","NA","HMDB"
"20727","NA","Prostaglandin D2","Prostaglandin D2 (or PGD2) is a prostaglandin that is actively produced in various organs such as the brain; spleen; thymus; bone marrow; uterus; ovary; oviduct; testis; prostate and epididymis; and is involved in many physiological events. ","(5Z;13E)-(15S)-9alpha;15-Dihydroxy-11-oxoprosta-5;13-dienoateChEBI(5Z;13E;15S)-9alpha;15-Dihydroxy-11-oxoprosta-5;13-dienoateChEBI11-Dehydroprostaglandin F2-alphaChEBIPGD2ChEBI(5Z;13E)-(15S)-9a;15-Dih","352.4651","NA","(5Z)-7-[(1R;2R;5S)-5-hydroxy-2-[(1E;3S)-3-hydroxyoct-1-en-1-yl]-3-oxocyclopentyl]hept-5-enoic acid","[H][C@](O)(CCCCC)C=C[C@@]1([H])C(=O)C[C@]([H])(O)[C@]1([H])CC=C/CCCC(O)=O","NA","C00696","HMDB0001403","56","NA","DB02056","Q13258, Q9Y5Y4;  P70263;  Q9R261;  Q9Z2J6","HMDB"
"20728","NA","Prostaglandin E1","Prostaglandin E1 (PGE1) is a potent endogenous vasodilator agent that increases peripheral blood flow. It inhibits platelet aggregation and has many other biological effects such as bronchodilation; mediation of inflammation; and various protective functions.","(11alpha;13E;15S)-11;15-Dihydroxy-9-oxoprost-13-en-1-Oic acidChEBI(13E)-(15S)-11alpha;15-Dihydroxy-9-oxoprost-13-enoateChEBI11alpha;15alpha-Dihydroxy-9-oxo-13-trans-prostenoic acidChEBIAlprostadilChEB","354.487","NA","7-[(1R;2R;3R)-3-hydroxy-2-[(1E;3S)-3-hydroxyoct-1-en-1-yl]-5-oxocyclopentyl]heptanoic acid","CCCCC[C@H](O)C=C[C@H]1[C@H](O)CC(=O)[C@@H]1CCCCCCC(O)=O","NA","C04741","HMDB0001442","115","NA","NA","NA","HMDB"
"20729","NA","Prostaglandin E2","The naturally occurring prostaglandin E2 (PGE2) is known in medicine as dinoprostone; and it is the most common and most biologically active of the mammalian prostaglandins. ","(15S)-Prostaglandin e2ChEBI(5Z;11alpha;13E;15S)-11;15-Dihydroxy-9-oxoprosta-5;13-dien-1-Oic acidChEBI(5Z;13E)-(15S)-11alpha;15-Dihydroxy-9-oxoprost-13-enoateChEBI(5Z;13E)-(15S)-11alpha;15-Dihydroxy-9-","352.4651","NA","(5Z)-7-[(1R;2R;3R)-3-hydroxy-2-[(1E;3S)-3-hydroxyoct-1-en-1-yl]-5-oxocyclopentyl]hept-5-enoic acid","CCCCC[C@H](O)C=C[C@H]1[C@H](O)CC(=O)[C@@H]1CC=C/CCCC(O)=O","NA","C00584","HMDB0001220","67","NA","DB00917","Q9Z2J6;  P35375;  P70597;  Q9BGL8;  P43116;  Q62053;  Q62928","HMDB"
"20730","NA","Prostaglandin E3","Prostaglandin E3 is from the cyclooxygenase metabolism of eicosapentaenoic acid.Prostaglandins are eicosanoids. The eicosanoids consist of the prostaglandins (PGs); thromboxanes (TXs); leukotrienes (LTs); and lipoxins (LXs). ","(5Z;11alpha;13E;15S;17Z)-11;15-Dihydroxy-9-oxoprosta-5;13;17-trien-1-Oic acidChEBI9-oxo-11R;15S-Dihydroxy-5Z;13E;17Z-prostatrienoic acidChEBIPGE3ChEBI(5Z;11a;13E;15S;17Z)-11;15-Dihydroxy-9-oxoprosta-5","350.4492","NA","(5Z)-7-[(1R;2R;3R)-3-hydroxy-2-[(1E;3S;5Z)-3-hydroxyocta-1;5-dien-1-yl]-5-oxocyclopentyl]hept-5-enoic acid","CCC=C/C[C@H](O)C=C[C@H]1[C@H](O)CC(=O)[C@@H]1CC=C/CCCC(O)=O","NA","C06439","HMDB0002664","NA","NA","NA","NA","HMDB"
"20731","NA","Prostaglandin F2a","Prostaglandin F2a (PGF2) is one of the earliest discovered and most common prostaglandins. It is actively biosynthesized in various organs of mammals and exhibits a variety of biological activities; including contraction of pulmonary arteries. ","(+)-Prostaglandin F2a; (5Z;13E)-(15S)-9-alpha;11-alpha;15-Trihydroxyprosta-5;13-dienoate; (5Z;13E)-(15S)-9-alpha;11-alpha;15-Trihydroxyprosta-5;13-dienoic acid; (5Z;13E;15S)-9a;11a;15-Trihydroxyprosta","354.481","NA","(5E)-7-[(1R;2R;3R;5S)-3;5-dihydroxy-2-[(1E;3S)-3-hydroxyoct-1-en-1-yl]cyclopentyl]hept-5-enoic acid","CCCCC[C@H](O)C=C[C@H]1[C@H](O)C[C@H](O)[C@@H]1CC=CCCCC(O)=O","NA","C00639","HMDB0001139","30","NA","NA","Q62786;  Q9P2B2;  Q9WV91;  P37289","HMDB"
"20732","NA","Prostaglandin I2","Prostaglandin I2 or prostacyclin (or PGI2) is a member of the family of lipid molecules known as eicosanoids. It is produced in endothelial cells from prostaglandin H2 (PGH2) by the action of the enzyme prostacyclin synthase. It is a powerful vasodilator and inhibits platelet aggregation. Prostaglan","(5Z;13E)-(15S)-6;9alpha-Epoxy-11alpha;15-dihydroxyprosta-5;13-dienoateChEBI(5Z;9alpha;11alpha;13E;15S)-6;9-Epoxy-11;15-dihydroxyprosta-5;13-dien-1-Oic acidChEBIEpoprostenolChEBIFlolanChEBIPGI2ChEBIPGX","352.4651","NA","5-[(3aR;4R;5R;6aS)-5-hydroxy-4-[(1E;3S)-3-hydroxyoct-1-en-1-yl]-hexahydro-2H-cyclopenta[b]furan-2-ylidene]pentanoic acid","CCCCC[C@H](O)C=C[C@H]1[C@H](O)C[C@@H]2OC(C[C@H]12)=CCCCC(O)=O","NA","C01312","HMDB0001335","NA","NA","NA","NA","HMDB"
"20733","NA","Resolvin E1","Resolvin E1 is a resolvin; a bioactive oxygenated product of EPA (eicosapentaenoic acid). It is a inflammation-resolving lipid mediator. RvE1 reduces neutrophil hyper-function; it also prevents the initiation and progression of tissue destruction","5S;12R;18R-Trihydroxy-6Z;8E;10E;14Z;16E-epa; ResolvinE1; RvE1; 5S;12R;18R-Trihydroxy-6Z;8E;10E;14Z;16E-eicosapentaenoic acid; (6Z;8E;10E;14Z;16E)-5;12;18-Trihydroxyicosa-6;8;10;14;16-pentaenoate; Reso","350.4492","NA","(6Z;8E;10E;14Z;16E)-5;12;18-trihydroxyicosa-6;8;10;14;16-pentaenoic acid","CCC(O)C=CC=C/CC(O)C=CC=CC=C/C(O)CCCC(O)=O","NA","NA","HMDB0010410","NA","NA","NA","NA","HMDB"
"20734","NA","Succinic acid","Succinic acid (succinate) is a dicarboxylic acid. It is an important component of the citric acid or TCA cycle and is capable of donating electrons to the electron transfer chain. ","1;2-Ethanedicarboxylic acidChEBIAcide butanedioiqueChEBIAcide succiniqueChEBIAcidum succinicumChEBIAmber acidChEBIAsuccinChEBIBernsteinsaeureChEBIButandisaeureChEBIButanedionic acidChEBIDihydrofumaric","118.088","NA","butanedioic acid","OC(=O)CCC(O)=O","NA","C00042","HMDB0000254","NA","83.2 mg/mL","DB00139","Q9BXA5;  Q99MT6;  Q6IYF9","HMDB"
"20735","NA","Thromboxane A2","Thromboxane A2 is an unstable intermediate between the prostaglandin endoperoxides and thromboxane B2. The compound has a bicyclic oxaneoxetane structure. It is a potent inducer of platelet aggregation and causes vasoconstriction. It is the principal component of rabbit aorta contracting substance (","(5Z;13E)-(15S)-9alpha;11alpha-Epoxy-15-hydroxythromboxa-5;13-dienoateChEBI(5Z;9alpha;11alpha;13E;15S)-9;11-Epoxy-15-hydroxythromboxa-5;13-dien-1-Oic acidChEBI9S;11S-Epoxy;15S-hydroxy-thromboxa-5Z;13E-","352.4651","NA","(5Z)-7-[(1S;3R;4S;5S)-3-[(1E;3S)-3-hydroxyoct-1-en-1-yl]-2;6-dioxabicyclo[3.1.1]heptan-4-yl]hept-5-enoic acid","CCCCC[C@H](O)C=C[C@H]1O[C@H]2C[C@H](O2)[C@@H]1CC=C/CCCC(O)=O","NA","C02198","HMDB0001452","NA","NA","NA","NA","HMDB"
"20736","NA","O-Arachidonoyl Ethanolamine","Arachidonoyl ethanolamide (AEA) was the first endogenous cannabinoid to be isolated and characterized as an agonist acting on the same receptors (CB1 and CB2) as tetrahydrocannabinols (THC). ","Arachidonic acid-(2-aminoethyl)-ester; O-AEA; Virodhamine; O-Arachidonyl ethanol amineMeSH; HMDBO-Arachidonoyl ethanolamineMeSH","347.5347","NA","2-aminoethyl (5Z;8Z;11Z;14Z)-icosa-5;8;11;14-tetraenoate","CCCCCC=C/CC=C/CC=C/CC=C/CCCC(=O)OCCN","NA","NA","HMDB0013655","NA","NA","NA","NA","HMDB"
"20737","NA","D-Aspartic acid","D-Aspartic acid is the D-isomer of aspartic acid. Since its discovery in invertebrates; free D-aspartate (D-Asp) has been identified in a variety of organisms; including microorganisms; plants; and lower animals; mammals and humans. ","(R)-2-Aminobutanedioic acidChEBI(R)-2-Aminosuccinic acidChEBIAspartic acid D-formChEBID-AsparaginsaeureChEBIDASChEBI(R)-2-AminobutanedioateGenerator(R)-2-AminosuccinateGeneratorAspartate D-formGenerat","133.1027","NA","(2R)-2-aminobutanedioic acid","N[C@H](CC(O)=O)C(O)=O","NA","C00402","HMDB0006483","NA","NA","DB02655","NA","HMDB"
"20738","NA","Dopamine","Dopamine is a member of the catecholamine family of neurotransmitters in the brain and is a precursor to epinephrine (adrenaline) and norepinephrine (noradrenaline). Dopamine is synthesized in the body (mainly by nervous tissue and adrenal glands) first by the hydration of the amino acid tyrosine to","2-(3;4-Dihydroxyphenyl)ethylamineChEBI3;4-DihydroxyphenethylamineChEBI3-HydroxytyramineChEBI4-(2-Aminoethyl)-1;2-benzenediolChEBI4-(2-Aminoethyl)benzene-1;2-diolChEBI4-(2-Aminoethyl)catecholChEBI4-(2-","153.1784","NA","4-(2-aminoethyl)benzene-1;2-diol","NCCC1=CC(O)=C(O)C=C1","NA","C03758","HMDB0000073","128","535 mg/mL","DB00988","P21918;  P21917;  P21728;  P35462;  P14416;  P30729;  P25115;  Q8BLD9;  P51436","HMDB"
"20739","NA","Epinephrine","Epinephrine is a catecholamine; a sympathomimetic monoamine derived from the amino acids phenylalanine and tyrosine. It is the active sympathomimetic hormone secreted from the adrenal medulla in most species. It stimulates both the alpha- and beta- adrenergic systems; causes systemic vasoconstrictio","(-)-(R)-EpinephrineChEBI(-)-3;4-Dihydroxy-alpha-((methylamino)methyl)benzyl alcoholChEBI(-)-AdrenalineChEBI(R)-(-)-AdrenalineChEBI(R)-(-)-AdnephrineChEBI(R)-(-)-EpinephrineChEBI(R)-(-)-EpirenamineChEB","183.2044","NA","4-[(1R)-1-hydroxy-2-(methylamino)ethyl]benzene-1;2-diol","CNC[C@H](O)C1=CC(O)=C(O)C=C1","NA","C00788","HMDB0000068","211.5","0.18 mg/mL","DB00668","NA","HMDB"
"20740","NA","Histamine","Histamine is an amine derived by enzymatic decarboxylation of histidine. It is a powerful stimulant of gastric secretion; a constrictor of bronchial smooth muscle; a vasodilator; and also a centrally acting neurotransmitter. Histamine can be found in Photobacterium phosphoreum and Lactobacillus","1H-Imidazole-4-ethanamineChEBI2-(4-Imidazolyl)ethylamineChEBI2-(1H-Imidazol-4-yl)ethanamine; 2-(1H-Imidazol-4-yl)ethylamine; 2-(1H-Imidazol-5-yl)ethanamine; 2-(1H-Imidazol-5-yl)ethylamine; 2-(4-Imidaz","111.1451","NA","2-(1H-imidazol-4-yl)ethan-1-amine","NCCC1=CNC=N1","NA","C00388","HMDB0000870","86","NA","DB05381","P35367;  P25021;  Q9Y5N1;  P70174;  P30546;  P31390;  P58406;  Q9QYN8;  Q9H3N8;  P25102;  P97292","HMDB"
"20741","NA","L-Aspartic acid","Aspartic acid (Asp); also known as L-aspartic acid or as aspartate; the name of its anion; is an alpha-amino acid. These are amino acids in which the amino group is attached to the carbon atom immediately adjacent to the carboxylate group (alpha carbon). ","(S)-2-Aminobutanedioic acidChEBI(S)-2-Aminosuccinic acidChEBI2-Aminosuccinic acidChEBIAspChEBIASPARTIC ACIDChEBIDChEBIL-AsparaginsaeureChEBIL-AspKegg(S)-2-AminobutanedioateGenerator(S)-2-Aminosuccinat","133.1027","NA","(2S)-2-aminobutanedioic acid","N[C@@H](CC(O)=O)C(O)=O","NA","C00049","HMDB0000191","270","5.39 mg/mL","DB00128","NA","HMDB"
"20742","NA","L-Glutamic acid","Glutamic acid (Glu); also known as L-glutamic acid or as glutamate; the name of its anion; is an alpha-amino acid. These are amino acids in which the amino group is attached to the carbon atom immediately adjacent to the carboxylate group (alpha carbon). ","(S)-2-Aminopentanedioic acidChEBI(S)-Glutamic acidChEBIAcide glutamiqueChEBIAcido glutamicoChEBIAcidum glutamicumChEBIEChEBIGluChEBIGlutamateChEBIGLUTAMIC ACIDChEBIL-GluChEBIL-Glutaminic acidChEBIL-Gl","147.1293","NA","(2S)-2-aminopentanedioic acid","N[C@@H](CCC(O)=O)C(O)=O","NA","C00025","HMDB0000148","NA","8.57 mg/mL","DB00142","NA","HMDB"
"20743","NA","Melatonin","Melatonin is a biogenic amine that is found in animals; plants and microbes. Aaron B. Lerner of Yale University is credited for naming the hormone and for defining its chemical structure in 1958. In mammals; melatonin is produced by the pineal gland. The pineal gland is small endocrine gland; about ","5-Methoxy-N-acetyltryptamineChEBIMelatonineChEBIN-[2-(5-Methoxyindol-3-yl)ethyl]acetamideChEBIN-Acetyl-5-methoxytryptamineChEBIMelatoninaKeggCircadin; Melatol; Melatonin (synth.) standard-grade; Melat","232.2783","NA","N-[2-(5-methoxy-1H-indol-3-yl)ethyl]acetamide","COC1=CC2=C(NC=C2CCNC(C)=O)C=C1","NA","C01598","HMDB0001389","117","NA","DB01065","NA","HMDB"
"20744","NA","Norepinephrine","Norepinephrine is the precursor of epinephrine that is secreted by the adrenal medulla and is a widespread central and autonomic neurotransmitter. Norepinephrine is the principal transmitter of most postganglionic sympathetic fibers and of the diffuse projection system in the brain arising from the ","(-)-ArterenolChEBI(-)-NoradrenalineChEBI(-)-NorepinephrineChEBI(R)-(-)-NorepinephrineChEBI(R)-4-(2-amino-1-Hydroxyethyl)-1;2-benzenediolChEBI(R)-NorepinephrineChEBI4-[(1R)-2-amino-1-Hydroxyethyl]-1;2-","169.1778","NA","4-[(1R)-2-amino-1-hydroxyethyl]benzene-1;2-diol","NC[C@H](O)C1=CC(O)=C(O)C=C1","NA","C00547","HMDB0000216","145.2","849 mg/mL","DB00368","NA","HMDB"
"20745","NA","Serotonin","Serotonin or 5-hydroxytryptamine (5-HT) is a molecule that belongs to the class of compounds known as indoleamines. An indoleamine consists of an indole ring that bears an amino group or an alkyl amino group attached to the indole ring. Serotonin has an aminoethyl at position 2 and a hydroxyl group ","3-(2-Aminoethyl)-1H-indol-5-olChEBI5-HTChEBI5-HydroxytryptamineChEBIEnteramineChEBISerotonineChEBIThrombocytinChEBIThrombotoninChEBIHippophaine; Hydroxytryptamine; 5 Hydroxytryptamine; 3-(2-Aminoethyl","176.2151","NA","3-(2-aminoethyl)-1H-indol-5-ol","NCCC1=CNC2=C1C=C(O)C=C2","NA","C00780","HMDB0000259","NA","25.5 mg/mL","DB08839","NA","HMDB"
"20746","NA","Liothyronine","Liothyronine is a T3 thyroid hormone normally synthesized and secreted by the thyroid gland in much smaller quantities than thyroxine (T4). Most T3 is derived from peripheral monodeiodination of T4 at the 5' position of the outer ring of the iodothyronine nucleus. The hormone that is finally deliver","3;5;3'-Triiodo-L-thyronineChEBI3;5;3'-TriiodothyronineChEBI3;5;3'TRIIODOTHYRONINEChEBI4-(4-Hydroxy-3-iodophenoxy)-3;5-diiodo-L-phenylalanineChEBIL-3;5;3'-TriiodothyronineChEBIL-T3ChEBILiothyroninumChE","650.9735","NA","(2S)-2-amino-3-[4-(4-hydroxy-3-iodophenoxy)-3;5-diiodophenyl]propanoic acid","N[C@@H](CC1=CC(I)=C(OC2=CC(I)=C(O)C=C2)C(I)=C1)C(O)=O","NA","C02465","HMDB0000265","NA","NA","DB00279","NA","HMDB"
"20747","NA","Thyroxine","Thyroxine  or T4 is one of two major hormones derived from the thyroid gland; the other being triiodothyronine (T3). The major form of thyroid hormone in the blood is thyroxine (T4); which has a longer half-life than T3. In humans; the ratio of T4 to T3 released into the blood is approximately 14:1.","3;3';5;5'-Tetraiodo-L-thyronineChEBI3;5;3';5'-TETRAIODO-L-thyronineChEBI4-(4-Hydroxy-3;5-diiodophenoxy)-3;5-diiodo-L-phenylalanineChEBIL-T4ChEBILevothyroxinChEBILevothyroxineChEBILT4ChEBIO-(4-Hydroxy-","776.87","NA","(2S)-2-amino-3-[4-(4-hydroxy-3;5-diiodophenoxy)-3;5-diiodophenyl]propanoic acid","N[C@@H](CC1=CC(I)=C(OC2=CC(I)=C(O)C(I)=C2)C(I)=C1)C(O)=O","NA","C01829","HMDB0000248","235.5","NA","DB00451","NA","HMDB"
"20748","NA","Deoxycorticosterone","11-Deoxycorticosterone (also called desoxycortone; 21-hydroxyprogesterone; DOC; or simply deoxycorticosterone) is a steroid hormone produced by the adrenal gland that possesses mineralocorticoid activity and acts as a precursor to aldosterone. It is classified as a member of the 21-hydroxysteroids. ","21-Hydroxy-4-pregnene-3;20-dioneChEBI21-HydroxyprogesteroneChEBI4-Pregnen-21-ol-3;20-dioneChEBICortexoneChEBIDESOXYCORTICOSTERONEChEBIDesoxycortoneChEBIDOCChEBIKendall's desoxy compound bChEBIReichste","330.4611","NA","(1S;2R;10S;11S;14S;15S)-14-(2-hydroxyacetyl)-2;15-dimethyltetracyclo[8.7.0.0^{2;7}.0^{11;15}]heptadec-6-en-5-one","[H][C@@]12CC[C@H](C(=O)CO)[C@@]1(C)CC[C@@]1([H])[C@@]2([H])CCC2=CC(=O)CC[C@]12C","NA","C03205","HMDB0000016","141","0.06 mg/mL at 37 °C","NA","NA","HMDB"
"20749","NA","Calcitriol","Calcitriol; also known as rocaltrol or 1a;25(OH)2D3; belongs to the class of organic compounds known as vitamin d and derivatives. Vitamin D and derivatives are compounds containing a secosteroid backbone; usually secoergostane or secocholestane. Thus; calcitriol is considered to be a secosteroid li","(1alpha;3beta;5Z;7E)-9;10-Secocholesta-5;7;10(19)-triene-1;3;25-triolChEBI(1S;3R;5Z;7E)-9;10-Secocholesta-5;7;10-triene-1;3;25-triolChEBI(5Z;7E)-(1S;3R)-9;10-Secocholesta-5;7;10(19)-triene-1;3;25-trio","416.6365","NA","(1R;3S;5Z)-5-{2-[(1R;3aS;4E;7aR)-1-[(2R)-6-hydroxy-6-methylheptan-2-yl]-7a-methyl-octahydro-1H-inden-4-ylidene]ethylidene}-4-methylidenecyclohexane-1;3-diol","C[C@H](CCCC(C)(C)O)[C@@]1([H])CC[C@@]2([H])C(CCC[C@]12C)=CC=C1C[C@@H](O)C[C@H](O)C1=C","NA","C01673","HMDB0001903","113","NA","DB00136","NA","HMDB"
"20750","NA","Alfacalcidol","Alfacalcidol is an active metabolite of Vitamin D; which performs important functions in regulation of the calcium balance and the bone metabolism. Alfacalcidol is Vitamin D-hormone analog which is activated by the enzyme 25-hydroxylase in the liver for systemic and in osteoblasts for local D-hormon","(5Z;7E)-9;10-Seco-5;7;10(19)-cholestatrien-1alpha;3beta-diolChEBI1alpha-Hydroxy-vitamin D3ChEBI1alpha-HydroxycholecalciferolChEBI1alpha-Hydroxyvitamin D3ChEBI9;10-Secocholesta-5;7;10(19)-triene-1alpha","400.6371","NA","(1R;3S;5Z)-5-{2-[(1R;3aS;4E;7aR)-7a-methyl-1-[(2R)-6-methylheptan-2-yl]-octahydro-1H-inden-4-ylidene]ethylidene}-4-methylidenecyclohexane-1;3-diol","CC(C)CCC[C@@H](C)[C@@]1([H])CC[C@@]2([H])C(CCC[C@]12C)=CC=C1C[C@@H](O)C[C@H](O)C1=C","NA","NA","HMDB0015504","136","0.0016 g/L","DB01436","NA","HMDB"
"20751","NA","Prostaglandin J2","Prostaglandin J2 (PGJ2) is an endogenous product of inflammation in humans. It induces neuronal death and the accumulation of ubiquitinated proteins into distinct aggregates. It may play a role in neurodegenerative disorders inducing a chain of events that culminates in neuronal cell death. An alter","9-Deoxy-delta-9-PGD2ChEBI9-Deoxy-delta-9-prostaglandin D2ChEBIPGJ2ChEBI9-Deoxy-δ-9-PGD2Generator9-Deoxy-δ-9-prostaglandin D2Generator11-oxo-15S-Hydroxy-5Z;8Z;13E-prostatrienoate; 11-oxo-15S-Hydroxy-5Z","334.4498","NA","(5Z)-7-[(1S;5R)-5-[(1E;3S)-3-hydroxyoct-1-en-1-yl]-4-oxocyclopent-2-en-1-yl]hept-5-enoic acid","CCCCC[C@H](O)C=C[C@@H]1[C@@H](CC=C/CCCC(O)=O)C=CC1=O","NA","C05957","HMDB0002710","NA","NA","NA","NA","HMDB"
"20752","NA","Brassinolide","Brassinolide belongs to the class of organic compounds known as brassinolides and derivatives. These are cholestane based steroid lactones containing benzo[c]indeno[5,4-e]oxepin-3-one. Thus, brassinolide is considered to be a sterol.","24-Epibrassinolide; 2,3,22,23-Tetrahydroxy-24-methyl-b-homo-7-oxacholestan-6-one; 2alpha,3alpha,22alpha,23alpha-Tetrahydroxy-24alpha-methyl-b-homo-7-oxa-5alpha-cholestan-6-one; Brassinolide","480.6771","C28H48O6","(1S,2R,4R,5S,7S,11S,12S,15R,16S)-15-[(2S,3R,4R,5R)-3,4-dihydroxy-5,6-dimethylheptan-2-yl]-4,5-dihydroxy-2,16-dimethyl-9-oxatetracyclo[9.7.0.0²,⁷.0¹²,¹⁶]octadecan-8-one","[H][C@@]12CC[C@H]([C@H](C)[C@@H](O)[C@H](O)[C@H](C)C(C)C)[C@@]1(C)CC[C@@]1([H])[C@@]2([H])COC(=O)[C@@]2([H])C[C@H](O)[C@H](O)C[C@]12C","NA","C11049","HMDB0034081","274","0.034 g/L","NA","NA","HMDB"
